[0m02:31:18.688183 [debug] [MainThread]: Sending event: {'category': 'dbt', 'action': 'invocation', 'label': 'start', 'context': [<snowplow_tracker.self_describing_json.SelfDescribingJson object at 0x10a5051c0>, <snowplow_tracker.self_describing_json.SelfDescribingJson object at 0x10b582e80>, <snowplow_tracker.self_describing_json.SelfDescribingJson object at 0x10b5821c0>]}


============================== 02:31:18.691173 | 97c05cf6-891e-4526-88e1-0307bc84a9f5 ==============================
[0m02:31:18.691173 [info ] [MainThread]: Running with dbt=1.10.19
[0m02:31:18.691511 [debug] [MainThread]: running dbt with arguments {'profiles_dir': '.', 'invocation_command': 'dbt run -s test_model.sql --profiles-dir .', 'use_experimental_parser': 'False', 'introspect': 'True', 'log_path': '/Users/rajukaju/Projects/dbt_enpal_assessment/logs', 'static_parser': 'True', 'log_format': 'default', 'version_check': 'True', 'debug': 'False', 'write_json': 'True', 'cache_selected_only': 'False', 'indirect_selection': 'eager', 'no_print': 'None', 'target_path': 'None', 'quiet': 'False', 'send_anonymous_usage_stats': 'True', 'log_cache_events': 'False', 'empty': 'False', 'warn_error': 'None', 'warn_error_options': 'WarnErrorOptionsV2(error=[], warn=[], silence=[])', 'partial_parse': 'True', 'use_colors': 'True', 'printer_width': '80', 'fail_fast': 'False'}
[0m02:31:18.810083 [debug] [MainThread]: Sending event: {'category': 'dbt', 'action': 'project_id', 'label': '97c05cf6-891e-4526-88e1-0307bc84a9f5', 'context': [<snowplow_tracker.self_describing_json.SelfDescribingJson object at 0x108c581c0>]}
[0m02:31:18.846554 [debug] [MainThread]: Sending event: {'category': 'dbt', 'action': 'adapter_info', 'label': '97c05cf6-891e-4526-88e1-0307bc84a9f5', 'context': [<snowplow_tracker.self_describing_json.SelfDescribingJson object at 0x10ba51ca0>]}
[0m02:31:18.847280 [info ] [MainThread]: Registered adapter: postgres=1.9.1
[0m02:31:18.921953 [debug] [MainThread]: checksum: c35ba6d374a0901ceb00688d5179d5550885e1756283b03e5e81c28e0d8d2248, vars: {}, profile: , target: , version: 1.10.19
[0m02:31:18.982899 [info ] [MainThread]: Unable to do partial parsing because of a version mismatch
[0m02:31:18.983219 [debug] [MainThread]: Sending event: {'category': 'dbt', 'action': 'partial_parser', 'label': '97c05cf6-891e-4526-88e1-0307bc84a9f5', 'context': [<snowplow_tracker.self_describing_json.SelfDescribingJson object at 0x10adf65e0>]}
[0m02:31:19.687092 [debug] [MainThread]: Sending event: {'category': 'dbt', 'action': 'load_project', 'label': '97c05cf6-891e-4526-88e1-0307bc84a9f5', 'context': [<snowplow_tracker.self_describing_json.SelfDescribingJson object at 0x10c81e130>]}
[0m02:31:19.735192 [debug] [MainThread]: Wrote artifact WritableManifest to /Users/rajukaju/Projects/dbt_enpal_assessment/target/manifest.json
[0m02:31:19.736658 [debug] [MainThread]: Wrote artifact SemanticManifest to /Users/rajukaju/Projects/dbt_enpal_assessment/target/semantic_manifest.json
[0m02:31:19.750270 [debug] [MainThread]: Sending event: {'category': 'dbt', 'action': 'resource_counts', 'label': '97c05cf6-891e-4526-88e1-0307bc84a9f5', 'context': [<snowplow_tracker.self_describing_json.SelfDescribingJson object at 0x10c864eb0>]}
[0m02:31:19.750569 [info ] [MainThread]: Found 1 model, 1 source, 447 macros
[0m02:31:19.750757 [debug] [MainThread]: Sending event: {'category': 'dbt', 'action': 'runnable_timing', 'label': '97c05cf6-891e-4526-88e1-0307bc84a9f5', 'context': [<snowplow_tracker.self_describing_json.SelfDescribingJson object at 0x10c885130>]}
[0m02:31:19.751479 [info ] [MainThread]: 
[0m02:31:19.751663 [info ] [MainThread]: Concurrency: 1 threads (target='dev')
[0m02:31:19.751819 [info ] [MainThread]: 
[0m02:31:19.752085 [debug] [MainThread]: Acquiring new postgres connection 'master'
[0m02:31:19.752521 [debug] [ThreadPool]: Acquiring new postgres connection 'list_postgres'
[0m02:31:19.789221 [debug] [ThreadPool]: Using postgres connection "list_postgres"
[0m02:31:19.789485 [debug] [ThreadPool]: On list_postgres: /* {"app": "dbt", "dbt_version": "1.10.19", "profile_name": "enpal_assessment_project", "target_name": "dev", "connection_name": "list_postgres"} */

    select distinct nspname from pg_namespace
  
[0m02:31:19.789661 [debug] [ThreadPool]: Opening a new connection, currently in state init
[0m02:31:19.946643 [debug] [ThreadPool]: SQL status: SELECT 4 in 0.157 seconds
[0m02:31:19.948094 [debug] [ThreadPool]: On list_postgres: Close
[0m02:31:19.948856 [debug] [ThreadPool]: Re-using an available connection from the pool (formerly list_postgres, now create_postgres_public_pipedrive_analytics)
[0m02:31:19.949364 [debug] [ThreadPool]: Creating schema "database: "postgres"
schema: "public_pipedrive_analytics"
"
[0m02:31:19.956207 [debug] [ThreadPool]: Using postgres connection "create_postgres_public_pipedrive_analytics"
[0m02:31:19.956558 [debug] [ThreadPool]: On create_postgres_public_pipedrive_analytics: BEGIN
[0m02:31:19.956822 [debug] [ThreadPool]: Opening a new connection, currently in state closed
[0m02:31:19.968820 [debug] [ThreadPool]: SQL status: BEGIN in 0.012 seconds
[0m02:31:19.969162 [debug] [ThreadPool]: Using postgres connection "create_postgres_public_pipedrive_analytics"
[0m02:31:19.969428 [debug] [ThreadPool]: On create_postgres_public_pipedrive_analytics: /* {"app": "dbt", "dbt_version": "1.10.19", "profile_name": "enpal_assessment_project", "target_name": "dev", "connection_name": "create_postgres_public_pipedrive_analytics"} */
create schema if not exists "public_pipedrive_analytics"
[0m02:31:19.971896 [debug] [ThreadPool]: SQL status: CREATE SCHEMA in 0.002 seconds
[0m02:31:19.972725 [debug] [ThreadPool]: On create_postgres_public_pipedrive_analytics: COMMIT
[0m02:31:19.972998 [debug] [ThreadPool]: Using postgres connection "create_postgres_public_pipedrive_analytics"
[0m02:31:19.973234 [debug] [ThreadPool]: On create_postgres_public_pipedrive_analytics: COMMIT
[0m02:31:19.974544 [debug] [ThreadPool]: SQL status: COMMIT in 0.001 seconds
[0m02:31:19.974857 [debug] [ThreadPool]: On create_postgres_public_pipedrive_analytics: Close
[0m02:31:19.975758 [debug] [ThreadPool]: Re-using an available connection from the pool (formerly create_postgres_public_pipedrive_analytics, now list_postgres_public_pipedrive_analytics)
[0m02:31:19.982365 [debug] [ThreadPool]: Using postgres connection "list_postgres_public_pipedrive_analytics"
[0m02:31:19.982714 [debug] [ThreadPool]: On list_postgres_public_pipedrive_analytics: BEGIN
[0m02:31:19.982968 [debug] [ThreadPool]: Opening a new connection, currently in state closed
[0m02:31:19.993180 [debug] [ThreadPool]: SQL status: BEGIN in 0.010 seconds
[0m02:31:19.993552 [debug] [ThreadPool]: Using postgres connection "list_postgres_public_pipedrive_analytics"
[0m02:31:19.993876 [debug] [ThreadPool]: On list_postgres_public_pipedrive_analytics: /* {"app": "dbt", "dbt_version": "1.10.19", "profile_name": "enpal_assessment_project", "target_name": "dev", "connection_name": "list_postgres_public_pipedrive_analytics"} */
select
      'postgres' as database,
      tablename as name,
      schemaname as schema,
      'table' as type
    from pg_tables
    where schemaname ilike 'public_pipedrive_analytics'
    union all
    select
      'postgres' as database,
      viewname as name,
      schemaname as schema,
      'view' as type
    from pg_views
    where schemaname ilike 'public_pipedrive_analytics'
    union all
    select
      'postgres' as database,
      matviewname as name,
      schemaname as schema,
      'materialized_view' as type
    from pg_matviews
    where schemaname ilike 'public_pipedrive_analytics'
  
[0m02:31:19.998874 [debug] [ThreadPool]: SQL status: SELECT 0 in 0.005 seconds
[0m02:31:19.999851 [debug] [ThreadPool]: On list_postgres_public_pipedrive_analytics: ROLLBACK
[0m02:31:20.000442 [debug] [ThreadPool]: On list_postgres_public_pipedrive_analytics: Close
[0m02:31:20.004837 [debug] [MainThread]: Using postgres connection "master"
[0m02:31:20.005121 [debug] [MainThread]: On master: BEGIN
[0m02:31:20.005308 [debug] [MainThread]: Opening a new connection, currently in state init
[0m02:31:20.012499 [debug] [MainThread]: SQL status: BEGIN in 0.007 seconds
[0m02:31:20.012806 [debug] [MainThread]: Using postgres connection "master"
[0m02:31:20.013072 [debug] [MainThread]: On master: /* {"app": "dbt", "dbt_version": "1.10.19", "profile_name": "enpal_assessment_project", "target_name": "dev", "connection_name": "master"} */
select distinct
        dependent_namespace.nspname as dependent_schema,
        dependent_class.relname as dependent_name,
        referenced_namespace.nspname as referenced_schema,
        referenced_class.relname as referenced_name

    -- Query for views: views are entries in pg_class with an entry in pg_rewrite, but we avoid
    -- a seq scan on pg_rewrite by leveraging the fact there is an "internal" row in pg_depend for
    -- the view...
    from pg_class as dependent_class
    join pg_namespace as dependent_namespace on dependent_namespace.oid = dependent_class.relnamespace
    join pg_depend as dependent_depend on dependent_depend.refobjid = dependent_class.oid
        and dependent_depend.classid = 'pg_rewrite'::regclass
        and dependent_depend.refclassid = 'pg_class'::regclass
        and dependent_depend.deptype = 'i'

    -- ... and via pg_depend (that has a row per column, hence the need for "distinct" above, and
    -- making sure to exclude the internal row to avoid a view appearing to depend on itself)...
    join pg_depend as joining_depend on joining_depend.objid = dependent_depend.objid
        and joining_depend.classid = 'pg_rewrite'::regclass
        and joining_depend.refclassid = 'pg_class'::regclass
        and joining_depend.refobjid != dependent_depend.refobjid

    -- ... we can find the tables they query from in pg_class, but excluding system tables. Note we
    -- don't need need to exclude _dependent_ system tables, because they only query from other
    -- system tables, and so are automatically excluded by excluding _referenced_ system tables
    join pg_class as referenced_class on referenced_class.oid = joining_depend.refobjid
    join pg_namespace as referenced_namespace on referenced_namespace.oid = referenced_class.relnamespace
        and referenced_namespace.nspname != 'information_schema'
        and referenced_namespace.nspname not like 'pg\_%'

    order by
        dependent_schema, dependent_name, referenced_schema, referenced_name;
[0m02:31:20.017806 [debug] [MainThread]: SQL status: SELECT 0 in 0.004 seconds
[0m02:31:20.018651 [debug] [MainThread]: Sending event: {'category': 'dbt', 'action': 'runnable_timing', 'label': '97c05cf6-891e-4526-88e1-0307bc84a9f5', 'context': [<snowplow_tracker.self_describing_json.SelfDescribingJson object at 0x10cca8220>]}
[0m02:31:20.019029 [debug] [MainThread]: On master: ROLLBACK
[0m02:31:20.019966 [debug] [MainThread]: Using postgres connection "master"
[0m02:31:20.020228 [debug] [MainThread]: On master: BEGIN
[0m02:31:20.021465 [debug] [MainThread]: SQL status: BEGIN in 0.001 seconds
[0m02:31:20.021707 [debug] [MainThread]: On master: COMMIT
[0m02:31:20.021895 [debug] [MainThread]: Using postgres connection "master"
[0m02:31:20.022055 [debug] [MainThread]: On master: COMMIT
[0m02:31:20.022508 [debug] [MainThread]: SQL status: COMMIT in 0.000 seconds
[0m02:31:20.022726 [debug] [MainThread]: On master: Close
[0m02:31:20.025909 [debug] [Thread-1  ]: Began running node model.enpal_assessment_project.test_model
[0m02:31:20.026316 [info ] [Thread-1  ]: 1 of 1 START sql table model public_pipedrive_analytics.test_model ............. [RUN]
[0m02:31:20.026678 [debug] [Thread-1  ]: Re-using an available connection from the pool (formerly list_postgres_public_pipedrive_analytics, now model.enpal_assessment_project.test_model)
[0m02:31:20.026927 [debug] [Thread-1  ]: Began compiling node model.enpal_assessment_project.test_model
[0m02:31:20.033504 [debug] [Thread-1  ]: Writing injected SQL for node "model.enpal_assessment_project.test_model"
[0m02:31:20.034119 [debug] [Thread-1  ]: Began executing node model.enpal_assessment_project.test_model
[0m02:31:20.099785 [debug] [Thread-1  ]: Writing runtime sql for node "model.enpal_assessment_project.test_model"
[0m02:31:20.100356 [debug] [Thread-1  ]: Using postgres connection "model.enpal_assessment_project.test_model"
[0m02:31:20.100572 [debug] [Thread-1  ]: On model.enpal_assessment_project.test_model: BEGIN
[0m02:31:20.100767 [debug] [Thread-1  ]: Opening a new connection, currently in state closed
[0m02:31:20.112168 [debug] [Thread-1  ]: SQL status: BEGIN in 0.011 seconds
[0m02:31:20.112456 [debug] [Thread-1  ]: Using postgres connection "model.enpal_assessment_project.test_model"
[0m02:31:20.112668 [debug] [Thread-1  ]: On model.enpal_assessment_project.test_model: /* {"app": "dbt", "dbt_version": "1.10.19", "profile_name": "enpal_assessment_project", "target_name": "dev", "node_id": "model.enpal_assessment_project.test_model"} */

  
    

  create  table "postgres"."public_pipedrive_analytics"."test_model__dbt_tmp"
  
  
    as
  
  (
    SELECT *
FROM "postgres"."public"."activity"
  );
  
[0m02:31:20.127580 [debug] [Thread-1  ]: SQL status: SELECT 13737 in 0.015 seconds
[0m02:31:20.134548 [debug] [Thread-1  ]: Using postgres connection "model.enpal_assessment_project.test_model"
[0m02:31:20.134800 [debug] [Thread-1  ]: On model.enpal_assessment_project.test_model: /* {"app": "dbt", "dbt_version": "1.10.19", "profile_name": "enpal_assessment_project", "target_name": "dev", "node_id": "model.enpal_assessment_project.test_model"} */
alter table "postgres"."public_pipedrive_analytics"."test_model__dbt_tmp" rename to "test_model"
[0m02:31:20.135929 [debug] [Thread-1  ]: SQL status: ALTER TABLE in 0.001 seconds
[0m02:31:20.145911 [debug] [Thread-1  ]: On model.enpal_assessment_project.test_model: COMMIT
[0m02:31:20.146208 [debug] [Thread-1  ]: Using postgres connection "model.enpal_assessment_project.test_model"
[0m02:31:20.146412 [debug] [Thread-1  ]: On model.enpal_assessment_project.test_model: COMMIT
[0m02:31:20.148877 [debug] [Thread-1  ]: SQL status: COMMIT in 0.002 seconds
[0m02:31:20.153532 [debug] [Thread-1  ]: Applying DROP to: "postgres"."public_pipedrive_analytics"."test_model__dbt_backup"
[0m02:31:20.156445 [debug] [Thread-1  ]: Using postgres connection "model.enpal_assessment_project.test_model"
[0m02:31:20.156677 [debug] [Thread-1  ]: On model.enpal_assessment_project.test_model: /* {"app": "dbt", "dbt_version": "1.10.19", "profile_name": "enpal_assessment_project", "target_name": "dev", "node_id": "model.enpal_assessment_project.test_model"} */
drop table if exists "postgres"."public_pipedrive_analytics"."test_model__dbt_backup" cascade
[0m02:31:20.161538 [debug] [Thread-1  ]: SQL status: DROP TABLE in 0.005 seconds
[0m02:31:20.163389 [debug] [Thread-1  ]: On model.enpal_assessment_project.test_model: Close
[0m02:31:20.164791 [debug] [Thread-1  ]: Sending event: {'category': 'dbt', 'action': 'run_model', 'label': '97c05cf6-891e-4526-88e1-0307bc84a9f5', 'context': [<snowplow_tracker.self_describing_json.SelfDescribingJson object at 0x10ccd30a0>]}
[0m02:31:20.165480 [info ] [Thread-1  ]: 1 of 1 OK created sql table model public_pipedrive_analytics.test_model ........ [[32mSELECT 13737[0m in 0.14s]
[0m02:31:20.165921 [debug] [Thread-1  ]: Finished running node model.enpal_assessment_project.test_model
[0m02:31:20.166645 [debug] [MainThread]: Using postgres connection "master"
[0m02:31:20.166844 [debug] [MainThread]: On master: BEGIN
[0m02:31:20.167024 [debug] [MainThread]: Opening a new connection, currently in state closed
[0m02:31:20.174093 [debug] [MainThread]: SQL status: BEGIN in 0.007 seconds
[0m02:31:20.174378 [debug] [MainThread]: On master: COMMIT
[0m02:31:20.174553 [debug] [MainThread]: Using postgres connection "master"
[0m02:31:20.174708 [debug] [MainThread]: On master: COMMIT
[0m02:31:20.175095 [debug] [MainThread]: SQL status: COMMIT in 0.000 seconds
[0m02:31:20.175299 [debug] [MainThread]: On master: Close
[0m02:31:20.175589 [debug] [MainThread]: Connection 'master' was properly closed.
[0m02:31:20.175804 [debug] [MainThread]: Connection 'model.enpal_assessment_project.test_model' was properly closed.
[0m02:31:20.176025 [info ] [MainThread]: 
[0m02:31:20.176215 [info ] [MainThread]: Finished running 1 table model in 0 hours 0 minutes and 0.42 seconds (0.42s).
[0m02:31:20.176653 [debug] [MainThread]: Command end result
[0m02:31:20.191972 [debug] [MainThread]: Wrote artifact WritableManifest to /Users/rajukaju/Projects/dbt_enpal_assessment/target/manifest.json
[0m02:31:20.193174 [debug] [MainThread]: Wrote artifact SemanticManifest to /Users/rajukaju/Projects/dbt_enpal_assessment/target/semantic_manifest.json
[0m02:31:20.197336 [debug] [MainThread]: Wrote artifact RunExecutionResult to /Users/rajukaju/Projects/dbt_enpal_assessment/target/run_results.json
[0m02:31:20.197545 [info ] [MainThread]: 
[0m02:31:20.197777 [info ] [MainThread]: [32mCompleted successfully[0m
[0m02:31:20.197945 [info ] [MainThread]: 
[0m02:31:20.198132 [info ] [MainThread]: Done. PASS=1 WARN=0 ERROR=0 SKIP=0 NO-OP=0 TOTAL=1
[0m02:31:20.200058 [debug] [MainThread]: Resource report: {"command_name": "run", "command_success": true, "command_wall_clock_time": 1.5593345, "process_in_blocks": "0", "process_kernel_time": 0.237122, "process_mem_max_rss": "133038080", "process_out_blocks": "0", "process_user_time": 1.959597}
[0m02:31:20.200319 [debug] [MainThread]: Command `dbt run` succeeded at 02:31:20.200269 after 1.56 seconds
[0m02:31:20.200536 [debug] [MainThread]: Sending event: {'category': 'dbt', 'action': 'invocation', 'label': 'end', 'context': [<snowplow_tracker.self_describing_json.SelfDescribingJson object at 0x10a5051c0>, <snowplow_tracker.self_describing_json.SelfDescribingJson object at 0x1032d7490>, <snowplow_tracker.self_describing_json.SelfDescribingJson object at 0x10c88b730>]}
[0m02:31:20.200758 [debug] [MainThread]: Flushing usage events
[0m02:31:21.271530 [debug] [MainThread]: An error was encountered while trying to flush usage events
[0m02:32:57.950403 [debug] [MainThread]: Sending event: {'category': 'dbt', 'action': 'invocation', 'label': 'start', 'context': [<snowplow_tracker.self_describing_json.SelfDescribingJson object at 0x10b9e12b0>, <snowplow_tracker.self_describing_json.SelfDescribingJson object at 0x10ca5eee0>, <snowplow_tracker.self_describing_json.SelfDescribingJson object at 0x10ca5e220>]}


============================== 02:32:57.953209 | 386c6847-3d75-408e-b344-eca14bcb4968 ==============================
[0m02:32:57.953209 [info ] [MainThread]: Running with dbt=1.10.19
[0m02:32:57.953556 [debug] [MainThread]: running dbt with arguments {'static_parser': 'True', 'cache_selected_only': 'False', 'send_anonymous_usage_stats': 'True', 'printer_width': '80', 'log_path': '/Users/rajukaju/Projects/dbt_enpal_assessment/logs', 'warn_error_options': 'WarnErrorOptionsV2(error=[], warn=[], silence=[])', 'use_experimental_parser': 'False', 'warn_error': 'None', 'invocation_command': 'dbt run -s test_model', 'log_format': 'default', 'indirect_selection': 'eager', 'log_cache_events': 'False', 'quiet': 'False', 'fail_fast': 'False', 'empty': 'False', 'debug': 'False', 'no_print': 'None', 'profiles_dir': '/Users/rajukaju/Projects/dbt_enpal_assessment', 'target_path': 'None', 'version_check': 'True', 'write_json': 'True', 'partial_parse': 'True', 'introspect': 'True', 'use_colors': 'True'}
[0m02:32:58.070620 [debug] [MainThread]: Sending event: {'category': 'dbt', 'action': 'project_id', 'label': '386c6847-3d75-408e-b344-eca14bcb4968', 'context': [<snowplow_tracker.self_describing_json.SelfDescribingJson object at 0x10cf46a90>]}
[0m02:32:58.107253 [debug] [MainThread]: Sending event: {'category': 'dbt', 'action': 'adapter_info', 'label': '386c6847-3d75-408e-b344-eca14bcb4968', 'context': [<snowplow_tracker.self_describing_json.SelfDescribingJson object at 0x10ca02a30>]}
[0m02:32:58.108060 [info ] [MainThread]: Registered adapter: postgres=1.9.1
[0m02:32:58.178613 [debug] [MainThread]: checksum: c35ba6d374a0901ceb00688d5179d5550885e1756283b03e5e81c28e0d8d2248, vars: {}, profile: , target: , version: 1.10.19
[0m02:32:58.270568 [debug] [MainThread]: Partial parsing enabled: 0 files deleted, 0 files added, 0 files changed.
[0m02:32:58.270814 [debug] [MainThread]: Partial parsing enabled, no changes found, skipping parsing
[0m02:32:58.295444 [debug] [MainThread]: Sending event: {'category': 'dbt', 'action': 'load_project', 'label': '386c6847-3d75-408e-b344-eca14bcb4968', 'context': [<snowplow_tracker.self_describing_json.SelfDescribingJson object at 0x10da3a130>]}
[0m02:32:58.348622 [debug] [MainThread]: Wrote artifact WritableManifest to /Users/rajukaju/Projects/dbt_enpal_assessment/target/manifest.json
[0m02:32:58.350227 [debug] [MainThread]: Wrote artifact SemanticManifest to /Users/rajukaju/Projects/dbt_enpal_assessment/target/semantic_manifest.json
[0m02:32:58.362085 [debug] [MainThread]: Sending event: {'category': 'dbt', 'action': 'resource_counts', 'label': '386c6847-3d75-408e-b344-eca14bcb4968', 'context': [<snowplow_tracker.self_describing_json.SelfDescribingJson object at 0x10da63430>]}
[0m02:32:58.362386 [info ] [MainThread]: Found 1 model, 1 source, 447 macros
[0m02:32:58.362582 [debug] [MainThread]: Sending event: {'category': 'dbt', 'action': 'runnable_timing', 'label': '386c6847-3d75-408e-b344-eca14bcb4968', 'context': [<snowplow_tracker.self_describing_json.SelfDescribingJson object at 0x10da3a130>]}
[0m02:32:58.363191 [info ] [MainThread]: 
[0m02:32:58.363389 [info ] [MainThread]: Concurrency: 1 threads (target='dev')
[0m02:32:58.363546 [info ] [MainThread]: 
[0m02:32:58.363831 [debug] [MainThread]: Acquiring new postgres connection 'master'
[0m02:32:58.364306 [debug] [ThreadPool]: Acquiring new postgres connection 'list_postgres'
[0m02:32:58.428808 [debug] [ThreadPool]: Using postgres connection "list_postgres"
[0m02:32:58.429064 [debug] [ThreadPool]: On list_postgres: /* {"app": "dbt", "dbt_version": "1.10.19", "profile_name": "enpal_assessment_project", "target_name": "dev", "connection_name": "list_postgres"} */

    select distinct nspname from pg_namespace
  
[0m02:32:58.429220 [debug] [ThreadPool]: Opening a new connection, currently in state init
[0m02:32:58.466408 [debug] [ThreadPool]: SQL status: SELECT 5 in 0.037 seconds
[0m02:32:58.467245 [debug] [ThreadPool]: On list_postgres: Close
[0m02:32:58.467846 [debug] [ThreadPool]: Re-using an available connection from the pool (formerly list_postgres, now list_postgres_public_pipedrive_analytics)
[0m02:32:58.472017 [debug] [ThreadPool]: Using postgres connection "list_postgres_public_pipedrive_analytics"
[0m02:32:58.472204 [debug] [ThreadPool]: On list_postgres_public_pipedrive_analytics: BEGIN
[0m02:32:58.472356 [debug] [ThreadPool]: Opening a new connection, currently in state closed
[0m02:32:58.482613 [debug] [ThreadPool]: SQL status: BEGIN in 0.010 seconds
[0m02:32:58.482806 [debug] [ThreadPool]: Using postgres connection "list_postgres_public_pipedrive_analytics"
[0m02:32:58.482988 [debug] [ThreadPool]: On list_postgres_public_pipedrive_analytics: /* {"app": "dbt", "dbt_version": "1.10.19", "profile_name": "enpal_assessment_project", "target_name": "dev", "connection_name": "list_postgres_public_pipedrive_analytics"} */
select
      'postgres' as database,
      tablename as name,
      schemaname as schema,
      'table' as type
    from pg_tables
    where schemaname ilike 'public_pipedrive_analytics'
    union all
    select
      'postgres' as database,
      viewname as name,
      schemaname as schema,
      'view' as type
    from pg_views
    where schemaname ilike 'public_pipedrive_analytics'
    union all
    select
      'postgres' as database,
      matviewname as name,
      schemaname as schema,
      'materialized_view' as type
    from pg_matviews
    where schemaname ilike 'public_pipedrive_analytics'
  
[0m02:32:58.485217 [debug] [ThreadPool]: SQL status: SELECT 1 in 0.002 seconds
[0m02:32:58.485926 [debug] [ThreadPool]: On list_postgres_public_pipedrive_analytics: ROLLBACK
[0m02:32:58.486604 [debug] [ThreadPool]: On list_postgres_public_pipedrive_analytics: Close
[0m02:32:58.490018 [debug] [MainThread]: Using postgres connection "master"
[0m02:32:58.490240 [debug] [MainThread]: On master: BEGIN
[0m02:32:58.490429 [debug] [MainThread]: Opening a new connection, currently in state init
[0m02:32:58.499784 [debug] [MainThread]: SQL status: BEGIN in 0.009 seconds
[0m02:32:58.500034 [debug] [MainThread]: Using postgres connection "master"
[0m02:32:58.500298 [debug] [MainThread]: On master: /* {"app": "dbt", "dbt_version": "1.10.19", "profile_name": "enpal_assessment_project", "target_name": "dev", "connection_name": "master"} */
select distinct
        dependent_namespace.nspname as dependent_schema,
        dependent_class.relname as dependent_name,
        referenced_namespace.nspname as referenced_schema,
        referenced_class.relname as referenced_name

    -- Query for views: views are entries in pg_class with an entry in pg_rewrite, but we avoid
    -- a seq scan on pg_rewrite by leveraging the fact there is an "internal" row in pg_depend for
    -- the view...
    from pg_class as dependent_class
    join pg_namespace as dependent_namespace on dependent_namespace.oid = dependent_class.relnamespace
    join pg_depend as dependent_depend on dependent_depend.refobjid = dependent_class.oid
        and dependent_depend.classid = 'pg_rewrite'::regclass
        and dependent_depend.refclassid = 'pg_class'::regclass
        and dependent_depend.deptype = 'i'

    -- ... and via pg_depend (that has a row per column, hence the need for "distinct" above, and
    -- making sure to exclude the internal row to avoid a view appearing to depend on itself)...
    join pg_depend as joining_depend on joining_depend.objid = dependent_depend.objid
        and joining_depend.classid = 'pg_rewrite'::regclass
        and joining_depend.refclassid = 'pg_class'::regclass
        and joining_depend.refobjid != dependent_depend.refobjid

    -- ... we can find the tables they query from in pg_class, but excluding system tables. Note we
    -- don't need need to exclude _dependent_ system tables, because they only query from other
    -- system tables, and so are automatically excluded by excluding _referenced_ system tables
    join pg_class as referenced_class on referenced_class.oid = joining_depend.refobjid
    join pg_namespace as referenced_namespace on referenced_namespace.oid = referenced_class.relnamespace
        and referenced_namespace.nspname != 'information_schema'
        and referenced_namespace.nspname not like 'pg\_%'

    order by
        dependent_schema, dependent_name, referenced_schema, referenced_name;
[0m02:32:58.502757 [debug] [MainThread]: SQL status: SELECT 0 in 0.002 seconds
[0m02:32:58.503562 [debug] [MainThread]: Sending event: {'category': 'dbt', 'action': 'runnable_timing', 'label': '386c6847-3d75-408e-b344-eca14bcb4968', 'context': [<snowplow_tracker.self_describing_json.SelfDescribingJson object at 0x10da67670>]}
[0m02:32:58.503874 [debug] [MainThread]: On master: ROLLBACK
[0m02:32:58.504385 [debug] [MainThread]: Using postgres connection "master"
[0m02:32:58.504618 [debug] [MainThread]: On master: BEGIN
[0m02:32:58.505285 [debug] [MainThread]: SQL status: BEGIN in 0.000 seconds
[0m02:32:58.505477 [debug] [MainThread]: On master: COMMIT
[0m02:32:58.505662 [debug] [MainThread]: Using postgres connection "master"
[0m02:32:58.505836 [debug] [MainThread]: On master: COMMIT
[0m02:32:58.506533 [debug] [MainThread]: SQL status: COMMIT in 0.001 seconds
[0m02:32:58.506753 [debug] [MainThread]: On master: Close
[0m02:32:58.508277 [debug] [Thread-1  ]: Began running node model.enpal_assessment_project.test_model
[0m02:32:58.508629 [info ] [Thread-1  ]: 1 of 1 START sql table model public_pipedrive_analytics.test_model ............. [RUN]
[0m02:32:58.508920 [debug] [Thread-1  ]: Re-using an available connection from the pool (formerly list_postgres_public_pipedrive_analytics, now model.enpal_assessment_project.test_model)
[0m02:32:58.509153 [debug] [Thread-1  ]: Began compiling node model.enpal_assessment_project.test_model
[0m02:32:58.515668 [debug] [Thread-1  ]: Writing injected SQL for node "model.enpal_assessment_project.test_model"
[0m02:32:58.516128 [debug] [Thread-1  ]: Began executing node model.enpal_assessment_project.test_model
[0m02:32:58.545133 [debug] [Thread-1  ]: Writing runtime sql for node "model.enpal_assessment_project.test_model"
[0m02:32:58.545801 [debug] [Thread-1  ]: Using postgres connection "model.enpal_assessment_project.test_model"
[0m02:32:58.546005 [debug] [Thread-1  ]: On model.enpal_assessment_project.test_model: BEGIN
[0m02:32:58.546186 [debug] [Thread-1  ]: Opening a new connection, currently in state closed
[0m02:32:58.557461 [debug] [Thread-1  ]: SQL status: BEGIN in 0.011 seconds
[0m02:32:58.557690 [debug] [Thread-1  ]: Using postgres connection "model.enpal_assessment_project.test_model"
[0m02:32:58.557908 [debug] [Thread-1  ]: On model.enpal_assessment_project.test_model: /* {"app": "dbt", "dbt_version": "1.10.19", "profile_name": "enpal_assessment_project", "target_name": "dev", "node_id": "model.enpal_assessment_project.test_model"} */

  
    

  create  table "postgres"."public_pipedrive_analytics"."test_model__dbt_tmp"
  
  
    as
  
  (
    SELECT *
FROM "postgres"."public"."activity"
  );
  
[0m02:32:58.572563 [debug] [Thread-1  ]: SQL status: SELECT 13737 in 0.014 seconds
[0m02:32:58.580656 [debug] [Thread-1  ]: Using postgres connection "model.enpal_assessment_project.test_model"
[0m02:32:58.580927 [debug] [Thread-1  ]: On model.enpal_assessment_project.test_model: /* {"app": "dbt", "dbt_version": "1.10.19", "profile_name": "enpal_assessment_project", "target_name": "dev", "node_id": "model.enpal_assessment_project.test_model"} */
alter table "postgres"."public_pipedrive_analytics"."test_model" rename to "test_model__dbt_backup"
[0m02:32:58.581658 [debug] [Thread-1  ]: SQL status: ALTER TABLE in 0.000 seconds
[0m02:32:58.584096 [debug] [Thread-1  ]: Using postgres connection "model.enpal_assessment_project.test_model"
[0m02:32:58.584344 [debug] [Thread-1  ]: On model.enpal_assessment_project.test_model: /* {"app": "dbt", "dbt_version": "1.10.19", "profile_name": "enpal_assessment_project", "target_name": "dev", "node_id": "model.enpal_assessment_project.test_model"} */
alter table "postgres"."public_pipedrive_analytics"."test_model__dbt_tmp" rename to "test_model"
[0m02:32:58.585001 [debug] [Thread-1  ]: SQL status: ALTER TABLE in 0.000 seconds
[0m02:32:58.597126 [debug] [Thread-1  ]: On model.enpal_assessment_project.test_model: COMMIT
[0m02:32:58.597368 [debug] [Thread-1  ]: Using postgres connection "model.enpal_assessment_project.test_model"
[0m02:32:58.597578 [debug] [Thread-1  ]: On model.enpal_assessment_project.test_model: COMMIT
[0m02:32:58.599525 [debug] [Thread-1  ]: SQL status: COMMIT in 0.002 seconds
[0m02:32:58.604131 [debug] [Thread-1  ]: Applying DROP to: "postgres"."public_pipedrive_analytics"."test_model__dbt_backup"
[0m02:32:58.607083 [debug] [Thread-1  ]: Using postgres connection "model.enpal_assessment_project.test_model"
[0m02:32:58.607301 [debug] [Thread-1  ]: On model.enpal_assessment_project.test_model: /* {"app": "dbt", "dbt_version": "1.10.19", "profile_name": "enpal_assessment_project", "target_name": "dev", "node_id": "model.enpal_assessment_project.test_model"} */
drop table if exists "postgres"."public_pipedrive_analytics"."test_model__dbt_backup" cascade
[0m02:32:58.611129 [debug] [Thread-1  ]: SQL status: DROP TABLE in 0.004 seconds
[0m02:32:58.612790 [debug] [Thread-1  ]: On model.enpal_assessment_project.test_model: Close
[0m02:32:58.614159 [debug] [Thread-1  ]: Sending event: {'category': 'dbt', 'action': 'run_model', 'label': '386c6847-3d75-408e-b344-eca14bcb4968', 'context': [<snowplow_tracker.self_describing_json.SelfDescribingJson object at 0x10de926d0>]}
[0m02:32:58.614600 [info ] [Thread-1  ]: 1 of 1 OK created sql table model public_pipedrive_analytics.test_model ........ [[32mSELECT 13737[0m in 0.10s]
[0m02:32:58.614955 [debug] [Thread-1  ]: Finished running node model.enpal_assessment_project.test_model
[0m02:32:58.615583 [debug] [MainThread]: Using postgres connection "master"
[0m02:32:58.615779 [debug] [MainThread]: On master: BEGIN
[0m02:32:58.615951 [debug] [MainThread]: Opening a new connection, currently in state closed
[0m02:32:58.623891 [debug] [MainThread]: SQL status: BEGIN in 0.008 seconds
[0m02:32:58.624114 [debug] [MainThread]: On master: COMMIT
[0m02:32:58.624289 [debug] [MainThread]: Using postgres connection "master"
[0m02:32:58.624453 [debug] [MainThread]: On master: COMMIT
[0m02:32:58.624814 [debug] [MainThread]: SQL status: COMMIT in 0.000 seconds
[0m02:32:58.625001 [debug] [MainThread]: On master: Close
[0m02:32:58.625248 [debug] [MainThread]: Connection 'master' was properly closed.
[0m02:32:58.625412 [debug] [MainThread]: Connection 'model.enpal_assessment_project.test_model' was properly closed.
[0m02:32:58.625594 [info ] [MainThread]: 
[0m02:32:58.625790 [info ] [MainThread]: Finished running 1 table model in 0 hours 0 minutes and 0.26 seconds (0.26s).
[0m02:32:58.626231 [debug] [MainThread]: Command end result
[0m02:32:58.641920 [debug] [MainThread]: Wrote artifact WritableManifest to /Users/rajukaju/Projects/dbt_enpal_assessment/target/manifest.json
[0m02:32:58.642949 [debug] [MainThread]: Wrote artifact SemanticManifest to /Users/rajukaju/Projects/dbt_enpal_assessment/target/semantic_manifest.json
[0m02:32:58.647064 [debug] [MainThread]: Wrote artifact RunExecutionResult to /Users/rajukaju/Projects/dbt_enpal_assessment/target/run_results.json
[0m02:32:58.647239 [info ] [MainThread]: 
[0m02:32:58.647467 [info ] [MainThread]: [32mCompleted successfully[0m
[0m02:32:58.647636 [info ] [MainThread]: 
[0m02:32:58.647815 [info ] [MainThread]: Done. PASS=1 WARN=0 ERROR=0 SKIP=0 NO-OP=0 TOTAL=1
[0m02:32:58.649635 [debug] [MainThread]: Resource report: {"command_name": "run", "command_success": true, "command_wall_clock_time": 0.74644244, "process_in_blocks": "0", "process_kernel_time": 0.203321, "process_mem_max_rss": "125321216", "process_out_blocks": "0", "process_user_time": 1.292604}
[0m02:32:58.649881 [debug] [MainThread]: Command `dbt run` succeeded at 02:32:58.649831 after 0.75 seconds
[0m02:32:58.650095 [debug] [MainThread]: Sending event: {'category': 'dbt', 'action': 'invocation', 'label': 'end', 'context': [<snowplow_tracker.self_describing_json.SelfDescribingJson object at 0x10b9e12b0>, <snowplow_tracker.self_describing_json.SelfDescribingJson object at 0x10da63eb0>, <snowplow_tracker.self_describing_json.SelfDescribingJson object at 0x10a4c6eb0>]}
[0m02:32:58.650311 [debug] [MainThread]: Flushing usage events
[0m02:32:59.643400 [debug] [MainThread]: An error was encountered while trying to flush usage events
[0m00:35:36.387059 [debug] [MainThread]: Sending event: {'category': 'dbt', 'action': 'invocation', 'label': 'start', 'context': [<snowplow_tracker.self_describing_json.SelfDescribingJson object at 0x1083491f0>, <snowplow_tracker.self_describing_json.SelfDescribingJson object at 0x1093c7e20>, <snowplow_tracker.self_describing_json.SelfDescribingJson object at 0x1093c7220>]}


============================== 00:35:36.390250 | 48ced0df-473e-49d0-b02f-a7142aa7b473 ==============================
[0m00:35:36.390250 [info ] [MainThread]: Running with dbt=1.10.19
[0m00:35:36.390606 [debug] [MainThread]: running dbt with arguments {'debug': 'False', 'quiet': 'False', 'warn_error_options': 'WarnErrorOptionsV2(error=[], warn=[], silence=[])', 'version_check': 'True', 'use_colors': 'True', 'log_format': 'default', 'fail_fast': 'False', 'use_experimental_parser': 'False', 'write_json': 'True', 'log_cache_events': 'False', 'no_print': 'None', 'log_path': '/Users/rajukaju/Projects/dbt_enpal_assessment/logs', 'partial_parse': 'True', 'send_anonymous_usage_stats': 'True', 'warn_error': 'None', 'introspect': 'True', 'target_path': 'None', 'indirect_selection': 'eager', 'empty': 'False', 'cache_selected_only': 'False', 'static_parser': 'True', 'profiles_dir': '/Users/rajukaju/Projects/dbt_enpal_assessment', 'invocation_command': 'dbt run -s test_model', 'printer_width': '80'}
[0m00:35:36.871071 [debug] [MainThread]: Sending event: {'category': 'dbt', 'action': 'project_id', 'label': '48ced0df-473e-49d0-b02f-a7142aa7b473', 'context': [<snowplow_tracker.self_describing_json.SelfDescribingJson object at 0x106a9c220>]}
[0m00:35:36.907529 [debug] [MainThread]: Sending event: {'category': 'dbt', 'action': 'adapter_info', 'label': '48ced0df-473e-49d0-b02f-a7142aa7b473', 'context': [<snowplow_tracker.self_describing_json.SelfDescribingJson object at 0x10937eb80>]}
[0m00:35:36.908248 [info ] [MainThread]: Registered adapter: postgres=1.9.1
[0m00:35:36.980456 [debug] [MainThread]: checksum: c35ba6d374a0901ceb00688d5179d5550885e1756283b03e5e81c28e0d8d2248, vars: {}, profile: , target: , version: 1.10.19
[0m00:35:37.073034 [debug] [MainThread]: Partial parsing enabled: 0 files deleted, 0 files added, 0 files changed.
[0m00:35:37.073296 [debug] [MainThread]: Partial parsing enabled, no changes found, skipping parsing
[0m00:35:37.097941 [debug] [MainThread]: Sending event: {'category': 'dbt', 'action': 'load_project', 'label': '48ced0df-473e-49d0-b02f-a7142aa7b473', 'context': [<snowplow_tracker.self_describing_json.SelfDescribingJson object at 0x10a3a2130>]}
[0m00:35:37.151246 [debug] [MainThread]: Wrote artifact WritableManifest to /Users/rajukaju/Projects/dbt_enpal_assessment/target/manifest.json
[0m00:35:37.152746 [debug] [MainThread]: Wrote artifact SemanticManifest to /Users/rajukaju/Projects/dbt_enpal_assessment/target/semantic_manifest.json
[0m00:35:37.164652 [debug] [MainThread]: Sending event: {'category': 'dbt', 'action': 'resource_counts', 'label': '48ced0df-473e-49d0-b02f-a7142aa7b473', 'context': [<snowplow_tracker.self_describing_json.SelfDescribingJson object at 0x109a9e1c0>]}
[0m00:35:37.164947 [info ] [MainThread]: Found 1 model, 1 source, 447 macros
[0m00:35:37.165135 [debug] [MainThread]: Sending event: {'category': 'dbt', 'action': 'runnable_timing', 'label': '48ced0df-473e-49d0-b02f-a7142aa7b473', 'context': [<snowplow_tracker.self_describing_json.SelfDescribingJson object at 0x109adabe0>]}
[0m00:35:37.165745 [info ] [MainThread]: 
[0m00:35:37.165938 [info ] [MainThread]: Concurrency: 1 threads (target='dev')
[0m00:35:37.166094 [info ] [MainThread]: 
[0m00:35:37.166369 [debug] [MainThread]: Acquiring new postgres connection 'master'
[0m00:35:37.166855 [debug] [ThreadPool]: Acquiring new postgres connection 'list_postgres'
[0m00:35:37.241739 [debug] [ThreadPool]: Using postgres connection "list_postgres"
[0m00:35:37.241996 [debug] [ThreadPool]: On list_postgres: /* {"app": "dbt", "dbt_version": "1.10.19", "profile_name": "enpal_assessment_project", "target_name": "dev", "connection_name": "list_postgres"} */

    select distinct nspname from pg_namespace
  
[0m00:35:37.242156 [debug] [ThreadPool]: Opening a new connection, currently in state init
[0m00:35:37.398478 [debug] [ThreadPool]: SQL status: SELECT 5 in 0.156 seconds
[0m00:35:37.400133 [debug] [ThreadPool]: On list_postgres: Close
[0m00:35:37.401419 [debug] [ThreadPool]: Re-using an available connection from the pool (formerly list_postgres, now list_postgres_public_pipedrive_analytics)
[0m00:35:37.409706 [debug] [ThreadPool]: Using postgres connection "list_postgres_public_pipedrive_analytics"
[0m00:35:37.410129 [debug] [ThreadPool]: On list_postgres_public_pipedrive_analytics: BEGIN
[0m00:35:37.410414 [debug] [ThreadPool]: Opening a new connection, currently in state closed
[0m00:35:37.421663 [debug] [ThreadPool]: SQL status: BEGIN in 0.011 seconds
[0m00:35:37.422118 [debug] [ThreadPool]: Using postgres connection "list_postgres_public_pipedrive_analytics"
[0m00:35:37.422458 [debug] [ThreadPool]: On list_postgres_public_pipedrive_analytics: /* {"app": "dbt", "dbt_version": "1.10.19", "profile_name": "enpal_assessment_project", "target_name": "dev", "connection_name": "list_postgres_public_pipedrive_analytics"} */
select
      'postgres' as database,
      tablename as name,
      schemaname as schema,
      'table' as type
    from pg_tables
    where schemaname ilike 'public_pipedrive_analytics'
    union all
    select
      'postgres' as database,
      viewname as name,
      schemaname as schema,
      'view' as type
    from pg_views
    where schemaname ilike 'public_pipedrive_analytics'
    union all
    select
      'postgres' as database,
      matviewname as name,
      schemaname as schema,
      'materialized_view' as type
    from pg_matviews
    where schemaname ilike 'public_pipedrive_analytics'
  
[0m00:35:37.430559 [debug] [ThreadPool]: SQL status: SELECT 1 in 0.008 seconds
[0m00:35:37.431976 [debug] [ThreadPool]: On list_postgres_public_pipedrive_analytics: ROLLBACK
[0m00:35:37.432943 [debug] [ThreadPool]: On list_postgres_public_pipedrive_analytics: Close
[0m00:35:37.438840 [debug] [MainThread]: Using postgres connection "master"
[0m00:35:37.439253 [debug] [MainThread]: On master: BEGIN
[0m00:35:37.439503 [debug] [MainThread]: Opening a new connection, currently in state init
[0m00:35:37.450053 [debug] [MainThread]: SQL status: BEGIN in 0.010 seconds
[0m00:35:37.450467 [debug] [MainThread]: Using postgres connection "master"
[0m00:35:37.450820 [debug] [MainThread]: On master: /* {"app": "dbt", "dbt_version": "1.10.19", "profile_name": "enpal_assessment_project", "target_name": "dev", "connection_name": "master"} */
select distinct
        dependent_namespace.nspname as dependent_schema,
        dependent_class.relname as dependent_name,
        referenced_namespace.nspname as referenced_schema,
        referenced_class.relname as referenced_name

    -- Query for views: views are entries in pg_class with an entry in pg_rewrite, but we avoid
    -- a seq scan on pg_rewrite by leveraging the fact there is an "internal" row in pg_depend for
    -- the view...
    from pg_class as dependent_class
    join pg_namespace as dependent_namespace on dependent_namespace.oid = dependent_class.relnamespace
    join pg_depend as dependent_depend on dependent_depend.refobjid = dependent_class.oid
        and dependent_depend.classid = 'pg_rewrite'::regclass
        and dependent_depend.refclassid = 'pg_class'::regclass
        and dependent_depend.deptype = 'i'

    -- ... and via pg_depend (that has a row per column, hence the need for "distinct" above, and
    -- making sure to exclude the internal row to avoid a view appearing to depend on itself)...
    join pg_depend as joining_depend on joining_depend.objid = dependent_depend.objid
        and joining_depend.classid = 'pg_rewrite'::regclass
        and joining_depend.refclassid = 'pg_class'::regclass
        and joining_depend.refobjid != dependent_depend.refobjid

    -- ... we can find the tables they query from in pg_class, but excluding system tables. Note we
    -- don't need need to exclude _dependent_ system tables, because they only query from other
    -- system tables, and so are automatically excluded by excluding _referenced_ system tables
    join pg_class as referenced_class on referenced_class.oid = joining_depend.refobjid
    join pg_namespace as referenced_namespace on referenced_namespace.oid = referenced_class.relnamespace
        and referenced_namespace.nspname != 'information_schema'
        and referenced_namespace.nspname not like 'pg\_%'

    order by
        dependent_schema, dependent_name, referenced_schema, referenced_name;
[0m00:35:37.458597 [debug] [MainThread]: SQL status: SELECT 0 in 0.007 seconds
[0m00:35:37.459679 [debug] [MainThread]: Sending event: {'category': 'dbt', 'action': 'runnable_timing', 'label': '48ced0df-473e-49d0-b02f-a7142aa7b473', 'context': [<snowplow_tracker.self_describing_json.SelfDescribingJson object at 0x10a3cb970>]}
[0m00:35:37.460053 [debug] [MainThread]: On master: ROLLBACK
[0m00:35:37.460731 [debug] [MainThread]: Using postgres connection "master"
[0m00:35:37.461148 [debug] [MainThread]: On master: BEGIN
[0m00:35:37.462269 [debug] [MainThread]: SQL status: BEGIN in 0.001 seconds
[0m00:35:37.462588 [debug] [MainThread]: On master: COMMIT
[0m00:35:37.463099 [debug] [MainThread]: Using postgres connection "master"
[0m00:35:37.463382 [debug] [MainThread]: On master: COMMIT
[0m00:35:37.464130 [debug] [MainThread]: SQL status: COMMIT in 0.000 seconds
[0m00:35:37.464508 [debug] [MainThread]: On master: Close
[0m00:35:37.468561 [debug] [Thread-1  ]: Began running node model.enpal_assessment_project.test_model
[0m00:35:37.469067 [info ] [Thread-1  ]: 1 of 1 START sql table model public_pipedrive_analytics.test_model ............. [RUN]
[0m00:35:37.469414 [debug] [Thread-1  ]: Re-using an available connection from the pool (formerly list_postgres_public_pipedrive_analytics, now model.enpal_assessment_project.test_model)
[0m00:35:37.470212 [debug] [Thread-1  ]: Began compiling node model.enpal_assessment_project.test_model
[0m00:35:37.578465 [debug] [Thread-1  ]: Writing injected SQL for node "model.enpal_assessment_project.test_model"
[0m00:35:37.579144 [debug] [Thread-1  ]: Began executing node model.enpal_assessment_project.test_model
[0m00:35:37.622468 [debug] [Thread-1  ]: Writing runtime sql for node "model.enpal_assessment_project.test_model"
[0m00:35:37.623218 [debug] [Thread-1  ]: Using postgres connection "model.enpal_assessment_project.test_model"
[0m00:35:37.623436 [debug] [Thread-1  ]: On model.enpal_assessment_project.test_model: BEGIN
[0m00:35:37.623628 [debug] [Thread-1  ]: Opening a new connection, currently in state closed
[0m00:35:37.637786 [debug] [Thread-1  ]: SQL status: BEGIN in 0.014 seconds
[0m00:35:37.638119 [debug] [Thread-1  ]: Using postgres connection "model.enpal_assessment_project.test_model"
[0m00:35:37.638333 [debug] [Thread-1  ]: On model.enpal_assessment_project.test_model: /* {"app": "dbt", "dbt_version": "1.10.19", "profile_name": "enpal_assessment_project", "target_name": "dev", "node_id": "model.enpal_assessment_project.test_model"} */

  
    

  create  table "postgres"."public_pipedrive_analytics"."test_model__dbt_tmp"
  
  
    as
  
  (
    SELECT *
FROM "postgres"."public"."activity"
  );
  
[0m00:35:37.649811 [debug] [Thread-1  ]: SQL status: SELECT 4579 in 0.011 seconds
[0m00:35:37.657334 [debug] [Thread-1  ]: Using postgres connection "model.enpal_assessment_project.test_model"
[0m00:35:37.657635 [debug] [Thread-1  ]: On model.enpal_assessment_project.test_model: /* {"app": "dbt", "dbt_version": "1.10.19", "profile_name": "enpal_assessment_project", "target_name": "dev", "node_id": "model.enpal_assessment_project.test_model"} */
alter table "postgres"."public_pipedrive_analytics"."test_model" rename to "test_model__dbt_backup"
[0m00:35:37.659110 [debug] [Thread-1  ]: SQL status: ALTER TABLE in 0.001 seconds
[0m00:35:37.661377 [debug] [Thread-1  ]: Using postgres connection "model.enpal_assessment_project.test_model"
[0m00:35:37.661593 [debug] [Thread-1  ]: On model.enpal_assessment_project.test_model: /* {"app": "dbt", "dbt_version": "1.10.19", "profile_name": "enpal_assessment_project", "target_name": "dev", "node_id": "model.enpal_assessment_project.test_model"} */
alter table "postgres"."public_pipedrive_analytics"."test_model__dbt_tmp" rename to "test_model"
[0m00:35:37.662271 [debug] [Thread-1  ]: SQL status: ALTER TABLE in 0.000 seconds
[0m00:35:37.673437 [debug] [Thread-1  ]: On model.enpal_assessment_project.test_model: COMMIT
[0m00:35:37.673754 [debug] [Thread-1  ]: Using postgres connection "model.enpal_assessment_project.test_model"
[0m00:35:37.673952 [debug] [Thread-1  ]: On model.enpal_assessment_project.test_model: COMMIT
[0m00:35:37.677464 [debug] [Thread-1  ]: SQL status: COMMIT in 0.003 seconds
[0m00:35:37.681910 [debug] [Thread-1  ]: Applying DROP to: "postgres"."public_pipedrive_analytics"."test_model__dbt_backup"
[0m00:35:37.684795 [debug] [Thread-1  ]: Using postgres connection "model.enpal_assessment_project.test_model"
[0m00:35:37.685036 [debug] [Thread-1  ]: On model.enpal_assessment_project.test_model: /* {"app": "dbt", "dbt_version": "1.10.19", "profile_name": "enpal_assessment_project", "target_name": "dev", "node_id": "model.enpal_assessment_project.test_model"} */
drop table if exists "postgres"."public_pipedrive_analytics"."test_model__dbt_backup" cascade
[0m00:35:37.690878 [debug] [Thread-1  ]: SQL status: DROP TABLE in 0.006 seconds
[0m00:35:37.692541 [debug] [Thread-1  ]: On model.enpal_assessment_project.test_model: Close
[0m00:35:37.693899 [debug] [Thread-1  ]: Sending event: {'category': 'dbt', 'action': 'run_model', 'label': '48ced0df-473e-49d0-b02f-a7142aa7b473', 'context': [<snowplow_tracker.self_describing_json.SelfDescribingJson object at 0x10a8835b0>]}
[0m00:35:37.694349 [info ] [Thread-1  ]: 1 of 1 OK created sql table model public_pipedrive_analytics.test_model ........ [[32mSELECT 4579[0m in 0.22s]
[0m00:35:37.694679 [debug] [Thread-1  ]: Finished running node model.enpal_assessment_project.test_model
[0m00:35:37.695272 [debug] [MainThread]: Using postgres connection "master"
[0m00:35:37.695448 [debug] [MainThread]: On master: BEGIN
[0m00:35:37.695602 [debug] [MainThread]: Opening a new connection, currently in state closed
[0m00:35:37.702491 [debug] [MainThread]: SQL status: BEGIN in 0.007 seconds
[0m00:35:37.702763 [debug] [MainThread]: On master: COMMIT
[0m00:35:37.702957 [debug] [MainThread]: Using postgres connection "master"
[0m00:35:37.703131 [debug] [MainThread]: On master: COMMIT
[0m00:35:37.703550 [debug] [MainThread]: SQL status: COMMIT in 0.000 seconds
[0m00:35:37.703748 [debug] [MainThread]: On master: Close
[0m00:35:37.704008 [debug] [MainThread]: Connection 'master' was properly closed.
[0m00:35:37.704176 [debug] [MainThread]: Connection 'model.enpal_assessment_project.test_model' was properly closed.
[0m00:35:37.704359 [info ] [MainThread]: 
[0m00:35:37.704549 [info ] [MainThread]: Finished running 1 table model in 0 hours 0 minutes and 0.54 seconds (0.54s).
[0m00:35:37.704972 [debug] [MainThread]: Command end result
[0m00:35:37.720793 [debug] [MainThread]: Wrote artifact WritableManifest to /Users/rajukaju/Projects/dbt_enpal_assessment/target/manifest.json
[0m00:35:37.721952 [debug] [MainThread]: Wrote artifact SemanticManifest to /Users/rajukaju/Projects/dbt_enpal_assessment/target/semantic_manifest.json
[0m00:35:37.726053 [debug] [MainThread]: Wrote artifact RunExecutionResult to /Users/rajukaju/Projects/dbt_enpal_assessment/target/run_results.json
[0m00:35:37.726233 [info ] [MainThread]: 
[0m00:35:37.726466 [info ] [MainThread]: [32mCompleted successfully[0m
[0m00:35:37.726636 [info ] [MainThread]: 
[0m00:35:37.726819 [info ] [MainThread]: Done. PASS=1 WARN=0 ERROR=0 SKIP=0 NO-OP=0 TOTAL=1
[0m00:35:37.729771 [debug] [MainThread]: Resource report: {"command_name": "run", "command_success": true, "command_wall_clock_time": 1.396349, "process_in_blocks": "0", "process_kernel_time": 0.300478, "process_mem_max_rss": "123387904", "process_out_blocks": "0", "process_user_time": 1.399012}
[0m00:35:37.730059 [debug] [MainThread]: Command `dbt run` succeeded at 00:35:37.730004 after 1.40 seconds
[0m00:35:37.730300 [debug] [MainThread]: Sending event: {'category': 'dbt', 'action': 'invocation', 'label': 'end', 'context': [<snowplow_tracker.self_describing_json.SelfDescribingJson object at 0x1083491f0>, <snowplow_tracker.self_describing_json.SelfDescribingJson object at 0x10847e580>, <snowplow_tracker.self_describing_json.SelfDescribingJson object at 0x109896610>]}
[0m00:35:37.730529 [debug] [MainThread]: Flushing usage events
[0m00:35:38.665784 [debug] [MainThread]: An error was encountered while trying to flush usage events
[0m01:04:26.857532 [debug] [MainThread]: Sending event: {'category': 'dbt', 'action': 'invocation', 'label': 'start', 'context': [<snowplow_tracker.self_describing_json.SelfDescribingJson object at 0x10a0ad2b0>, <snowplow_tracker.self_describing_json.SelfDescribingJson object at 0x10b12aee0>, <snowplow_tracker.self_describing_json.SelfDescribingJson object at 0x10b12a220>]}


============================== 01:04:26.860470 | 67c9b8fc-7e1b-4b7d-ae51-9f4a02a0866a ==============================
[0m01:04:26.860470 [info ] [MainThread]: Running with dbt=1.10.19
[0m01:04:26.860816 [debug] [MainThread]: running dbt with arguments {'log_path': '/Users/rajukaju/Projects/dbt_enpal_assessment/logs', 'version_check': 'True', 'no_print': 'None', 'write_json': 'True', 'log_cache_events': 'False', 'warn_error_options': 'WarnErrorOptionsV2(error=[], warn=[], silence=[])', 'use_experimental_parser': 'False', 'send_anonymous_usage_stats': 'True', 'printer_width': '80', 'empty': 'False', 'target_path': 'None', 'debug': 'False', 'use_colors': 'True', 'quiet': 'False', 'cache_selected_only': 'False', 'static_parser': 'True', 'indirect_selection': 'eager', 'profiles_dir': '/Users/rajukaju/Projects/dbt_enpal_assessment', 'fail_fast': 'False', 'partial_parse': 'True', 'log_format': 'default', 'warn_error': 'None', 'invocation_command': 'dbt run -s activity.sql', 'introspect': 'True'}
[0m01:04:26.979040 [debug] [MainThread]: Sending event: {'category': 'dbt', 'action': 'project_id', 'label': '67c9b8fc-7e1b-4b7d-ae51-9f4a02a0866a', 'context': [<snowplow_tracker.self_describing_json.SelfDescribingJson object at 0x10b612a90>]}
[0m01:04:27.015643 [debug] [MainThread]: Sending event: {'category': 'dbt', 'action': 'adapter_info', 'label': '67c9b8fc-7e1b-4b7d-ae51-9f4a02a0866a', 'context': [<snowplow_tracker.self_describing_json.SelfDescribingJson object at 0x10b0cea30>]}
[0m01:04:27.016380 [info ] [MainThread]: Registered adapter: postgres=1.9.1
[0m01:04:27.088729 [debug] [MainThread]: checksum: c35ba6d374a0901ceb00688d5179d5550885e1756283b03e5e81c28e0d8d2248, vars: {}, profile: , target: , version: 1.10.19
[0m01:04:27.181344 [debug] [MainThread]: Partial parsing enabled: 1 files deleted, 1 files added, 0 files changed.
[0m01:04:27.181675 [debug] [MainThread]: Partial parsing: added file: enpal_assessment_project://models/bronze_raw/activity.sql
[0m01:04:27.181842 [debug] [MainThread]: Partial parsing: deleted file: enpal_assessment_project://models/test_model.sql
[0m01:04:27.338868 [debug] [MainThread]: Sending event: {'category': 'dbt', 'action': 'load_project', 'label': '67c9b8fc-7e1b-4b7d-ae51-9f4a02a0866a', 'context': [<snowplow_tracker.self_describing_json.SelfDescribingJson object at 0x10c2df130>]}
[0m01:04:27.417313 [debug] [MainThread]: Wrote artifact WritableManifest to /Users/rajukaju/Projects/dbt_enpal_assessment/target/manifest.json
[0m01:04:27.418539 [debug] [MainThread]: Wrote artifact SemanticManifest to /Users/rajukaju/Projects/dbt_enpal_assessment/target/semantic_manifest.json
[0m01:04:27.429906 [debug] [MainThread]: Sending event: {'category': 'dbt', 'action': 'resource_counts', 'label': '67c9b8fc-7e1b-4b7d-ae51-9f4a02a0866a', 'context': [<snowplow_tracker.self_describing_json.SelfDescribingJson object at 0x10c0cf1f0>]}
[0m01:04:27.430198 [info ] [MainThread]: Found 1 model, 1 source, 447 macros
[0m01:04:27.430395 [debug] [MainThread]: Sending event: {'category': 'dbt', 'action': 'runnable_timing', 'label': '67c9b8fc-7e1b-4b7d-ae51-9f4a02a0866a', 'context': [<snowplow_tracker.self_describing_json.SelfDescribingJson object at 0x10bf28640>]}
[0m01:04:27.431065 [warn ] [MainThread]: Nothing to do. Try checking your model configs and model specification args
[0m01:04:27.431371 [debug] [MainThread]: Command end result
[0m01:04:27.444088 [debug] [MainThread]: Wrote artifact WritableManifest to /Users/rajukaju/Projects/dbt_enpal_assessment/target/manifest.json
[0m01:04:27.445019 [debug] [MainThread]: Wrote artifact SemanticManifest to /Users/rajukaju/Projects/dbt_enpal_assessment/target/semantic_manifest.json
[0m01:04:27.446997 [debug] [MainThread]: Wrote artifact RunExecutionResult to /Users/rajukaju/Projects/dbt_enpal_assessment/target/run_results.json
[0m01:04:27.449091 [debug] [MainThread]: Resource report: {"command_name": "run", "command_success": true, "command_wall_clock_time": 0.64028955, "process_in_blocks": "0", "process_kernel_time": 0.209006, "process_mem_max_rss": "114753536", "process_out_blocks": "0", "process_user_time": 1.291721}
[0m01:04:27.449321 [debug] [MainThread]: Command `dbt run` succeeded at 01:04:27.449274 after 0.64 seconds
[0m01:04:27.449516 [debug] [MainThread]: Sending event: {'category': 'dbt', 'action': 'invocation', 'label': 'end', 'context': [<snowplow_tracker.self_describing_json.SelfDescribingJson object at 0x10a0ad2b0>, <snowplow_tracker.self_describing_json.SelfDescribingJson object at 0x10a9bfaf0>, <snowplow_tracker.self_describing_json.SelfDescribingJson object at 0x10b0b8070>]}
[0m01:04:27.449712 [debug] [MainThread]: Flushing usage events
[0m01:04:28.719160 [debug] [MainThread]: An error was encountered while trying to flush usage events
[0m01:13:05.580495 [debug] [MainThread]: Sending event: {'category': 'dbt', 'action': 'invocation', 'label': 'start', 'context': [<snowplow_tracker.self_describing_json.SelfDescribingJson object at 0x107dfd250>, <snowplow_tracker.self_describing_json.SelfDescribingJson object at 0x108e7bf10>, <snowplow_tracker.self_describing_json.SelfDescribingJson object at 0x108e7b190>]}


============================== 01:13:05.583574 | b3937104-c4d7-4afa-9dbd-29e991ce95b3 ==============================
[0m01:13:05.583574 [info ] [MainThread]: Running with dbt=1.10.19
[0m01:13:05.583941 [debug] [MainThread]: running dbt with arguments {'debug': 'False', 'invocation_command': 'dbt run -s model/bronze_raw/activity.sql', 'static_parser': 'True', 'no_print': 'None', 'fail_fast': 'False', 'cache_selected_only': 'False', 'printer_width': '80', 'indirect_selection': 'eager', 'send_anonymous_usage_stats': 'True', 'partial_parse': 'True', 'quiet': 'False', 'introspect': 'True', 'warn_error': 'None', 'write_json': 'True', 'log_cache_events': 'False', 'warn_error_options': 'WarnErrorOptionsV2(error=[], warn=[], silence=[])', 'use_experimental_parser': 'False', 'log_path': '/Users/rajukaju/Projects/dbt_enpal_assessment/logs', 'use_colors': 'True', 'profiles_dir': '/Users/rajukaju/Projects/dbt_enpal_assessment', 'version_check': 'True', 'log_format': 'default', 'target_path': 'None', 'empty': 'False'}
[0m01:13:05.703862 [debug] [MainThread]: Sending event: {'category': 'dbt', 'action': 'project_id', 'label': 'b3937104-c4d7-4afa-9dbd-29e991ce95b3', 'context': [<snowplow_tracker.self_describing_json.SelfDescribingJson object at 0x10654e8b0>]}
[0m01:13:05.740378 [debug] [MainThread]: Sending event: {'category': 'dbt', 'action': 'adapter_info', 'label': 'b3937104-c4d7-4afa-9dbd-29e991ce95b3', 'context': [<snowplow_tracker.self_describing_json.SelfDescribingJson object at 0x108e564c0>]}
[0m01:13:05.741163 [info ] [MainThread]: Registered adapter: postgres=1.9.1
[0m01:13:05.813449 [debug] [MainThread]: checksum: c35ba6d374a0901ceb00688d5179d5550885e1756283b03e5e81c28e0d8d2248, vars: {}, profile: , target: , version: 1.10.19
[0m01:13:05.905975 [debug] [MainThread]: Partial parsing enabled: 0 files deleted, 0 files added, 0 files changed.
[0m01:13:05.906216 [debug] [MainThread]: Partial parsing enabled, no changes found, skipping parsing
[0m01:13:05.930845 [debug] [MainThread]: Sending event: {'category': 'dbt', 'action': 'load_project', 'label': 'b3937104-c4d7-4afa-9dbd-29e991ce95b3', 'context': [<snowplow_tracker.self_describing_json.SelfDescribingJson object at 0x109e55130>]}
[0m01:13:05.983837 [debug] [MainThread]: Wrote artifact WritableManifest to /Users/rajukaju/Projects/dbt_enpal_assessment/target/manifest.json
[0m01:13:05.985375 [debug] [MainThread]: Wrote artifact SemanticManifest to /Users/rajukaju/Projects/dbt_enpal_assessment/target/semantic_manifest.json
[0m01:13:05.996698 [debug] [MainThread]: Sending event: {'category': 'dbt', 'action': 'resource_counts', 'label': 'b3937104-c4d7-4afa-9dbd-29e991ce95b3', 'context': [<snowplow_tracker.self_describing_json.SelfDescribingJson object at 0x109e219d0>]}
[0m01:13:05.996995 [info ] [MainThread]: Found 1 model, 1 source, 447 macros
[0m01:13:05.997192 [debug] [MainThread]: Sending event: {'category': 'dbt', 'action': 'runnable_timing', 'label': 'b3937104-c4d7-4afa-9dbd-29e991ce95b3', 'context': [<snowplow_tracker.self_describing_json.SelfDescribingJson object at 0x109e55e80>]}
[0m01:13:05.997578 [warn ] [MainThread]: The selection criterion 'model/bronze_raw/activity.sql' does not match any enabled nodes
[0m01:13:05.998052 [warn ] [MainThread]: Nothing to do. Try checking your model configs and model specification args
[0m01:13:05.999222 [debug] [MainThread]: Command end result
[0m01:13:06.012006 [debug] [MainThread]: Wrote artifact WritableManifest to /Users/rajukaju/Projects/dbt_enpal_assessment/target/manifest.json
[0m01:13:06.012941 [debug] [MainThread]: Wrote artifact SemanticManifest to /Users/rajukaju/Projects/dbt_enpal_assessment/target/semantic_manifest.json
[0m01:13:06.015069 [debug] [MainThread]: Wrote artifact RunExecutionResult to /Users/rajukaju/Projects/dbt_enpal_assessment/target/run_results.json
[0m01:13:06.016990 [debug] [MainThread]: Resource report: {"command_name": "run", "command_success": true, "command_wall_clock_time": 0.48484775, "process_in_blocks": "0", "process_kernel_time": 0.202513, "process_mem_max_rss": "110886912", "process_out_blocks": "0", "process_user_time": 1.131997}
[0m01:13:06.017231 [debug] [MainThread]: Command `dbt run` succeeded at 01:13:06.017182 after 0.49 seconds
[0m01:13:06.017433 [debug] [MainThread]: Sending event: {'category': 'dbt', 'action': 'invocation', 'label': 'end', 'context': [<snowplow_tracker.self_describing_json.SelfDescribingJson object at 0x107dfd250>, <snowplow_tracker.self_describing_json.SelfDescribingJson object at 0x108e564c0>, <snowplow_tracker.self_describing_json.SelfDescribingJson object at 0x109e21220>]}
[0m01:13:06.017629 [debug] [MainThread]: Flushing usage events
[0m01:13:07.914028 [debug] [MainThread]: An error was encountered while trying to flush usage events
[0m01:24:49.505416 [debug] [MainThread]: Sending event: {'category': 'dbt', 'action': 'invocation', 'label': 'start', 'context': [<snowplow_tracker.self_describing_json.SelfDescribingJson object at 0x10a57d250>, <snowplow_tracker.self_describing_json.SelfDescribingJson object at 0x10b5fbf10>, <snowplow_tracker.self_describing_json.SelfDescribingJson object at 0x10b5fb190>]}


============================== 01:24:49.508624 | f4962765-7edd-4db1-bb75-2e23405bbf20 ==============================
[0m01:24:49.508624 [info ] [MainThread]: Running with dbt=1.10.19
[0m01:24:49.508993 [debug] [MainThread]: running dbt with arguments {'fail_fast': 'False', 'printer_width': '80', 'no_print': 'None', 'debug': 'False', 'invocation_command': 'dbt run -s activity.sql', 'empty': 'False', 'use_experimental_parser': 'False', 'write_json': 'True', 'log_path': '/Users/rajukaju/Projects/dbt_enpal_assessment/logs', 'quiet': 'False', 'warn_error_options': 'WarnErrorOptionsV2(error=[], warn=[], silence=[])', 'static_parser': 'True', 'indirect_selection': 'eager', 'version_check': 'True', 'log_format': 'default', 'use_colors': 'True', 'partial_parse': 'True', 'warn_error': 'None', 'log_cache_events': 'False', 'cache_selected_only': 'False', 'target_path': 'None', 'profiles_dir': '/Users/rajukaju/Projects/dbt_enpal_assessment', 'send_anonymous_usage_stats': 'True', 'introspect': 'True'}
[0m01:24:49.627798 [debug] [MainThread]: Sending event: {'category': 'dbt', 'action': 'project_id', 'label': 'f4962765-7edd-4db1-bb75-2e23405bbf20', 'context': [<snowplow_tracker.self_describing_json.SelfDescribingJson object at 0x108cd08b0>]}
[0m01:24:49.664560 [debug] [MainThread]: Sending event: {'category': 'dbt', 'action': 'adapter_info', 'label': 'f4962765-7edd-4db1-bb75-2e23405bbf20', 'context': [<snowplow_tracker.self_describing_json.SelfDescribingJson object at 0x10b5d64c0>]}
[0m01:24:49.665392 [info ] [MainThread]: Registered adapter: postgres=1.9.1
[0m01:24:49.736421 [debug] [MainThread]: checksum: c35ba6d374a0901ceb00688d5179d5550885e1756283b03e5e81c28e0d8d2248, vars: {}, profile: , target: , version: 1.10.19
[0m01:24:49.827969 [debug] [MainThread]: Partial parsing enabled: 0 files deleted, 0 files added, 1 files changed.
[0m01:24:49.828329 [debug] [MainThread]: Partial parsing: updated file: enpal_assessment_project://models/bronze_raw/activity.sql
[0m01:24:49.986022 [debug] [MainThread]: Sending event: {'category': 'dbt', 'action': 'load_project', 'label': 'f4962765-7edd-4db1-bb75-2e23405bbf20', 'context': [<snowplow_tracker.self_describing_json.SelfDescribingJson object at 0x10c7af130>]}
[0m01:24:50.066396 [debug] [MainThread]: Wrote artifact WritableManifest to /Users/rajukaju/Projects/dbt_enpal_assessment/target/manifest.json
[0m01:24:50.067780 [debug] [MainThread]: Wrote artifact SemanticManifest to /Users/rajukaju/Projects/dbt_enpal_assessment/target/semantic_manifest.json
[0m01:24:50.078488 [debug] [MainThread]: Sending event: {'category': 'dbt', 'action': 'resource_counts', 'label': 'f4962765-7edd-4db1-bb75-2e23405bbf20', 'context': [<snowplow_tracker.self_describing_json.SelfDescribingJson object at 0x10c5a1be0>]}
[0m01:24:50.078777 [info ] [MainThread]: Found 1 model, 1 source, 447 macros
[0m01:24:50.078963 [debug] [MainThread]: Sending event: {'category': 'dbt', 'action': 'runnable_timing', 'label': 'f4962765-7edd-4db1-bb75-2e23405bbf20', 'context': [<snowplow_tracker.self_describing_json.SelfDescribingJson object at 0x10c5cca30>]}
[0m01:24:50.079668 [info ] [MainThread]: 
[0m01:24:50.079862 [info ] [MainThread]: Concurrency: 1 threads (target='dev')
[0m01:24:50.080020 [info ] [MainThread]: 
[0m01:24:50.080287 [debug] [MainThread]: Acquiring new postgres connection 'master'
[0m01:24:50.080734 [debug] [ThreadPool]: Acquiring new postgres connection 'list_postgres'
[0m01:24:50.117737 [debug] [ThreadPool]: Using postgres connection "list_postgres"
[0m01:24:50.117993 [debug] [ThreadPool]: On list_postgres: /* {"app": "dbt", "dbt_version": "1.10.19", "profile_name": "enpal_assessment_project", "target_name": "dev", "connection_name": "list_postgres"} */

    select distinct nspname from pg_namespace
  
[0m01:24:50.118149 [debug] [ThreadPool]: Opening a new connection, currently in state init
[0m01:24:50.322519 [debug] [ThreadPool]: SQL status: SELECT 5 in 0.204 seconds
[0m01:24:50.324373 [debug] [ThreadPool]: On list_postgres: Close
[0m01:24:50.325420 [debug] [ThreadPool]: Re-using an available connection from the pool (formerly list_postgres, now list_postgres_public_pipedrive_analytics)
[0m01:24:50.333879 [debug] [ThreadPool]: Using postgres connection "list_postgres_public_pipedrive_analytics"
[0m01:24:50.334276 [debug] [ThreadPool]: On list_postgres_public_pipedrive_analytics: BEGIN
[0m01:24:50.334600 [debug] [ThreadPool]: Opening a new connection, currently in state closed
[0m01:24:50.348143 [debug] [ThreadPool]: SQL status: BEGIN in 0.013 seconds
[0m01:24:50.348540 [debug] [ThreadPool]: Using postgres connection "list_postgres_public_pipedrive_analytics"
[0m01:24:50.348870 [debug] [ThreadPool]: On list_postgres_public_pipedrive_analytics: /* {"app": "dbt", "dbt_version": "1.10.19", "profile_name": "enpal_assessment_project", "target_name": "dev", "connection_name": "list_postgres_public_pipedrive_analytics"} */
select
      'postgres' as database,
      tablename as name,
      schemaname as schema,
      'table' as type
    from pg_tables
    where schemaname ilike 'public_pipedrive_analytics'
    union all
    select
      'postgres' as database,
      viewname as name,
      schemaname as schema,
      'view' as type
    from pg_views
    where schemaname ilike 'public_pipedrive_analytics'
    union all
    select
      'postgres' as database,
      matviewname as name,
      schemaname as schema,
      'materialized_view' as type
    from pg_matviews
    where schemaname ilike 'public_pipedrive_analytics'
  
[0m01:24:50.354446 [debug] [ThreadPool]: SQL status: SELECT 1 in 0.005 seconds
[0m01:24:50.355932 [debug] [ThreadPool]: On list_postgres_public_pipedrive_analytics: ROLLBACK
[0m01:24:50.356800 [debug] [ThreadPool]: On list_postgres_public_pipedrive_analytics: Close
[0m01:24:50.362817 [debug] [MainThread]: Using postgres connection "master"
[0m01:24:50.363227 [debug] [MainThread]: On master: BEGIN
[0m01:24:50.363613 [debug] [MainThread]: Opening a new connection, currently in state init
[0m01:24:50.376050 [debug] [MainThread]: SQL status: BEGIN in 0.012 seconds
[0m01:24:50.376567 [debug] [MainThread]: Using postgres connection "master"
[0m01:24:50.376970 [debug] [MainThread]: On master: /* {"app": "dbt", "dbt_version": "1.10.19", "profile_name": "enpal_assessment_project", "target_name": "dev", "connection_name": "master"} */
select distinct
        dependent_namespace.nspname as dependent_schema,
        dependent_class.relname as dependent_name,
        referenced_namespace.nspname as referenced_schema,
        referenced_class.relname as referenced_name

    -- Query for views: views are entries in pg_class with an entry in pg_rewrite, but we avoid
    -- a seq scan on pg_rewrite by leveraging the fact there is an "internal" row in pg_depend for
    -- the view...
    from pg_class as dependent_class
    join pg_namespace as dependent_namespace on dependent_namespace.oid = dependent_class.relnamespace
    join pg_depend as dependent_depend on dependent_depend.refobjid = dependent_class.oid
        and dependent_depend.classid = 'pg_rewrite'::regclass
        and dependent_depend.refclassid = 'pg_class'::regclass
        and dependent_depend.deptype = 'i'

    -- ... and via pg_depend (that has a row per column, hence the need for "distinct" above, and
    -- making sure to exclude the internal row to avoid a view appearing to depend on itself)...
    join pg_depend as joining_depend on joining_depend.objid = dependent_depend.objid
        and joining_depend.classid = 'pg_rewrite'::regclass
        and joining_depend.refclassid = 'pg_class'::regclass
        and joining_depend.refobjid != dependent_depend.refobjid

    -- ... we can find the tables they query from in pg_class, but excluding system tables. Note we
    -- don't need need to exclude _dependent_ system tables, because they only query from other
    -- system tables, and so are automatically excluded by excluding _referenced_ system tables
    join pg_class as referenced_class on referenced_class.oid = joining_depend.refobjid
    join pg_namespace as referenced_namespace on referenced_namespace.oid = referenced_class.relnamespace
        and referenced_namespace.nspname != 'information_schema'
        and referenced_namespace.nspname not like 'pg\_%'

    order by
        dependent_schema, dependent_name, referenced_schema, referenced_name;
[0m01:24:50.380281 [debug] [MainThread]: SQL status: SELECT 0 in 0.003 seconds
[0m01:24:50.381361 [debug] [MainThread]: Sending event: {'category': 'dbt', 'action': 'runnable_timing', 'label': 'f4962765-7edd-4db1-bb75-2e23405bbf20', 'context': [<snowplow_tracker.self_describing_json.SelfDescribingJson object at 0x10bade370>]}
[0m01:24:50.381842 [debug] [MainThread]: On master: ROLLBACK
[0m01:24:50.382555 [debug] [MainThread]: Using postgres connection "master"
[0m01:24:50.382818 [debug] [MainThread]: On master: BEGIN
[0m01:24:50.383961 [debug] [MainThread]: SQL status: BEGIN in 0.001 seconds
[0m01:24:50.384233 [debug] [MainThread]: On master: COMMIT
[0m01:24:50.384496 [debug] [MainThread]: Using postgres connection "master"
[0m01:24:50.384707 [debug] [MainThread]: On master: COMMIT
[0m01:24:50.385179 [debug] [MainThread]: SQL status: COMMIT in 0.000 seconds
[0m01:24:50.385418 [debug] [MainThread]: On master: Close
[0m01:24:50.388181 [debug] [Thread-1  ]: Began running node model.enpal_assessment_project.activity
[0m01:24:50.388786 [info ] [Thread-1  ]: 1 of 1 START sql table model public_pipedrive_analytics.activity ............... [RUN]
[0m01:24:50.389340 [debug] [Thread-1  ]: Re-using an available connection from the pool (formerly list_postgres_public_pipedrive_analytics, now model.enpal_assessment_project.activity)
[0m01:24:50.389610 [debug] [Thread-1  ]: Began compiling node model.enpal_assessment_project.activity
[0m01:24:50.398785 [debug] [Thread-1  ]: Writing injected SQL for node "model.enpal_assessment_project.activity"
[0m01:24:50.399638 [debug] [Thread-1  ]: Began executing node model.enpal_assessment_project.activity
[0m01:24:50.457473 [debug] [Thread-1  ]: Writing runtime sql for node "model.enpal_assessment_project.activity"
[0m01:24:50.458392 [debug] [Thread-1  ]: Using postgres connection "model.enpal_assessment_project.activity"
[0m01:24:50.458664 [debug] [Thread-1  ]: On model.enpal_assessment_project.activity: BEGIN
[0m01:24:50.458893 [debug] [Thread-1  ]: Opening a new connection, currently in state closed
[0m01:24:50.476360 [debug] [Thread-1  ]: SQL status: BEGIN in 0.017 seconds
[0m01:24:50.476704 [debug] [Thread-1  ]: Using postgres connection "model.enpal_assessment_project.activity"
[0m01:24:50.476931 [debug] [Thread-1  ]: On model.enpal_assessment_project.activity: /* {"app": "dbt", "dbt_version": "1.10.19", "profile_name": "enpal_assessment_project", "target_name": "dev", "node_id": "model.enpal_assessment_project.activity"} */

  
    

  create  table "postgres"."public_pipedrive_analytics"."activity__dbt_tmp"
  
  
    as
  
  (
    select
    activity_id, 
    type,  
    assigned_to_user, 
    deal_id, 
    done, 
    due_to 
from postgres.public.activity 
-- FROM  POSTGRES.PUBLIC.ACTIVITY;
  );
  
[0m01:24:50.483938 [debug] [Thread-1  ]: SQL status: SELECT 4579 in 0.007 seconds
[0m01:24:50.493096 [debug] [Thread-1  ]: Using postgres connection "model.enpal_assessment_project.activity"
[0m01:24:50.493386 [debug] [Thread-1  ]: On model.enpal_assessment_project.activity: /* {"app": "dbt", "dbt_version": "1.10.19", "profile_name": "enpal_assessment_project", "target_name": "dev", "node_id": "model.enpal_assessment_project.activity"} */
alter table "postgres"."public_pipedrive_analytics"."activity__dbt_tmp" rename to "activity"
[0m01:24:50.494254 [debug] [Thread-1  ]: SQL status: ALTER TABLE in 0.001 seconds
[0m01:24:50.504115 [debug] [Thread-1  ]: On model.enpal_assessment_project.activity: COMMIT
[0m01:24:50.504414 [debug] [Thread-1  ]: Using postgres connection "model.enpal_assessment_project.activity"
[0m01:24:50.504608 [debug] [Thread-1  ]: On model.enpal_assessment_project.activity: COMMIT
[0m01:24:50.506392 [debug] [Thread-1  ]: SQL status: COMMIT in 0.002 seconds
[0m01:24:50.511003 [debug] [Thread-1  ]: Applying DROP to: "postgres"."public_pipedrive_analytics"."activity__dbt_backup"
[0m01:24:50.513825 [debug] [Thread-1  ]: Using postgres connection "model.enpal_assessment_project.activity"
[0m01:24:50.514068 [debug] [Thread-1  ]: On model.enpal_assessment_project.activity: /* {"app": "dbt", "dbt_version": "1.10.19", "profile_name": "enpal_assessment_project", "target_name": "dev", "node_id": "model.enpal_assessment_project.activity"} */
drop table if exists "postgres"."public_pipedrive_analytics"."activity__dbt_backup" cascade
[0m01:24:50.518392 [debug] [Thread-1  ]: SQL status: DROP TABLE in 0.004 seconds
[0m01:24:50.520017 [debug] [Thread-1  ]: On model.enpal_assessment_project.activity: Close
[0m01:24:50.521452 [debug] [Thread-1  ]: Sending event: {'category': 'dbt', 'action': 'run_model', 'label': 'f4962765-7edd-4db1-bb75-2e23405bbf20', 'context': [<snowplow_tracker.self_describing_json.SelfDescribingJson object at 0x10ca10d90>]}
[0m01:24:50.522120 [info ] [Thread-1  ]: 1 of 1 OK created sql table model public_pipedrive_analytics.activity .......... [[32mSELECT 4579[0m in 0.13s]
[0m01:24:50.523582 [debug] [Thread-1  ]: Finished running node model.enpal_assessment_project.activity
[0m01:24:50.524722 [debug] [MainThread]: Using postgres connection "master"
[0m01:24:50.525044 [debug] [MainThread]: On master: BEGIN
[0m01:24:50.525229 [debug] [MainThread]: Opening a new connection, currently in state closed
[0m01:24:50.533322 [debug] [MainThread]: SQL status: BEGIN in 0.008 seconds
[0m01:24:50.533605 [debug] [MainThread]: On master: COMMIT
[0m01:24:50.533771 [debug] [MainThread]: Using postgres connection "master"
[0m01:24:50.533920 [debug] [MainThread]: On master: COMMIT
[0m01:24:50.534356 [debug] [MainThread]: SQL status: COMMIT in 0.000 seconds
[0m01:24:50.534537 [debug] [MainThread]: On master: Close
[0m01:24:50.534808 [debug] [MainThread]: Connection 'master' was properly closed.
[0m01:24:50.534971 [debug] [MainThread]: Connection 'model.enpal_assessment_project.activity' was properly closed.
[0m01:24:50.535147 [info ] [MainThread]: 
[0m01:24:50.535337 [info ] [MainThread]: Finished running 1 table model in 0 hours 0 minutes and 0.45 seconds (0.45s).
[0m01:24:50.535808 [debug] [MainThread]: Command end result
[0m01:24:50.551225 [debug] [MainThread]: Wrote artifact WritableManifest to /Users/rajukaju/Projects/dbt_enpal_assessment/target/manifest.json
[0m01:24:50.552425 [debug] [MainThread]: Wrote artifact SemanticManifest to /Users/rajukaju/Projects/dbt_enpal_assessment/target/semantic_manifest.json
[0m01:24:50.556581 [debug] [MainThread]: Wrote artifact RunExecutionResult to /Users/rajukaju/Projects/dbt_enpal_assessment/target/run_results.json
[0m01:24:50.556808 [info ] [MainThread]: 
[0m01:24:50.557046 [info ] [MainThread]: [32mCompleted successfully[0m
[0m01:24:50.557217 [info ] [MainThread]: 
[0m01:24:50.557407 [info ] [MainThread]: Done. PASS=1 WARN=0 ERROR=0 SKIP=0 NO-OP=0 TOTAL=1
[0m01:24:50.559560 [debug] [MainThread]: Resource report: {"command_name": "run", "command_success": true, "command_wall_clock_time": 1.1029196, "process_in_blocks": "0", "process_kernel_time": 0.250566, "process_mem_max_rss": "126812160", "process_out_blocks": "0", "process_user_time": 1.442914}
[0m01:24:50.559800 [debug] [MainThread]: Command `dbt run` succeeded at 01:24:50.559751 after 1.10 seconds
[0m01:24:50.560012 [debug] [MainThread]: Sending event: {'category': 'dbt', 'action': 'invocation', 'label': 'end', 'context': [<snowplow_tracker.self_describing_json.SelfDescribingJson object at 0x10a57d250>, <snowplow_tracker.self_describing_json.SelfDescribingJson object at 0x10bb0f8e0>, <snowplow_tracker.self_describing_json.SelfDescribingJson object at 0x10c5a1b50>]}
[0m01:24:50.560225 [debug] [MainThread]: Flushing usage events
[0m01:24:51.435339 [debug] [MainThread]: An error was encountered while trying to flush usage events
[0m01:26:35.425391 [debug] [MainThread]: Sending event: {'category': 'dbt', 'action': 'invocation', 'label': 'start', 'context': [<snowplow_tracker.self_describing_json.SelfDescribingJson object at 0x10a87d1f0>, <snowplow_tracker.self_describing_json.SelfDescribingJson object at 0x10b8fbe20>, <snowplow_tracker.self_describing_json.SelfDescribingJson object at 0x10b8fb220>]}


============================== 01:26:35.428590 | 341e237a-749a-46b3-a3f2-94e51c7b2d8a ==============================
[0m01:26:35.428590 [info ] [MainThread]: Running with dbt=1.10.19
[0m01:26:35.428957 [debug] [MainThread]: running dbt with arguments {'fail_fast': 'False', 'no_print': 'None', 'debug': 'False', 'cache_selected_only': 'False', 'profiles_dir': '/Users/rajukaju/Projects/dbt_enpal_assessment', 'write_json': 'True', 'log_format': 'default', 'use_experimental_parser': 'False', 'quiet': 'False', 'use_colors': 'True', 'indirect_selection': 'eager', 'empty': 'False', 'partial_parse': 'True', 'version_check': 'True', 'static_parser': 'True', 'log_path': '/Users/rajukaju/Projects/dbt_enpal_assessment/logs', 'send_anonymous_usage_stats': 'True', 'introspect': 'True', 'target_path': 'None', 'warn_error': 'None', 'printer_width': '80', 'log_cache_events': 'False', 'invocation_command': 'dbt run -s activity.sql', 'warn_error_options': 'WarnErrorOptionsV2(error=[], warn=[], silence=[])'}
[0m01:26:35.546150 [debug] [MainThread]: Sending event: {'category': 'dbt', 'action': 'project_id', 'label': '341e237a-749a-46b3-a3f2-94e51c7b2d8a', 'context': [<snowplow_tracker.self_describing_json.SelfDescribingJson object at 0x108fd0220>]}
[0m01:26:35.582675 [debug] [MainThread]: Sending event: {'category': 'dbt', 'action': 'adapter_info', 'label': '341e237a-749a-46b3-a3f2-94e51c7b2d8a', 'context': [<snowplow_tracker.self_describing_json.SelfDescribingJson object at 0x10b8b2b80>]}
[0m01:26:35.583403 [info ] [MainThread]: Registered adapter: postgres=1.9.1
[0m01:26:35.658282 [debug] [MainThread]: checksum: c35ba6d374a0901ceb00688d5179d5550885e1756283b03e5e81c28e0d8d2248, vars: {}, profile: , target: , version: 1.10.19
[0m01:26:35.751062 [debug] [MainThread]: Partial parsing enabled: 0 files deleted, 0 files added, 0 files changed.
[0m01:26:35.751305 [debug] [MainThread]: Partial parsing enabled, no changes found, skipping parsing
[0m01:26:35.775974 [debug] [MainThread]: Sending event: {'category': 'dbt', 'action': 'load_project', 'label': '341e237a-749a-46b3-a3f2-94e51c7b2d8a', 'context': [<snowplow_tracker.self_describing_json.SelfDescribingJson object at 0x10c8d6130>]}
[0m01:26:35.829077 [debug] [MainThread]: Wrote artifact WritableManifest to /Users/rajukaju/Projects/dbt_enpal_assessment/target/manifest.json
[0m01:26:35.830609 [debug] [MainThread]: Wrote artifact SemanticManifest to /Users/rajukaju/Projects/dbt_enpal_assessment/target/semantic_manifest.json
[0m01:26:35.842010 [debug] [MainThread]: Sending event: {'category': 'dbt', 'action': 'resource_counts', 'label': '341e237a-749a-46b3-a3f2-94e51c7b2d8a', 'context': [<snowplow_tracker.self_describing_json.SelfDescribingJson object at 0x10c8a14c0>]}
[0m01:26:35.842297 [info ] [MainThread]: Found 1 model, 1 source, 447 macros
[0m01:26:35.842493 [debug] [MainThread]: Sending event: {'category': 'dbt', 'action': 'runnable_timing', 'label': '341e237a-749a-46b3-a3f2-94e51c7b2d8a', 'context': [<snowplow_tracker.self_describing_json.SelfDescribingJson object at 0x10c72d730>]}
[0m01:26:35.843193 [info ] [MainThread]: 
[0m01:26:35.843394 [info ] [MainThread]: Concurrency: 1 threads (target='dev')
[0m01:26:35.843555 [info ] [MainThread]: 
[0m01:26:35.843834 [debug] [MainThread]: Acquiring new postgres connection 'master'
[0m01:26:35.844320 [debug] [ThreadPool]: Acquiring new postgres connection 'list_postgres'
[0m01:26:35.909445 [debug] [ThreadPool]: Using postgres connection "list_postgres"
[0m01:26:35.909703 [debug] [ThreadPool]: On list_postgres: /* {"app": "dbt", "dbt_version": "1.10.19", "profile_name": "enpal_assessment_project", "target_name": "dev", "connection_name": "list_postgres"} */

    select distinct nspname from pg_namespace
  
[0m01:26:35.909862 [debug] [ThreadPool]: Opening a new connection, currently in state init
[0m01:26:35.947718 [debug] [ThreadPool]: SQL status: SELECT 5 in 0.038 seconds
[0m01:26:35.948773 [debug] [ThreadPool]: On list_postgres: Close
[0m01:26:35.949495 [debug] [ThreadPool]: Re-using an available connection from the pool (formerly list_postgres, now list_postgres_public_pipedrive_analytics)
[0m01:26:35.955284 [debug] [ThreadPool]: Using postgres connection "list_postgres_public_pipedrive_analytics"
[0m01:26:35.955559 [debug] [ThreadPool]: On list_postgres_public_pipedrive_analytics: BEGIN
[0m01:26:35.955723 [debug] [ThreadPool]: Opening a new connection, currently in state closed
[0m01:26:35.966112 [debug] [ThreadPool]: SQL status: BEGIN in 0.010 seconds
[0m01:26:35.966434 [debug] [ThreadPool]: Using postgres connection "list_postgres_public_pipedrive_analytics"
[0m01:26:35.966663 [debug] [ThreadPool]: On list_postgres_public_pipedrive_analytics: /* {"app": "dbt", "dbt_version": "1.10.19", "profile_name": "enpal_assessment_project", "target_name": "dev", "connection_name": "list_postgres_public_pipedrive_analytics"} */
select
      'postgres' as database,
      tablename as name,
      schemaname as schema,
      'table' as type
    from pg_tables
    where schemaname ilike 'public_pipedrive_analytics'
    union all
    select
      'postgres' as database,
      viewname as name,
      schemaname as schema,
      'view' as type
    from pg_views
    where schemaname ilike 'public_pipedrive_analytics'
    union all
    select
      'postgres' as database,
      matviewname as name,
      schemaname as schema,
      'materialized_view' as type
    from pg_matviews
    where schemaname ilike 'public_pipedrive_analytics'
  
[0m01:26:35.969513 [debug] [ThreadPool]: SQL status: SELECT 2 in 0.003 seconds
[0m01:26:35.970517 [debug] [ThreadPool]: On list_postgres_public_pipedrive_analytics: ROLLBACK
[0m01:26:35.971032 [debug] [ThreadPool]: On list_postgres_public_pipedrive_analytics: Close
[0m01:26:35.974910 [debug] [MainThread]: Using postgres connection "master"
[0m01:26:35.975173 [debug] [MainThread]: On master: BEGIN
[0m01:26:35.975354 [debug] [MainThread]: Opening a new connection, currently in state init
[0m01:26:35.982923 [debug] [MainThread]: SQL status: BEGIN in 0.008 seconds
[0m01:26:35.983192 [debug] [MainThread]: Using postgres connection "master"
[0m01:26:35.983441 [debug] [MainThread]: On master: /* {"app": "dbt", "dbt_version": "1.10.19", "profile_name": "enpal_assessment_project", "target_name": "dev", "connection_name": "master"} */
select distinct
        dependent_namespace.nspname as dependent_schema,
        dependent_class.relname as dependent_name,
        referenced_namespace.nspname as referenced_schema,
        referenced_class.relname as referenced_name

    -- Query for views: views are entries in pg_class with an entry in pg_rewrite, but we avoid
    -- a seq scan on pg_rewrite by leveraging the fact there is an "internal" row in pg_depend for
    -- the view...
    from pg_class as dependent_class
    join pg_namespace as dependent_namespace on dependent_namespace.oid = dependent_class.relnamespace
    join pg_depend as dependent_depend on dependent_depend.refobjid = dependent_class.oid
        and dependent_depend.classid = 'pg_rewrite'::regclass
        and dependent_depend.refclassid = 'pg_class'::regclass
        and dependent_depend.deptype = 'i'

    -- ... and via pg_depend (that has a row per column, hence the need for "distinct" above, and
    -- making sure to exclude the internal row to avoid a view appearing to depend on itself)...
    join pg_depend as joining_depend on joining_depend.objid = dependent_depend.objid
        and joining_depend.classid = 'pg_rewrite'::regclass
        and joining_depend.refclassid = 'pg_class'::regclass
        and joining_depend.refobjid != dependent_depend.refobjid

    -- ... we can find the tables they query from in pg_class, but excluding system tables. Note we
    -- don't need need to exclude _dependent_ system tables, because they only query from other
    -- system tables, and so are automatically excluded by excluding _referenced_ system tables
    join pg_class as referenced_class on referenced_class.oid = joining_depend.refobjid
    join pg_namespace as referenced_namespace on referenced_namespace.oid = referenced_class.relnamespace
        and referenced_namespace.nspname != 'information_schema'
        and referenced_namespace.nspname not like 'pg\_%'

    order by
        dependent_schema, dependent_name, referenced_schema, referenced_name;
[0m01:26:35.985937 [debug] [MainThread]: SQL status: SELECT 0 in 0.002 seconds
[0m01:26:35.986755 [debug] [MainThread]: Sending event: {'category': 'dbt', 'action': 'runnable_timing', 'label': '341e237a-749a-46b3-a3f2-94e51c7b2d8a', 'context': [<snowplow_tracker.self_describing_json.SelfDescribingJson object at 0x10c8fefd0>]}
[0m01:26:35.987067 [debug] [MainThread]: On master: ROLLBACK
[0m01:26:35.987573 [debug] [MainThread]: Using postgres connection "master"
[0m01:26:35.987760 [debug] [MainThread]: On master: BEGIN
[0m01:26:35.988467 [debug] [MainThread]: SQL status: BEGIN in 0.001 seconds
[0m01:26:35.988655 [debug] [MainThread]: On master: COMMIT
[0m01:26:35.988833 [debug] [MainThread]: Using postgres connection "master"
[0m01:26:35.989006 [debug] [MainThread]: On master: COMMIT
[0m01:26:35.989443 [debug] [MainThread]: SQL status: COMMIT in 0.000 seconds
[0m01:26:35.989629 [debug] [MainThread]: On master: Close
[0m01:26:35.991368 [debug] [Thread-1  ]: Began running node model.enpal_assessment_project.activity
[0m01:26:35.991747 [info ] [Thread-1  ]: 1 of 1 START sql table model public_pipedrive_analytics.activity ............... [RUN]
[0m01:26:35.992054 [debug] [Thread-1  ]: Re-using an available connection from the pool (formerly list_postgres_public_pipedrive_analytics, now model.enpal_assessment_project.activity)
[0m01:26:35.992292 [debug] [Thread-1  ]: Began compiling node model.enpal_assessment_project.activity
[0m01:26:35.998138 [debug] [Thread-1  ]: Writing injected SQL for node "model.enpal_assessment_project.activity"
[0m01:26:35.998594 [debug] [Thread-1  ]: Began executing node model.enpal_assessment_project.activity
[0m01:26:36.027608 [debug] [Thread-1  ]: Writing runtime sql for node "model.enpal_assessment_project.activity"
[0m01:26:36.028295 [debug] [Thread-1  ]: Using postgres connection "model.enpal_assessment_project.activity"
[0m01:26:36.028501 [debug] [Thread-1  ]: On model.enpal_assessment_project.activity: BEGIN
[0m01:26:36.028685 [debug] [Thread-1  ]: Opening a new connection, currently in state closed
[0m01:26:36.040585 [debug] [Thread-1  ]: SQL status: BEGIN in 0.012 seconds
[0m01:26:36.040885 [debug] [Thread-1  ]: Using postgres connection "model.enpal_assessment_project.activity"
[0m01:26:36.041130 [debug] [Thread-1  ]: On model.enpal_assessment_project.activity: /* {"app": "dbt", "dbt_version": "1.10.19", "profile_name": "enpal_assessment_project", "target_name": "dev", "node_id": "model.enpal_assessment_project.activity"} */

  
    

  create  table "postgres"."public_pipedrive_analytics"."activity__dbt_tmp"
  
  
    as
  
  (
    select
    activity_id, 
    type,  
    assigned_to_user, 
    deal_id, 
    done, 
    due_to 
from postgres.public.activity 
-- FROM  POSTGRES.PUBLIC.ACTIVITY;
  );
  
[0m01:26:36.045232 [debug] [Thread-1  ]: SQL status: SELECT 4579 in 0.004 seconds
[0m01:26:36.052874 [debug] [Thread-1  ]: Using postgres connection "model.enpal_assessment_project.activity"
[0m01:26:36.053134 [debug] [Thread-1  ]: On model.enpal_assessment_project.activity: /* {"app": "dbt", "dbt_version": "1.10.19", "profile_name": "enpal_assessment_project", "target_name": "dev", "node_id": "model.enpal_assessment_project.activity"} */
alter table "postgres"."public_pipedrive_analytics"."activity" rename to "activity__dbt_backup"
[0m01:26:36.054874 [debug] [Thread-1  ]: SQL status: ALTER TABLE in 0.001 seconds
[0m01:26:36.057202 [debug] [Thread-1  ]: Using postgres connection "model.enpal_assessment_project.activity"
[0m01:26:36.057435 [debug] [Thread-1  ]: On model.enpal_assessment_project.activity: /* {"app": "dbt", "dbt_version": "1.10.19", "profile_name": "enpal_assessment_project", "target_name": "dev", "node_id": "model.enpal_assessment_project.activity"} */
alter table "postgres"."public_pipedrive_analytics"."activity__dbt_tmp" rename to "activity"
[0m01:26:36.057982 [debug] [Thread-1  ]: SQL status: ALTER TABLE in 0.000 seconds
[0m01:26:36.069970 [debug] [Thread-1  ]: On model.enpal_assessment_project.activity: COMMIT
[0m01:26:36.070267 [debug] [Thread-1  ]: Using postgres connection "model.enpal_assessment_project.activity"
[0m01:26:36.070473 [debug] [Thread-1  ]: On model.enpal_assessment_project.activity: COMMIT
[0m01:26:36.072076 [debug] [Thread-1  ]: SQL status: COMMIT in 0.001 seconds
[0m01:26:36.077004 [debug] [Thread-1  ]: Applying DROP to: "postgres"."public_pipedrive_analytics"."activity__dbt_backup"
[0m01:26:36.079975 [debug] [Thread-1  ]: Using postgres connection "model.enpal_assessment_project.activity"
[0m01:26:36.080228 [debug] [Thread-1  ]: On model.enpal_assessment_project.activity: /* {"app": "dbt", "dbt_version": "1.10.19", "profile_name": "enpal_assessment_project", "target_name": "dev", "node_id": "model.enpal_assessment_project.activity"} */
drop table if exists "postgres"."public_pipedrive_analytics"."activity__dbt_backup" cascade
[0m01:26:36.083706 [debug] [Thread-1  ]: SQL status: DROP TABLE in 0.003 seconds
[0m01:26:36.085437 [debug] [Thread-1  ]: On model.enpal_assessment_project.activity: Close
[0m01:26:36.086827 [debug] [Thread-1  ]: Sending event: {'category': 'dbt', 'action': 'run_model', 'label': '341e237a-749a-46b3-a3f2-94e51c7b2d8a', 'context': [<snowplow_tracker.self_describing_json.SelfDescribingJson object at 0x10cd2d6d0>]}
[0m01:26:36.087266 [info ] [Thread-1  ]: 1 of 1 OK created sql table model public_pipedrive_analytics.activity .......... [[32mSELECT 4579[0m in 0.09s]
[0m01:26:36.087629 [debug] [Thread-1  ]: Finished running node model.enpal_assessment_project.activity
[0m01:26:36.088316 [debug] [MainThread]: Using postgres connection "master"
[0m01:26:36.088516 [debug] [MainThread]: On master: BEGIN
[0m01:26:36.088684 [debug] [MainThread]: Opening a new connection, currently in state closed
[0m01:26:36.100285 [debug] [MainThread]: SQL status: BEGIN in 0.011 seconds
[0m01:26:36.101383 [debug] [MainThread]: On master: COMMIT
[0m01:26:36.101627 [debug] [MainThread]: Using postgres connection "master"
[0m01:26:36.101823 [debug] [MainThread]: On master: COMMIT
[0m01:26:36.102841 [debug] [MainThread]: SQL status: COMMIT in 0.001 seconds
[0m01:26:36.103105 [debug] [MainThread]: On master: Close
[0m01:26:36.103677 [debug] [MainThread]: Connection 'master' was properly closed.
[0m01:26:36.103889 [debug] [MainThread]: Connection 'model.enpal_assessment_project.activity' was properly closed.
[0m01:26:36.104100 [info ] [MainThread]: 
[0m01:26:36.104327 [info ] [MainThread]: Finished running 1 table model in 0 hours 0 minutes and 0.26 seconds (0.26s).
[0m01:26:36.105045 [debug] [MainThread]: Command end result
[0m01:26:36.125536 [debug] [MainThread]: Wrote artifact WritableManifest to /Users/rajukaju/Projects/dbt_enpal_assessment/target/manifest.json
[0m01:26:36.126865 [debug] [MainThread]: Wrote artifact SemanticManifest to /Users/rajukaju/Projects/dbt_enpal_assessment/target/semantic_manifest.json
[0m01:26:36.131144 [debug] [MainThread]: Wrote artifact RunExecutionResult to /Users/rajukaju/Projects/dbt_enpal_assessment/target/run_results.json
[0m01:26:36.131338 [info ] [MainThread]: 
[0m01:26:36.131567 [info ] [MainThread]: [32mCompleted successfully[0m
[0m01:26:36.131736 [info ] [MainThread]: 
[0m01:26:36.131927 [info ] [MainThread]: Done. PASS=1 WARN=0 ERROR=0 SKIP=0 NO-OP=0 TOTAL=1
[0m01:26:36.134015 [debug] [MainThread]: Resource report: {"command_name": "run", "command_success": true, "command_wall_clock_time": 0.7567067, "process_in_blocks": "0", "process_kernel_time": 0.235328, "process_mem_max_rss": "124567552", "process_out_blocks": "0", "process_user_time": 1.302314}
[0m01:26:36.134244 [debug] [MainThread]: Command `dbt run` succeeded at 01:26:36.134195 after 0.76 seconds
[0m01:26:36.134453 [debug] [MainThread]: Sending event: {'category': 'dbt', 'action': 'invocation', 'label': 'end', 'context': [<snowplow_tracker.self_describing_json.SelfDescribingJson object at 0x10a87d1f0>, <snowplow_tracker.self_describing_json.SelfDescribingJson object at 0x109d8df10>, <snowplow_tracker.self_describing_json.SelfDescribingJson object at 0x10ab294c0>]}
[0m01:26:36.134666 [debug] [MainThread]: Flushing usage events
[0m01:26:37.281897 [debug] [MainThread]: An error was encountered while trying to flush usage events
[0m01:31:29.522091 [debug] [MainThread]: Sending event: {'category': 'dbt', 'action': 'invocation', 'label': 'start', 'context': [<snowplow_tracker.self_describing_json.SelfDescribingJson object at 0x108049220>, <snowplow_tracker.self_describing_json.SelfDescribingJson object at 0x1090c6ee0>, <snowplow_tracker.self_describing_json.SelfDescribingJson object at 0x1090c6190>]}


============================== 01:31:29.525103 | 7e0c6894-1d43-403d-97bb-9c25a980a738 ==============================
[0m01:31:29.525103 [info ] [MainThread]: Running with dbt=1.10.19
[0m01:31:29.525456 [debug] [MainThread]: running dbt with arguments {'profiles_dir': '/Users/rajukaju/Projects/dbt_enpal_assessment', 'warn_error_options': 'WarnErrorOptionsV2(error=[], warn=[], silence=[])', 'no_print': 'None', 'printer_width': '80', 'log_cache_events': 'False', 'target_path': 'None', 'cache_selected_only': 'False', 'introspect': 'True', 'static_parser': 'True', 'debug': 'False', 'partial_parse': 'True', 'use_colors': 'True', 'version_check': 'True', 'quiet': 'False', 'log_path': '/Users/rajukaju/Projects/dbt_enpal_assessment/logs', 'indirect_selection': 'eager', 'warn_error': 'None', 'send_anonymous_usage_stats': 'True', 'invocation_command': 'dbt run -s activity.sql', 'log_format': 'default', 'write_json': 'True', 'empty': 'False', 'fail_fast': 'False', 'use_experimental_parser': 'False'}
[0m01:31:29.643951 [debug] [MainThread]: Sending event: {'category': 'dbt', 'action': 'project_id', 'label': '7e0c6894-1d43-403d-97bb-9c25a980a738', 'context': [<snowplow_tracker.self_describing_json.SelfDescribingJson object at 0x10904ea60>]}
[0m01:31:29.680566 [debug] [MainThread]: Sending event: {'category': 'dbt', 'action': 'adapter_info', 'label': '7e0c6894-1d43-403d-97bb-9c25a980a738', 'context': [<snowplow_tracker.self_describing_json.SelfDescribingJson object at 0x10909c1f0>]}
[0m01:31:29.681321 [info ] [MainThread]: Registered adapter: postgres=1.9.1
[0m01:31:29.752744 [debug] [MainThread]: checksum: c35ba6d374a0901ceb00688d5179d5550885e1756283b03e5e81c28e0d8d2248, vars: {}, profile: , target: , version: 1.10.19
[0m01:31:29.844572 [debug] [MainThread]: Partial parsing enabled: 0 files deleted, 0 files added, 1 files changed.
[0m01:31:29.844955 [debug] [MainThread]: Partial parsing: updated file: enpal_assessment_project://models/bronze_raw/activity.sql
[0m01:31:30.001774 [debug] [MainThread]: Sending event: {'category': 'dbt', 'action': 'load_project', 'label': '7e0c6894-1d43-403d-97bb-9c25a980a738', 'context': [<snowplow_tracker.self_describing_json.SelfDescribingJson object at 0x10a27b130>]}
[0m01:31:30.081246 [debug] [MainThread]: Wrote artifact WritableManifest to /Users/rajukaju/Projects/dbt_enpal_assessment/target/manifest.json
[0m01:31:30.082587 [debug] [MainThread]: Wrote artifact SemanticManifest to /Users/rajukaju/Projects/dbt_enpal_assessment/target/semantic_manifest.json
[0m01:31:30.093702 [debug] [MainThread]: Sending event: {'category': 'dbt', 'action': 'resource_counts', 'label': '7e0c6894-1d43-403d-97bb-9c25a980a738', 'context': [<snowplow_tracker.self_describing_json.SelfDescribingJson object at 0x10a06ddf0>]}
[0m01:31:30.093989 [info ] [MainThread]: Found 1 model, 1 source, 447 macros
[0m01:31:30.094177 [debug] [MainThread]: Sending event: {'category': 'dbt', 'action': 'runnable_timing', 'label': '7e0c6894-1d43-403d-97bb-9c25a980a738', 'context': [<snowplow_tracker.self_describing_json.SelfDescribingJson object at 0x10a07c490>]}
[0m01:31:30.094882 [info ] [MainThread]: 
[0m01:31:30.095073 [info ] [MainThread]: Concurrency: 1 threads (target='dev')
[0m01:31:30.095233 [info ] [MainThread]: 
[0m01:31:30.095506 [debug] [MainThread]: Acquiring new postgres connection 'master'
[0m01:31:30.095940 [debug] [ThreadPool]: Acquiring new postgres connection 'list_postgres'
[0m01:31:30.132795 [debug] [ThreadPool]: Using postgres connection "list_postgres"
[0m01:31:30.133051 [debug] [ThreadPool]: On list_postgres: /* {"app": "dbt", "dbt_version": "1.10.19", "profile_name": "enpal_assessment_project", "target_name": "dev", "connection_name": "list_postgres"} */

    select distinct nspname from pg_namespace
  
[0m01:31:30.133209 [debug] [ThreadPool]: Opening a new connection, currently in state init
[0m01:31:30.175203 [debug] [ThreadPool]: SQL status: SELECT 5 in 0.042 seconds
[0m01:31:30.176047 [debug] [ThreadPool]: On list_postgres: Close
[0m01:31:30.176697 [debug] [ThreadPool]: Re-using an available connection from the pool (formerly list_postgres, now list_postgres_public_pipedrive_analytics)
[0m01:31:30.181641 [debug] [ThreadPool]: Using postgres connection "list_postgres_public_pipedrive_analytics"
[0m01:31:30.181876 [debug] [ThreadPool]: On list_postgres_public_pipedrive_analytics: BEGIN
[0m01:31:30.182052 [debug] [ThreadPool]: Opening a new connection, currently in state closed
[0m01:31:30.191798 [debug] [ThreadPool]: SQL status: BEGIN in 0.010 seconds
[0m01:31:30.192091 [debug] [ThreadPool]: Using postgres connection "list_postgres_public_pipedrive_analytics"
[0m01:31:30.192314 [debug] [ThreadPool]: On list_postgres_public_pipedrive_analytics: /* {"app": "dbt", "dbt_version": "1.10.19", "profile_name": "enpal_assessment_project", "target_name": "dev", "connection_name": "list_postgres_public_pipedrive_analytics"} */
select
      'postgres' as database,
      tablename as name,
      schemaname as schema,
      'table' as type
    from pg_tables
    where schemaname ilike 'public_pipedrive_analytics'
    union all
    select
      'postgres' as database,
      viewname as name,
      schemaname as schema,
      'view' as type
    from pg_views
    where schemaname ilike 'public_pipedrive_analytics'
    union all
    select
      'postgres' as database,
      matviewname as name,
      schemaname as schema,
      'materialized_view' as type
    from pg_matviews
    where schemaname ilike 'public_pipedrive_analytics'
  
[0m01:31:30.195675 [debug] [ThreadPool]: SQL status: SELECT 0 in 0.003 seconds
[0m01:31:30.196525 [debug] [ThreadPool]: On list_postgres_public_pipedrive_analytics: ROLLBACK
[0m01:31:30.197066 [debug] [ThreadPool]: On list_postgres_public_pipedrive_analytics: Close
[0m01:31:30.200650 [debug] [MainThread]: Using postgres connection "master"
[0m01:31:30.200921 [debug] [MainThread]: On master: BEGIN
[0m01:31:30.201109 [debug] [MainThread]: Opening a new connection, currently in state init
[0m01:31:30.210888 [debug] [MainThread]: SQL status: BEGIN in 0.010 seconds
[0m01:31:30.211111 [debug] [MainThread]: Using postgres connection "master"
[0m01:31:30.211364 [debug] [MainThread]: On master: /* {"app": "dbt", "dbt_version": "1.10.19", "profile_name": "enpal_assessment_project", "target_name": "dev", "connection_name": "master"} */
select distinct
        dependent_namespace.nspname as dependent_schema,
        dependent_class.relname as dependent_name,
        referenced_namespace.nspname as referenced_schema,
        referenced_class.relname as referenced_name

    -- Query for views: views are entries in pg_class with an entry in pg_rewrite, but we avoid
    -- a seq scan on pg_rewrite by leveraging the fact there is an "internal" row in pg_depend for
    -- the view...
    from pg_class as dependent_class
    join pg_namespace as dependent_namespace on dependent_namespace.oid = dependent_class.relnamespace
    join pg_depend as dependent_depend on dependent_depend.refobjid = dependent_class.oid
        and dependent_depend.classid = 'pg_rewrite'::regclass
        and dependent_depend.refclassid = 'pg_class'::regclass
        and dependent_depend.deptype = 'i'

    -- ... and via pg_depend (that has a row per column, hence the need for "distinct" above, and
    -- making sure to exclude the internal row to avoid a view appearing to depend on itself)...
    join pg_depend as joining_depend on joining_depend.objid = dependent_depend.objid
        and joining_depend.classid = 'pg_rewrite'::regclass
        and joining_depend.refclassid = 'pg_class'::regclass
        and joining_depend.refobjid != dependent_depend.refobjid

    -- ... we can find the tables they query from in pg_class, but excluding system tables. Note we
    -- don't need need to exclude _dependent_ system tables, because they only query from other
    -- system tables, and so are automatically excluded by excluding _referenced_ system tables
    join pg_class as referenced_class on referenced_class.oid = joining_depend.refobjid
    join pg_namespace as referenced_namespace on referenced_namespace.oid = referenced_class.relnamespace
        and referenced_namespace.nspname != 'information_schema'
        and referenced_namespace.nspname not like 'pg\_%'

    order by
        dependent_schema, dependent_name, referenced_schema, referenced_name;
[0m01:31:30.214261 [debug] [MainThread]: SQL status: SELECT 0 in 0.003 seconds
[0m01:31:30.215046 [debug] [MainThread]: Sending event: {'category': 'dbt', 'action': 'runnable_timing', 'label': '7e0c6894-1d43-403d-97bb-9c25a980a738', 'context': [<snowplow_tracker.self_describing_json.SelfDescribingJson object at 0x1095cd580>]}
[0m01:31:30.215353 [debug] [MainThread]: On master: ROLLBACK
[0m01:31:30.215824 [debug] [MainThread]: Using postgres connection "master"
[0m01:31:30.216045 [debug] [MainThread]: On master: BEGIN
[0m01:31:30.216775 [debug] [MainThread]: SQL status: BEGIN in 0.001 seconds
[0m01:31:30.216965 [debug] [MainThread]: On master: COMMIT
[0m01:31:30.217145 [debug] [MainThread]: Using postgres connection "master"
[0m01:31:30.217317 [debug] [MainThread]: On master: COMMIT
[0m01:31:30.217748 [debug] [MainThread]: SQL status: COMMIT in 0.000 seconds
[0m01:31:30.217935 [debug] [MainThread]: On master: Close
[0m01:31:30.219708 [debug] [Thread-1  ]: Began running node model.enpal_assessment_project.activity
[0m01:31:30.220099 [info ] [Thread-1  ]: 1 of 1 START sql table model public_pipedrive_analytics.activity ............... [RUN]
[0m01:31:30.220421 [debug] [Thread-1  ]: Re-using an available connection from the pool (formerly list_postgres_public_pipedrive_analytics, now model.enpal_assessment_project.activity)
[0m01:31:30.220667 [debug] [Thread-1  ]: Began compiling node model.enpal_assessment_project.activity
[0m01:31:30.227105 [debug] [Thread-1  ]: Writing injected SQL for node "model.enpal_assessment_project.activity"
[0m01:31:30.227577 [debug] [Thread-1  ]: Began executing node model.enpal_assessment_project.activity
[0m01:31:30.258020 [debug] [Thread-1  ]: Writing runtime sql for node "model.enpal_assessment_project.activity"
[0m01:31:30.258658 [debug] [Thread-1  ]: Using postgres connection "model.enpal_assessment_project.activity"
[0m01:31:30.258868 [debug] [Thread-1  ]: On model.enpal_assessment_project.activity: BEGIN
[0m01:31:30.259055 [debug] [Thread-1  ]: Opening a new connection, currently in state closed
[0m01:31:30.307693 [debug] [Thread-1  ]: SQL status: BEGIN in 0.048 seconds
[0m01:31:30.308138 [debug] [Thread-1  ]: Using postgres connection "model.enpal_assessment_project.activity"
[0m01:31:30.308426 [debug] [Thread-1  ]: On model.enpal_assessment_project.activity: /* {"app": "dbt", "dbt_version": "1.10.19", "profile_name": "enpal_assessment_project", "target_name": "dev", "node_id": "model.enpal_assessment_project.activity"} */

  
    

  create  table "postgres"."public_pipedrive_analytics"."activity__dbt_tmp"
  
  
    as
  
  (
    SELECT
    activity_id, 
    type,  
    assigned_to_user, 
    deal_id, 
    done, 
    due_to 
--- from postgres.public.activity 
FROM POSTGRES.PUBLIC.ACTIVITY;
  );
  
[0m01:31:30.309337 [debug] [Thread-1  ]: Postgres adapter: Postgres error: syntax error at or near ";"
LINE 20: FROM POSTGRES.PUBLIC.ACTIVITY;
                                      ^

[0m01:31:30.309829 [debug] [Thread-1  ]: On model.enpal_assessment_project.activity: ROLLBACK
[0m01:31:30.311671 [debug] [Thread-1  ]: On model.enpal_assessment_project.activity: Close
[0m01:31:30.334260 [debug] [Thread-1  ]: Database Error in model activity (models/bronze_raw/activity.sql)
  syntax error at or near ";"
  LINE 20: FROM POSTGRES.PUBLIC.ACTIVITY;
                                        ^
  compiled code at target/run/enpal_assessment_project/models/bronze_raw/activity.sql
[0m01:31:30.335711 [debug] [Thread-1  ]: Sending event: {'category': 'dbt', 'action': 'run_model', 'label': '7e0c6894-1d43-403d-97bb-9c25a980a738', 'context': [<snowplow_tracker.self_describing_json.SelfDescribingJson object at 0x1090734f0>]}
[0m01:31:30.336181 [error] [Thread-1  ]: 1 of 1 ERROR creating sql table model public_pipedrive_analytics.activity ...... [[31mERROR[0m in 0.11s]
[0m01:31:30.336554 [debug] [Thread-1  ]: Finished running node model.enpal_assessment_project.activity
[0m01:31:30.336891 [debug] [Thread-4  ]: Marking all children of 'model.enpal_assessment_project.activity' to be skipped because of status 'error'.  Reason: Database Error in model activity (models/bronze_raw/activity.sql)
  syntax error at or near ";"
  LINE 20: FROM POSTGRES.PUBLIC.ACTIVITY;
                                        ^
  compiled code at target/run/enpal_assessment_project/models/bronze_raw/activity.sql.
[0m01:31:30.337552 [debug] [MainThread]: Using postgres connection "master"
[0m01:31:30.337743 [debug] [MainThread]: On master: BEGIN
[0m01:31:30.337911 [debug] [MainThread]: Opening a new connection, currently in state closed
[0m01:31:30.346032 [debug] [MainThread]: SQL status: BEGIN in 0.008 seconds
[0m01:31:30.346310 [debug] [MainThread]: On master: COMMIT
[0m01:31:30.346496 [debug] [MainThread]: Using postgres connection "master"
[0m01:31:30.346670 [debug] [MainThread]: On master: COMMIT
[0m01:31:30.347037 [debug] [MainThread]: SQL status: COMMIT in 0.000 seconds
[0m01:31:30.347216 [debug] [MainThread]: On master: Close
[0m01:31:30.347472 [debug] [MainThread]: Connection 'master' was properly closed.
[0m01:31:30.347637 [debug] [MainThread]: Connection 'model.enpal_assessment_project.activity' was properly closed.
[0m01:31:30.347823 [info ] [MainThread]: 
[0m01:31:30.348020 [info ] [MainThread]: Finished running 1 table model in 0 hours 0 minutes and 0.25 seconds (0.25s).
[0m01:31:30.348452 [debug] [MainThread]: Command end result
[0m01:31:30.364155 [debug] [MainThread]: Wrote artifact WritableManifest to /Users/rajukaju/Projects/dbt_enpal_assessment/target/manifest.json
[0m01:31:30.365247 [debug] [MainThread]: Wrote artifact SemanticManifest to /Users/rajukaju/Projects/dbt_enpal_assessment/target/semantic_manifest.json
[0m01:31:30.369578 [debug] [MainThread]: Wrote artifact RunExecutionResult to /Users/rajukaju/Projects/dbt_enpal_assessment/target/run_results.json
[0m01:31:30.369804 [info ] [MainThread]: 
[0m01:31:30.370033 [info ] [MainThread]: [31mCompleted with 1 error, 0 partial successes, and 0 warnings:[0m
[0m01:31:30.370221 [info ] [MainThread]: 
[0m01:31:30.370439 [error] [MainThread]: [31mFailure in model activity (models/bronze_raw/activity.sql)[0m
[0m01:31:30.370648 [error] [MainThread]:   Database Error in model activity (models/bronze_raw/activity.sql)
  syntax error at or near ";"
  LINE 20: FROM POSTGRES.PUBLIC.ACTIVITY;
                                        ^
  compiled code at target/run/enpal_assessment_project/models/bronze_raw/activity.sql
[0m01:31:30.370814 [info ] [MainThread]: 
[0m01:31:30.371009 [info ] [MainThread]:   compiled code at target/compiled/enpal_assessment_project/models/bronze_raw/activity.sql
[0m01:31:30.371170 [info ] [MainThread]: 
[0m01:31:30.371347 [info ] [MainThread]: Done. PASS=0 WARN=0 ERROR=1 SKIP=0 NO-OP=0 TOTAL=1
[0m01:31:30.374332 [debug] [MainThread]: Resource report: {"command_name": "run", "command_success": false, "command_wall_clock_time": 0.8997523, "process_in_blocks": "0", "process_kernel_time": 0.237678, "process_mem_max_rss": "129499136", "process_out_blocks": "0", "process_user_time": 1.404793}
[0m01:31:30.374727 [debug] [MainThread]: Command `dbt run` failed at 01:31:30.374648 after 0.90 seconds
[0m01:31:30.374994 [debug] [MainThread]: Sending event: {'category': 'dbt', 'action': 'invocation', 'label': 'end', 'context': [<snowplow_tracker.self_describing_json.SelfDescribingJson object at 0x108049220>, <snowplow_tracker.self_describing_json.SelfDescribingJson object at 0x10904ea60>, <snowplow_tracker.self_describing_json.SelfDescribingJson object at 0x10a06dbb0>]}
[0m01:31:30.375332 [debug] [MainThread]: Flushing usage events
[0m01:31:31.562559 [debug] [MainThread]: An error was encountered while trying to flush usage events
[0m01:31:55.538138 [debug] [MainThread]: Sending event: {'category': 'dbt', 'action': 'invocation', 'label': 'start', 'context': [<snowplow_tracker.self_describing_json.SelfDescribingJson object at 0x10a6d1250>, <snowplow_tracker.self_describing_json.SelfDescribingJson object at 0x10b74ff10>, <snowplow_tracker.self_describing_json.SelfDescribingJson object at 0x10b74f190>]}


============================== 01:31:55.541173 | e042abbd-4b8d-44f0-bafc-fa1bb706d2a0 ==============================
[0m01:31:55.541173 [info ] [MainThread]: Running with dbt=1.10.19
[0m01:31:55.541519 [debug] [MainThread]: running dbt with arguments {'quiet': 'False', 'use_experimental_parser': 'False', 'static_parser': 'True', 'warn_error_options': 'WarnErrorOptionsV2(error=[], warn=[], silence=[])', 'use_colors': 'True', 'send_anonymous_usage_stats': 'True', 'indirect_selection': 'eager', 'no_print': 'None', 'profiles_dir': '/Users/rajukaju/Projects/dbt_enpal_assessment', 'partial_parse': 'True', 'empty': 'False', 'introspect': 'True', 'log_format': 'default', 'warn_error': 'None', 'invocation_command': 'dbt run -s activity.sql', 'cache_selected_only': 'False', 'write_json': 'True', 'version_check': 'True', 'fail_fast': 'False', 'target_path': 'None', 'debug': 'False', 'printer_width': '80', 'log_path': '/Users/rajukaju/Projects/dbt_enpal_assessment/logs', 'log_cache_events': 'False'}
[0m01:31:55.656441 [debug] [MainThread]: Sending event: {'category': 'dbt', 'action': 'project_id', 'label': 'e042abbd-4b8d-44f0-bafc-fa1bb706d2a0', 'context': [<snowplow_tracker.self_describing_json.SelfDescribingJson object at 0x108e248b0>]}
[0m01:31:55.692604 [debug] [MainThread]: Sending event: {'category': 'dbt', 'action': 'adapter_info', 'label': 'e042abbd-4b8d-44f0-bafc-fa1bb706d2a0', 'context': [<snowplow_tracker.self_describing_json.SelfDescribingJson object at 0x10b72a4c0>]}
[0m01:31:55.693439 [info ] [MainThread]: Registered adapter: postgres=1.9.1
[0m01:31:55.764681 [debug] [MainThread]: checksum: c35ba6d374a0901ceb00688d5179d5550885e1756283b03e5e81c28e0d8d2248, vars: {}, profile: , target: , version: 1.10.19
[0m01:31:55.854731 [debug] [MainThread]: Partial parsing enabled: 0 files deleted, 0 files added, 1 files changed.
[0m01:31:55.855087 [debug] [MainThread]: Partial parsing: updated file: enpal_assessment_project://models/bronze_raw/activity.sql
[0m01:31:56.010997 [debug] [MainThread]: Sending event: {'category': 'dbt', 'action': 'load_project', 'label': 'e042abbd-4b8d-44f0-bafc-fa1bb706d2a0', 'context': [<snowplow_tracker.self_describing_json.SelfDescribingJson object at 0x10c903130>]}
[0m01:31:56.089322 [debug] [MainThread]: Wrote artifact WritableManifest to /Users/rajukaju/Projects/dbt_enpal_assessment/target/manifest.json
[0m01:31:56.090714 [debug] [MainThread]: Wrote artifact SemanticManifest to /Users/rajukaju/Projects/dbt_enpal_assessment/target/semantic_manifest.json
[0m01:31:56.101042 [debug] [MainThread]: Sending event: {'category': 'dbt', 'action': 'resource_counts', 'label': 'e042abbd-4b8d-44f0-bafc-fa1bb706d2a0', 'context': [<snowplow_tracker.self_describing_json.SelfDescribingJson object at 0x10c6f5be0>]}
[0m01:31:56.101337 [info ] [MainThread]: Found 1 model, 1 source, 447 macros
[0m01:31:56.101533 [debug] [MainThread]: Sending event: {'category': 'dbt', 'action': 'runnable_timing', 'label': 'e042abbd-4b8d-44f0-bafc-fa1bb706d2a0', 'context': [<snowplow_tracker.self_describing_json.SelfDescribingJson object at 0x10c71fa30>]}
[0m01:31:56.102248 [info ] [MainThread]: 
[0m01:31:56.102436 [info ] [MainThread]: Concurrency: 1 threads (target='dev')
[0m01:31:56.102598 [info ] [MainThread]: 
[0m01:31:56.102871 [debug] [MainThread]: Acquiring new postgres connection 'master'
[0m01:31:56.103330 [debug] [ThreadPool]: Acquiring new postgres connection 'list_postgres'
[0m01:31:56.139533 [debug] [ThreadPool]: Using postgres connection "list_postgres"
[0m01:31:56.139811 [debug] [ThreadPool]: On list_postgres: /* {"app": "dbt", "dbt_version": "1.10.19", "profile_name": "enpal_assessment_project", "target_name": "dev", "connection_name": "list_postgres"} */

    select distinct nspname from pg_namespace
  
[0m01:31:56.139972 [debug] [ThreadPool]: Opening a new connection, currently in state init
[0m01:31:56.181592 [debug] [ThreadPool]: SQL status: SELECT 5 in 0.042 seconds
[0m01:31:56.182449 [debug] [ThreadPool]: On list_postgres: Close
[0m01:31:56.183065 [debug] [ThreadPool]: Re-using an available connection from the pool (formerly list_postgres, now list_postgres_public_pipedrive_analytics)
[0m01:31:56.187479 [debug] [ThreadPool]: Using postgres connection "list_postgres_public_pipedrive_analytics"
[0m01:31:56.187709 [debug] [ThreadPool]: On list_postgres_public_pipedrive_analytics: BEGIN
[0m01:31:56.187878 [debug] [ThreadPool]: Opening a new connection, currently in state closed
[0m01:31:56.194984 [debug] [ThreadPool]: SQL status: BEGIN in 0.007 seconds
[0m01:31:56.195238 [debug] [ThreadPool]: Using postgres connection "list_postgres_public_pipedrive_analytics"
[0m01:31:56.195445 [debug] [ThreadPool]: On list_postgres_public_pipedrive_analytics: /* {"app": "dbt", "dbt_version": "1.10.19", "profile_name": "enpal_assessment_project", "target_name": "dev", "connection_name": "list_postgres_public_pipedrive_analytics"} */
select
      'postgres' as database,
      tablename as name,
      schemaname as schema,
      'table' as type
    from pg_tables
    where schemaname ilike 'public_pipedrive_analytics'
    union all
    select
      'postgres' as database,
      viewname as name,
      schemaname as schema,
      'view' as type
    from pg_views
    where schemaname ilike 'public_pipedrive_analytics'
    union all
    select
      'postgres' as database,
      matviewname as name,
      schemaname as schema,
      'materialized_view' as type
    from pg_matviews
    where schemaname ilike 'public_pipedrive_analytics'
  
[0m01:31:56.197623 [debug] [ThreadPool]: SQL status: SELECT 0 in 0.002 seconds
[0m01:31:56.198464 [debug] [ThreadPool]: On list_postgres_public_pipedrive_analytics: ROLLBACK
[0m01:31:56.198984 [debug] [ThreadPool]: On list_postgres_public_pipedrive_analytics: Close
[0m01:31:56.202384 [debug] [MainThread]: Using postgres connection "master"
[0m01:31:56.202620 [debug] [MainThread]: On master: BEGIN
[0m01:31:56.202795 [debug] [MainThread]: Opening a new connection, currently in state init
[0m01:31:56.212374 [debug] [MainThread]: SQL status: BEGIN in 0.010 seconds
[0m01:31:56.212641 [debug] [MainThread]: Using postgres connection "master"
[0m01:31:56.212898 [debug] [MainThread]: On master: /* {"app": "dbt", "dbt_version": "1.10.19", "profile_name": "enpal_assessment_project", "target_name": "dev", "connection_name": "master"} */
select distinct
        dependent_namespace.nspname as dependent_schema,
        dependent_class.relname as dependent_name,
        referenced_namespace.nspname as referenced_schema,
        referenced_class.relname as referenced_name

    -- Query for views: views are entries in pg_class with an entry in pg_rewrite, but we avoid
    -- a seq scan on pg_rewrite by leveraging the fact there is an "internal" row in pg_depend for
    -- the view...
    from pg_class as dependent_class
    join pg_namespace as dependent_namespace on dependent_namespace.oid = dependent_class.relnamespace
    join pg_depend as dependent_depend on dependent_depend.refobjid = dependent_class.oid
        and dependent_depend.classid = 'pg_rewrite'::regclass
        and dependent_depend.refclassid = 'pg_class'::regclass
        and dependent_depend.deptype = 'i'

    -- ... and via pg_depend (that has a row per column, hence the need for "distinct" above, and
    -- making sure to exclude the internal row to avoid a view appearing to depend on itself)...
    join pg_depend as joining_depend on joining_depend.objid = dependent_depend.objid
        and joining_depend.classid = 'pg_rewrite'::regclass
        and joining_depend.refclassid = 'pg_class'::regclass
        and joining_depend.refobjid != dependent_depend.refobjid

    -- ... we can find the tables they query from in pg_class, but excluding system tables. Note we
    -- don't need need to exclude _dependent_ system tables, because they only query from other
    -- system tables, and so are automatically excluded by excluding _referenced_ system tables
    join pg_class as referenced_class on referenced_class.oid = joining_depend.refobjid
    join pg_namespace as referenced_namespace on referenced_namespace.oid = referenced_class.relnamespace
        and referenced_namespace.nspname != 'information_schema'
        and referenced_namespace.nspname not like 'pg\_%'

    order by
        dependent_schema, dependent_name, referenced_schema, referenced_name;
[0m01:31:56.215724 [debug] [MainThread]: SQL status: SELECT 0 in 0.003 seconds
[0m01:31:56.216519 [debug] [MainThread]: Sending event: {'category': 'dbt', 'action': 'runnable_timing', 'label': 'e042abbd-4b8d-44f0-bafc-fa1bb706d2a0', 'context': [<snowplow_tracker.self_describing_json.SelfDescribingJson object at 0x10bc32370>]}
[0m01:31:56.216836 [debug] [MainThread]: On master: ROLLBACK
[0m01:31:56.217324 [debug] [MainThread]: Using postgres connection "master"
[0m01:31:56.217532 [debug] [MainThread]: On master: BEGIN
[0m01:31:56.218279 [debug] [MainThread]: SQL status: BEGIN in 0.001 seconds
[0m01:31:56.218510 [debug] [MainThread]: On master: COMMIT
[0m01:31:56.218708 [debug] [MainThread]: Using postgres connection "master"
[0m01:31:56.218894 [debug] [MainThread]: On master: COMMIT
[0m01:31:56.219316 [debug] [MainThread]: SQL status: COMMIT in 0.000 seconds
[0m01:31:56.219509 [debug] [MainThread]: On master: Close
[0m01:31:56.221261 [debug] [Thread-1  ]: Began running node model.enpal_assessment_project.activity
[0m01:31:56.221639 [info ] [Thread-1  ]: 1 of 1 START sql table model public_pipedrive_analytics.activity ............... [RUN]
[0m01:31:56.221954 [debug] [Thread-1  ]: Re-using an available connection from the pool (formerly list_postgres_public_pipedrive_analytics, now model.enpal_assessment_project.activity)
[0m01:31:56.222188 [debug] [Thread-1  ]: Began compiling node model.enpal_assessment_project.activity
[0m01:31:56.228590 [debug] [Thread-1  ]: Writing injected SQL for node "model.enpal_assessment_project.activity"
[0m01:31:56.229299 [debug] [Thread-1  ]: Began executing node model.enpal_assessment_project.activity
[0m01:31:56.258533 [debug] [Thread-1  ]: Writing runtime sql for node "model.enpal_assessment_project.activity"
[0m01:31:56.260136 [debug] [Thread-1  ]: Using postgres connection "model.enpal_assessment_project.activity"
[0m01:31:56.260522 [debug] [Thread-1  ]: On model.enpal_assessment_project.activity: BEGIN
[0m01:31:56.260728 [debug] [Thread-1  ]: Opening a new connection, currently in state closed
[0m01:31:56.320572 [debug] [Thread-1  ]: SQL status: BEGIN in 0.060 seconds
[0m01:31:56.321009 [debug] [Thread-1  ]: Using postgres connection "model.enpal_assessment_project.activity"
[0m01:31:56.321292 [debug] [Thread-1  ]: On model.enpal_assessment_project.activity: /* {"app": "dbt", "dbt_version": "1.10.19", "profile_name": "enpal_assessment_project", "target_name": "dev", "node_id": "model.enpal_assessment_project.activity"} */

  
    

  create  table "postgres"."public_pipedrive_analytics"."activity__dbt_tmp"
  
  
    as
  
  (
    SELECT
    activity_id, 
    type,  
    assigned_to_user, 
    deal_id, 
    done, 
    due_to 
FROM POSTGRES.PUBLIC.ACTIVITY;
  );
  
[0m01:31:56.322256 [debug] [Thread-1  ]: Postgres adapter: Postgres error: syntax error at or near ";"
LINE 19: FROM POSTGRES.PUBLIC.ACTIVITY;
                                      ^

[0m01:31:56.322588 [debug] [Thread-1  ]: On model.enpal_assessment_project.activity: ROLLBACK
[0m01:31:56.323242 [debug] [Thread-1  ]: On model.enpal_assessment_project.activity: Close
[0m01:31:56.344567 [debug] [Thread-1  ]: Database Error in model activity (models/bronze_raw/activity.sql)
  syntax error at or near ";"
  LINE 19: FROM POSTGRES.PUBLIC.ACTIVITY;
                                        ^
  compiled code at target/run/enpal_assessment_project/models/bronze_raw/activity.sql
[0m01:31:56.346075 [debug] [Thread-1  ]: Sending event: {'category': 'dbt', 'action': 'run_model', 'label': 'e042abbd-4b8d-44f0-bafc-fa1bb706d2a0', 'context': [<snowplow_tracker.self_describing_json.SelfDescribingJson object at 0x10bc18430>]}
[0m01:31:56.346560 [error] [Thread-1  ]: 1 of 1 ERROR creating sql table model public_pipedrive_analytics.activity ...... [[31mERROR[0m in 0.12s]
[0m01:31:56.346962 [debug] [Thread-1  ]: Finished running node model.enpal_assessment_project.activity
[0m01:31:56.347295 [debug] [Thread-4  ]: Marking all children of 'model.enpal_assessment_project.activity' to be skipped because of status 'error'.  Reason: Database Error in model activity (models/bronze_raw/activity.sql)
  syntax error at or near ";"
  LINE 19: FROM POSTGRES.PUBLIC.ACTIVITY;
                                        ^
  compiled code at target/run/enpal_assessment_project/models/bronze_raw/activity.sql.
[0m01:31:56.347969 [debug] [MainThread]: Using postgres connection "master"
[0m01:31:56.348183 [debug] [MainThread]: On master: BEGIN
[0m01:31:56.348365 [debug] [MainThread]: Opening a new connection, currently in state closed
[0m01:31:56.355688 [debug] [MainThread]: SQL status: BEGIN in 0.007 seconds
[0m01:31:56.355952 [debug] [MainThread]: On master: COMMIT
[0m01:31:56.356140 [debug] [MainThread]: Using postgres connection "master"
[0m01:31:56.356309 [debug] [MainThread]: On master: COMMIT
[0m01:31:56.356686 [debug] [MainThread]: SQL status: COMMIT in 0.000 seconds
[0m01:31:56.356890 [debug] [MainThread]: On master: Close
[0m01:31:56.357150 [debug] [MainThread]: Connection 'master' was properly closed.
[0m01:31:56.357319 [debug] [MainThread]: Connection 'model.enpal_assessment_project.activity' was properly closed.
[0m01:31:56.357505 [info ] [MainThread]: 
[0m01:31:56.357704 [info ] [MainThread]: Finished running 1 table model in 0 hours 0 minutes and 0.25 seconds (0.25s).
[0m01:31:56.358138 [debug] [MainThread]: Command end result
[0m01:31:56.373677 [debug] [MainThread]: Wrote artifact WritableManifest to /Users/rajukaju/Projects/dbt_enpal_assessment/target/manifest.json
[0m01:31:56.374794 [debug] [MainThread]: Wrote artifact SemanticManifest to /Users/rajukaju/Projects/dbt_enpal_assessment/target/semantic_manifest.json
[0m01:31:56.379135 [debug] [MainThread]: Wrote artifact RunExecutionResult to /Users/rajukaju/Projects/dbt_enpal_assessment/target/run_results.json
[0m01:31:56.379386 [info ] [MainThread]: 
[0m01:31:56.379614 [info ] [MainThread]: [31mCompleted with 1 error, 0 partial successes, and 0 warnings:[0m
[0m01:31:56.379798 [info ] [MainThread]: 
[0m01:31:56.380013 [error] [MainThread]: [31mFailure in model activity (models/bronze_raw/activity.sql)[0m
[0m01:31:56.380225 [error] [MainThread]:   Database Error in model activity (models/bronze_raw/activity.sql)
  syntax error at or near ";"
  LINE 19: FROM POSTGRES.PUBLIC.ACTIVITY;
                                        ^
  compiled code at target/run/enpal_assessment_project/models/bronze_raw/activity.sql
[0m01:31:56.380390 [info ] [MainThread]: 
[0m01:31:56.380582 [info ] [MainThread]:   compiled code at target/compiled/enpal_assessment_project/models/bronze_raw/activity.sql
[0m01:31:56.380739 [info ] [MainThread]: 
[0m01:31:56.380917 [info ] [MainThread]: Done. PASS=0 WARN=0 ERROR=1 SKIP=0 NO-OP=0 TOTAL=1
[0m01:31:56.382933 [debug] [MainThread]: Resource report: {"command_name": "run", "command_success": false, "command_wall_clock_time": 0.8901227, "process_in_blocks": "0", "process_kernel_time": 0.206054, "process_mem_max_rss": "129482752", "process_out_blocks": "0", "process_user_time": 1.419488}
[0m01:31:56.383236 [debug] [MainThread]: Command `dbt run` failed at 01:31:56.383176 after 0.89 seconds
[0m01:31:56.383489 [debug] [MainThread]: Sending event: {'category': 'dbt', 'action': 'invocation', 'label': 'end', 'context': [<snowplow_tracker.self_describing_json.SelfDescribingJson object at 0x10a6d1250>, <snowplow_tracker.self_describing_json.SelfDescribingJson object at 0x108e248b0>, <snowplow_tracker.self_describing_json.SelfDescribingJson object at 0x10c6f5cd0>]}
[0m01:31:56.383725 [debug] [MainThread]: Flushing usage events
[0m01:31:57.381316 [debug] [MainThread]: An error was encountered while trying to flush usage events
[0m01:33:11.930982 [debug] [MainThread]: Sending event: {'category': 'dbt', 'action': 'invocation', 'label': 'start', 'context': [<snowplow_tracker.self_describing_json.SelfDescribingJson object at 0x10855d280>, <snowplow_tracker.self_describing_json.SelfDescribingJson object at 0x1095dbe80>, <snowplow_tracker.self_describing_json.SelfDescribingJson object at 0x1095db250>]}


============================== 01:33:11.934805 | 84b170c8-640c-48b3-b544-198ce4b11702 ==============================
[0m01:33:11.934805 [info ] [MainThread]: Running with dbt=1.10.19
[0m01:33:11.935162 [debug] [MainThread]: running dbt with arguments {'use_experimental_parser': 'False', 'log_format': 'default', 'fail_fast': 'False', 'log_path': '/Users/rajukaju/Projects/dbt_enpal_assessment/logs', 'introspect': 'True', 'send_anonymous_usage_stats': 'True', 'printer_width': '80', 'no_print': 'None', 'cache_selected_only': 'False', 'empty': 'False', 'target_path': 'None', 'warn_error_options': 'WarnErrorOptionsV2(error=[], warn=[], silence=[])', 'profiles_dir': '/Users/rajukaju/Projects/dbt_enpal_assessment', 'invocation_command': 'dbt run -s activity.sql', 'log_cache_events': 'False', 'partial_parse': 'True', 'version_check': 'True', 'write_json': 'True', 'debug': 'False', 'use_colors': 'True', 'warn_error': 'None', 'static_parser': 'True', 'quiet': 'False', 'indirect_selection': 'eager'}
[0m01:33:12.053451 [debug] [MainThread]: Sending event: {'category': 'dbt', 'action': 'project_id', 'label': '84b170c8-640c-48b3-b544-198ce4b11702', 'context': [<snowplow_tracker.self_describing_json.SelfDescribingJson object at 0x1095b6460>]}
[0m01:33:12.089966 [debug] [MainThread]: Sending event: {'category': 'dbt', 'action': 'adapter_info', 'label': '84b170c8-640c-48b3-b544-198ce4b11702', 'context': [<snowplow_tracker.self_describing_json.SelfDescribingJson object at 0x108e4d670>]}
[0m01:33:12.090726 [info ] [MainThread]: Registered adapter: postgres=1.9.1
[0m01:33:12.162352 [debug] [MainThread]: checksum: c35ba6d374a0901ceb00688d5179d5550885e1756283b03e5e81c28e0d8d2248, vars: {}, profile: , target: , version: 1.10.19
[0m01:33:12.255250 [debug] [MainThread]: Partial parsing enabled: 0 files deleted, 0 files added, 0 files changed.
[0m01:33:12.255493 [debug] [MainThread]: Partial parsing enabled, no changes found, skipping parsing
[0m01:33:12.280295 [debug] [MainThread]: Sending event: {'category': 'dbt', 'action': 'load_project', 'label': '84b170c8-640c-48b3-b544-198ce4b11702', 'context': [<snowplow_tracker.self_describing_json.SelfDescribingJson object at 0x10a5b5130>]}
[0m01:33:12.332706 [debug] [MainThread]: Wrote artifact WritableManifest to /Users/rajukaju/Projects/dbt_enpal_assessment/target/manifest.json
[0m01:33:12.334290 [debug] [MainThread]: Wrote artifact SemanticManifest to /Users/rajukaju/Projects/dbt_enpal_assessment/target/semantic_manifest.json
[0m01:33:12.345856 [debug] [MainThread]: Sending event: {'category': 'dbt', 'action': 'resource_counts', 'label': '84b170c8-640c-48b3-b544-198ce4b11702', 'context': [<snowplow_tracker.self_describing_json.SelfDescribingJson object at 0x107a795e0>]}
[0m01:33:12.346153 [info ] [MainThread]: Found 1 model, 1 source, 447 macros
[0m01:33:12.346347 [debug] [MainThread]: Sending event: {'category': 'dbt', 'action': 'runnable_timing', 'label': '84b170c8-640c-48b3-b544-198ce4b11702', 'context': [<snowplow_tracker.self_describing_json.SelfDescribingJson object at 0x10a5b5a60>]}
[0m01:33:12.347053 [info ] [MainThread]: 
[0m01:33:12.347247 [info ] [MainThread]: Concurrency: 1 threads (target='dev')
[0m01:33:12.347406 [info ] [MainThread]: 
[0m01:33:12.347685 [debug] [MainThread]: Acquiring new postgres connection 'master'
[0m01:33:12.348181 [debug] [ThreadPool]: Acquiring new postgres connection 'list_postgres'
[0m01:33:12.413804 [debug] [ThreadPool]: Using postgres connection "list_postgres"
[0m01:33:12.414049 [debug] [ThreadPool]: On list_postgres: /* {"app": "dbt", "dbt_version": "1.10.19", "profile_name": "enpal_assessment_project", "target_name": "dev", "connection_name": "list_postgres"} */

    select distinct nspname from pg_namespace
  
[0m01:33:12.414206 [debug] [ThreadPool]: Opening a new connection, currently in state init
[0m01:33:12.559639 [debug] [ThreadPool]: SQL status: SELECT 5 in 0.145 seconds
[0m01:33:12.560975 [debug] [ThreadPool]: On list_postgres: Close
[0m01:33:12.561996 [debug] [ThreadPool]: Re-using an available connection from the pool (formerly list_postgres, now list_postgres_public_pipedrive_analytics)
[0m01:33:12.569161 [debug] [ThreadPool]: Using postgres connection "list_postgres_public_pipedrive_analytics"
[0m01:33:12.569566 [debug] [ThreadPool]: On list_postgres_public_pipedrive_analytics: BEGIN
[0m01:33:12.569822 [debug] [ThreadPool]: Opening a new connection, currently in state closed
[0m01:33:12.581256 [debug] [ThreadPool]: SQL status: BEGIN in 0.011 seconds
[0m01:33:12.581675 [debug] [ThreadPool]: Using postgres connection "list_postgres_public_pipedrive_analytics"
[0m01:33:12.581975 [debug] [ThreadPool]: On list_postgres_public_pipedrive_analytics: /* {"app": "dbt", "dbt_version": "1.10.19", "profile_name": "enpal_assessment_project", "target_name": "dev", "connection_name": "list_postgres_public_pipedrive_analytics"} */
select
      'postgres' as database,
      tablename as name,
      schemaname as schema,
      'table' as type
    from pg_tables
    where schemaname ilike 'public_pipedrive_analytics'
    union all
    select
      'postgres' as database,
      viewname as name,
      schemaname as schema,
      'view' as type
    from pg_views
    where schemaname ilike 'public_pipedrive_analytics'
    union all
    select
      'postgres' as database,
      matviewname as name,
      schemaname as schema,
      'materialized_view' as type
    from pg_matviews
    where schemaname ilike 'public_pipedrive_analytics'
  
[0m01:33:12.586920 [debug] [ThreadPool]: SQL status: SELECT 0 in 0.005 seconds
[0m01:33:12.588211 [debug] [ThreadPool]: On list_postgres_public_pipedrive_analytics: ROLLBACK
[0m01:33:12.588908 [debug] [ThreadPool]: On list_postgres_public_pipedrive_analytics: Close
[0m01:33:12.594784 [debug] [MainThread]: Using postgres connection "master"
[0m01:33:12.595242 [debug] [MainThread]: On master: BEGIN
[0m01:33:12.595467 [debug] [MainThread]: Opening a new connection, currently in state init
[0m01:33:12.611684 [debug] [MainThread]: SQL status: BEGIN in 0.016 seconds
[0m01:33:12.612471 [debug] [MainThread]: Using postgres connection "master"
[0m01:33:12.613022 [debug] [MainThread]: On master: /* {"app": "dbt", "dbt_version": "1.10.19", "profile_name": "enpal_assessment_project", "target_name": "dev", "connection_name": "master"} */
select distinct
        dependent_namespace.nspname as dependent_schema,
        dependent_class.relname as dependent_name,
        referenced_namespace.nspname as referenced_schema,
        referenced_class.relname as referenced_name

    -- Query for views: views are entries in pg_class with an entry in pg_rewrite, but we avoid
    -- a seq scan on pg_rewrite by leveraging the fact there is an "internal" row in pg_depend for
    -- the view...
    from pg_class as dependent_class
    join pg_namespace as dependent_namespace on dependent_namespace.oid = dependent_class.relnamespace
    join pg_depend as dependent_depend on dependent_depend.refobjid = dependent_class.oid
        and dependent_depend.classid = 'pg_rewrite'::regclass
        and dependent_depend.refclassid = 'pg_class'::regclass
        and dependent_depend.deptype = 'i'

    -- ... and via pg_depend (that has a row per column, hence the need for "distinct" above, and
    -- making sure to exclude the internal row to avoid a view appearing to depend on itself)...
    join pg_depend as joining_depend on joining_depend.objid = dependent_depend.objid
        and joining_depend.classid = 'pg_rewrite'::regclass
        and joining_depend.refclassid = 'pg_class'::regclass
        and joining_depend.refobjid != dependent_depend.refobjid

    -- ... we can find the tables they query from in pg_class, but excluding system tables. Note we
    -- don't need need to exclude _dependent_ system tables, because they only query from other
    -- system tables, and so are automatically excluded by excluding _referenced_ system tables
    join pg_class as referenced_class on referenced_class.oid = joining_depend.refobjid
    join pg_namespace as referenced_namespace on referenced_namespace.oid = referenced_class.relnamespace
        and referenced_namespace.nspname != 'information_schema'
        and referenced_namespace.nspname not like 'pg\_%'

    order by
        dependent_schema, dependent_name, referenced_schema, referenced_name;
[0m01:33:12.619364 [debug] [MainThread]: SQL status: SELECT 0 in 0.006 seconds
[0m01:33:12.620408 [debug] [MainThread]: Sending event: {'category': 'dbt', 'action': 'runnable_timing', 'label': '84b170c8-640c-48b3-b544-198ce4b11702', 'context': [<snowplow_tracker.self_describing_json.SelfDescribingJson object at 0x10a5cf220>]}
[0m01:33:12.620749 [debug] [MainThread]: On master: ROLLBACK
[0m01:33:12.621397 [debug] [MainThread]: Using postgres connection "master"
[0m01:33:12.621637 [debug] [MainThread]: On master: BEGIN
[0m01:33:12.622456 [debug] [MainThread]: SQL status: BEGIN in 0.001 seconds
[0m01:33:12.622696 [debug] [MainThread]: On master: COMMIT
[0m01:33:12.622894 [debug] [MainThread]: Using postgres connection "master"
[0m01:33:12.623077 [debug] [MainThread]: On master: COMMIT
[0m01:33:12.623536 [debug] [MainThread]: SQL status: COMMIT in 0.000 seconds
[0m01:33:12.623718 [debug] [MainThread]: On master: Close
[0m01:33:12.625662 [debug] [Thread-1  ]: Began running node model.enpal_assessment_project.activity
[0m01:33:12.626139 [info ] [Thread-1  ]: 1 of 1 START sql table model public_pipedrive_analytics.activity ............... [RUN]
[0m01:33:12.626482 [debug] [Thread-1  ]: Re-using an available connection from the pool (formerly list_postgres_public_pipedrive_analytics, now model.enpal_assessment_project.activity)
[0m01:33:12.626713 [debug] [Thread-1  ]: Began compiling node model.enpal_assessment_project.activity
[0m01:33:12.632896 [debug] [Thread-1  ]: Writing injected SQL for node "model.enpal_assessment_project.activity"
[0m01:33:12.636682 [debug] [Thread-1  ]: Began executing node model.enpal_assessment_project.activity
[0m01:33:12.790660 [debug] [Thread-1  ]: Writing runtime sql for node "model.enpal_assessment_project.activity"
[0m01:33:12.791215 [debug] [Thread-1  ]: Using postgres connection "model.enpal_assessment_project.activity"
[0m01:33:12.791433 [debug] [Thread-1  ]: On model.enpal_assessment_project.activity: BEGIN
[0m01:33:12.791631 [debug] [Thread-1  ]: Opening a new connection, currently in state closed
[0m01:33:12.803711 [debug] [Thread-1  ]: SQL status: BEGIN in 0.012 seconds
[0m01:33:12.804032 [debug] [Thread-1  ]: Using postgres connection "model.enpal_assessment_project.activity"
[0m01:33:12.804253 [debug] [Thread-1  ]: On model.enpal_assessment_project.activity: /* {"app": "dbt", "dbt_version": "1.10.19", "profile_name": "enpal_assessment_project", "target_name": "dev", "node_id": "model.enpal_assessment_project.activity"} */

  
    

  create  table "postgres"."public_pipedrive_analytics"."activity__dbt_tmp"
  
  
    as
  
  (
    SELECT
    activity_id, 
    type,  
    assigned_to_user, 
    deal_id, 
    done, 
    due_to 
FROM POSTGRES.PUBLIC.ACTIVITY;
  );
  
[0m01:33:12.805250 [debug] [Thread-1  ]: Postgres adapter: Postgres error: syntax error at or near ";"
LINE 19: FROM POSTGRES.PUBLIC.ACTIVITY;
                                      ^

[0m01:33:12.805571 [debug] [Thread-1  ]: On model.enpal_assessment_project.activity: ROLLBACK
[0m01:33:12.806356 [debug] [Thread-1  ]: On model.enpal_assessment_project.activity: Close
[0m01:33:12.824065 [debug] [Thread-1  ]: Database Error in model activity (models/bronze_raw/activity.sql)
  syntax error at or near ";"
  LINE 19: FROM POSTGRES.PUBLIC.ACTIVITY;
                                        ^
  compiled code at target/run/enpal_assessment_project/models/bronze_raw/activity.sql
[0m01:33:12.825424 [debug] [Thread-1  ]: Sending event: {'category': 'dbt', 'action': 'run_model', 'label': '84b170c8-640c-48b3-b544-198ce4b11702', 'context': [<snowplow_tracker.self_describing_json.SelfDescribingJson object at 0x10957eb50>]}
[0m01:33:12.825851 [error] [Thread-1  ]: 1 of 1 ERROR creating sql table model public_pipedrive_analytics.activity ...... [[31mERROR[0m in 0.20s]
[0m01:33:12.826192 [debug] [Thread-1  ]: Finished running node model.enpal_assessment_project.activity
[0m01:33:12.826501 [debug] [Thread-4  ]: Marking all children of 'model.enpal_assessment_project.activity' to be skipped because of status 'error'.  Reason: Database Error in model activity (models/bronze_raw/activity.sql)
  syntax error at or near ";"
  LINE 19: FROM POSTGRES.PUBLIC.ACTIVITY;
                                        ^
  compiled code at target/run/enpal_assessment_project/models/bronze_raw/activity.sql.
[0m01:33:12.827124 [debug] [MainThread]: Using postgres connection "master"
[0m01:33:12.827305 [debug] [MainThread]: On master: BEGIN
[0m01:33:12.827454 [debug] [MainThread]: Opening a new connection, currently in state closed
[0m01:33:12.839687 [debug] [MainThread]: SQL status: BEGIN in 0.012 seconds
[0m01:33:12.839936 [debug] [MainThread]: On master: COMMIT
[0m01:33:12.840108 [debug] [MainThread]: Using postgres connection "master"
[0m01:33:12.840259 [debug] [MainThread]: On master: COMMIT
[0m01:33:12.840735 [debug] [MainThread]: SQL status: COMMIT in 0.000 seconds
[0m01:33:12.840894 [debug] [MainThread]: On master: Close
[0m01:33:12.841137 [debug] [MainThread]: Connection 'master' was properly closed.
[0m01:33:12.841286 [debug] [MainThread]: Connection 'model.enpal_assessment_project.activity' was properly closed.
[0m01:33:12.841461 [info ] [MainThread]: 
[0m01:33:12.841663 [info ] [MainThread]: Finished running 1 table model in 0 hours 0 minutes and 0.49 seconds (0.49s).
[0m01:33:12.842097 [debug] [MainThread]: Command end result
[0m01:33:12.856502 [debug] [MainThread]: Wrote artifact WritableManifest to /Users/rajukaju/Projects/dbt_enpal_assessment/target/manifest.json
[0m01:33:12.857602 [debug] [MainThread]: Wrote artifact SemanticManifest to /Users/rajukaju/Projects/dbt_enpal_assessment/target/semantic_manifest.json
[0m01:33:12.862093 [debug] [MainThread]: Wrote artifact RunExecutionResult to /Users/rajukaju/Projects/dbt_enpal_assessment/target/run_results.json
[0m01:33:12.862356 [info ] [MainThread]: 
[0m01:33:12.862612 [info ] [MainThread]: [31mCompleted with 1 error, 0 partial successes, and 0 warnings:[0m
[0m01:33:12.862813 [info ] [MainThread]: 
[0m01:33:12.863031 [error] [MainThread]: [31mFailure in model activity (models/bronze_raw/activity.sql)[0m
[0m01:33:12.863239 [error] [MainThread]:   Database Error in model activity (models/bronze_raw/activity.sql)
  syntax error at or near ";"
  LINE 19: FROM POSTGRES.PUBLIC.ACTIVITY;
                                        ^
  compiled code at target/run/enpal_assessment_project/models/bronze_raw/activity.sql
[0m01:33:12.863400 [info ] [MainThread]: 
[0m01:33:12.863588 [info ] [MainThread]:   compiled code at target/compiled/enpal_assessment_project/models/bronze_raw/activity.sql
[0m01:33:12.863744 [info ] [MainThread]: 
[0m01:33:12.863917 [info ] [MainThread]: Done. PASS=0 WARN=0 ERROR=1 SKIP=0 NO-OP=0 TOTAL=1
[0m01:33:12.866082 [debug] [MainThread]: Resource report: {"command_name": "run", "command_success": false, "command_wall_clock_time": 0.98521936, "process_in_blocks": "0", "process_kernel_time": 0.23664, "process_mem_max_rss": "123518976", "process_out_blocks": "0", "process_user_time": 1.29571}
[0m01:33:12.866342 [debug] [MainThread]: Command `dbt run` failed at 01:33:12.866287 after 0.99 seconds
[0m01:33:12.866567 [debug] [MainThread]: Sending event: {'category': 'dbt', 'action': 'invocation', 'label': 'end', 'context': [<snowplow_tracker.self_describing_json.SelfDescribingJson object at 0x10855d280>, <snowplow_tracker.self_describing_json.SelfDescribingJson object at 0x10a675cd0>, <snowplow_tracker.self_describing_json.SelfDescribingJson object at 0x106c79100>]}
[0m01:33:12.866785 [debug] [MainThread]: Flushing usage events
[0m01:33:13.964046 [debug] [MainThread]: An error was encountered while trying to flush usage events
[0m01:33:32.138805 [debug] [MainThread]: Sending event: {'category': 'dbt', 'action': 'invocation', 'label': 'start', 'context': [<snowplow_tracker.self_describing_json.SelfDescribingJson object at 0x10a0bd1f0>, <snowplow_tracker.self_describing_json.SelfDescribingJson object at 0x10b13be20>, <snowplow_tracker.self_describing_json.SelfDescribingJson object at 0x10b13b220>]}


============================== 01:33:32.141989 | 7a910327-b7e3-49e4-a6de-3af9fc5c0001 ==============================
[0m01:33:32.141989 [info ] [MainThread]: Running with dbt=1.10.19
[0m01:33:32.142355 [debug] [MainThread]: running dbt with arguments {'log_cache_events': 'False', 'log_format': 'default', 'write_json': 'True', 'empty': 'False', 'introspect': 'True', 'warn_error_options': 'WarnErrorOptionsV2(error=[], warn=[], silence=[])', 'send_anonymous_usage_stats': 'True', 'partial_parse': 'True', 'no_print': 'None', 'invocation_command': 'dbt run -s activity.sql', 'debug': 'False', 'quiet': 'False', 'warn_error': 'None', 'use_colors': 'True', 'log_path': '/Users/rajukaju/Projects/dbt_enpal_assessment/logs', 'printer_width': '80', 'fail_fast': 'False', 'version_check': 'True', 'profiles_dir': '/Users/rajukaju/Projects/dbt_enpal_assessment', 'target_path': 'None', 'use_experimental_parser': 'False', 'static_parser': 'True', 'cache_selected_only': 'False', 'indirect_selection': 'eager'}
[0m01:33:32.257559 [debug] [MainThread]: Sending event: {'category': 'dbt', 'action': 'project_id', 'label': '7a910327-b7e3-49e4-a6de-3af9fc5c0001', 'context': [<snowplow_tracker.self_describing_json.SelfDescribingJson object at 0x108810220>]}
[0m01:33:32.294215 [debug] [MainThread]: Sending event: {'category': 'dbt', 'action': 'adapter_info', 'label': '7a910327-b7e3-49e4-a6de-3af9fc5c0001', 'context': [<snowplow_tracker.self_describing_json.SelfDescribingJson object at 0x10b0f2b80>]}
[0m01:33:32.295635 [info ] [MainThread]: Registered adapter: postgres=1.9.1
[0m01:33:32.365363 [debug] [MainThread]: checksum: c35ba6d374a0901ceb00688d5179d5550885e1756283b03e5e81c28e0d8d2248, vars: {}, profile: , target: , version: 1.10.19
[0m01:33:32.455632 [debug] [MainThread]: Partial parsing enabled: 0 files deleted, 0 files added, 1 files changed.
[0m01:33:32.455994 [debug] [MainThread]: Partial parsing: updated file: enpal_assessment_project://models/bronze_raw/activity.sql
[0m01:33:32.611610 [debug] [MainThread]: Sending event: {'category': 'dbt', 'action': 'load_project', 'label': '7a910327-b7e3-49e4-a6de-3af9fc5c0001', 'context': [<snowplow_tracker.self_describing_json.SelfDescribingJson object at 0x10c2ef130>]}
[0m01:33:32.690143 [debug] [MainThread]: Wrote artifact WritableManifest to /Users/rajukaju/Projects/dbt_enpal_assessment/target/manifest.json
[0m01:33:32.691531 [debug] [MainThread]: Wrote artifact SemanticManifest to /Users/rajukaju/Projects/dbt_enpal_assessment/target/semantic_manifest.json
[0m01:33:32.702105 [debug] [MainThread]: Sending event: {'category': 'dbt', 'action': 'resource_counts', 'label': '7a910327-b7e3-49e4-a6de-3af9fc5c0001', 'context': [<snowplow_tracker.self_describing_json.SelfDescribingJson object at 0x10c15ff40>]}
[0m01:33:32.702388 [info ] [MainThread]: Found 1 model, 1 source, 447 macros
[0m01:33:32.702581 [debug] [MainThread]: Sending event: {'category': 'dbt', 'action': 'runnable_timing', 'label': '7a910327-b7e3-49e4-a6de-3af9fc5c0001', 'context': [<snowplow_tracker.self_describing_json.SelfDescribingJson object at 0x10c0f06a0>]}
[0m01:33:32.703273 [info ] [MainThread]: 
[0m01:33:32.703458 [info ] [MainThread]: Concurrency: 1 threads (target='dev')
[0m01:33:32.703619 [info ] [MainThread]: 
[0m01:33:32.703885 [debug] [MainThread]: Acquiring new postgres connection 'master'
[0m01:33:32.704317 [debug] [ThreadPool]: Acquiring new postgres connection 'list_postgres'
[0m01:33:32.740602 [debug] [ThreadPool]: Using postgres connection "list_postgres"
[0m01:33:32.740852 [debug] [ThreadPool]: On list_postgres: /* {"app": "dbt", "dbt_version": "1.10.19", "profile_name": "enpal_assessment_project", "target_name": "dev", "connection_name": "list_postgres"} */

    select distinct nspname from pg_namespace
  
[0m01:33:32.741009 [debug] [ThreadPool]: Opening a new connection, currently in state init
[0m01:33:32.780703 [debug] [ThreadPool]: SQL status: SELECT 5 in 0.040 seconds
[0m01:33:32.781535 [debug] [ThreadPool]: On list_postgres: Close
[0m01:33:32.782134 [debug] [ThreadPool]: Re-using an available connection from the pool (formerly list_postgres, now list_postgres_public_pipedrive_analytics)
[0m01:33:32.786265 [debug] [ThreadPool]: Using postgres connection "list_postgres_public_pipedrive_analytics"
[0m01:33:32.786451 [debug] [ThreadPool]: On list_postgres_public_pipedrive_analytics: BEGIN
[0m01:33:32.786607 [debug] [ThreadPool]: Opening a new connection, currently in state closed
[0m01:33:32.796131 [debug] [ThreadPool]: SQL status: BEGIN in 0.009 seconds
[0m01:33:32.796367 [debug] [ThreadPool]: Using postgres connection "list_postgres_public_pipedrive_analytics"
[0m01:33:32.796582 [debug] [ThreadPool]: On list_postgres_public_pipedrive_analytics: /* {"app": "dbt", "dbt_version": "1.10.19", "profile_name": "enpal_assessment_project", "target_name": "dev", "connection_name": "list_postgres_public_pipedrive_analytics"} */
select
      'postgres' as database,
      tablename as name,
      schemaname as schema,
      'table' as type
    from pg_tables
    where schemaname ilike 'public_pipedrive_analytics'
    union all
    select
      'postgres' as database,
      viewname as name,
      schemaname as schema,
      'view' as type
    from pg_views
    where schemaname ilike 'public_pipedrive_analytics'
    union all
    select
      'postgres' as database,
      matviewname as name,
      schemaname as schema,
      'materialized_view' as type
    from pg_matviews
    where schemaname ilike 'public_pipedrive_analytics'
  
[0m01:33:32.799967 [debug] [ThreadPool]: SQL status: SELECT 0 in 0.003 seconds
[0m01:33:32.800776 [debug] [ThreadPool]: On list_postgres_public_pipedrive_analytics: ROLLBACK
[0m01:33:32.801245 [debug] [ThreadPool]: On list_postgres_public_pipedrive_analytics: Close
[0m01:33:32.804690 [debug] [MainThread]: Using postgres connection "master"
[0m01:33:32.804938 [debug] [MainThread]: On master: BEGIN
[0m01:33:32.805119 [debug] [MainThread]: Opening a new connection, currently in state init
[0m01:33:32.812464 [debug] [MainThread]: SQL status: BEGIN in 0.007 seconds
[0m01:33:32.812706 [debug] [MainThread]: Using postgres connection "master"
[0m01:33:32.812962 [debug] [MainThread]: On master: /* {"app": "dbt", "dbt_version": "1.10.19", "profile_name": "enpal_assessment_project", "target_name": "dev", "connection_name": "master"} */
select distinct
        dependent_namespace.nspname as dependent_schema,
        dependent_class.relname as dependent_name,
        referenced_namespace.nspname as referenced_schema,
        referenced_class.relname as referenced_name

    -- Query for views: views are entries in pg_class with an entry in pg_rewrite, but we avoid
    -- a seq scan on pg_rewrite by leveraging the fact there is an "internal" row in pg_depend for
    -- the view...
    from pg_class as dependent_class
    join pg_namespace as dependent_namespace on dependent_namespace.oid = dependent_class.relnamespace
    join pg_depend as dependent_depend on dependent_depend.refobjid = dependent_class.oid
        and dependent_depend.classid = 'pg_rewrite'::regclass
        and dependent_depend.refclassid = 'pg_class'::regclass
        and dependent_depend.deptype = 'i'

    -- ... and via pg_depend (that has a row per column, hence the need for "distinct" above, and
    -- making sure to exclude the internal row to avoid a view appearing to depend on itself)...
    join pg_depend as joining_depend on joining_depend.objid = dependent_depend.objid
        and joining_depend.classid = 'pg_rewrite'::regclass
        and joining_depend.refclassid = 'pg_class'::regclass
        and joining_depend.refobjid != dependent_depend.refobjid

    -- ... we can find the tables they query from in pg_class, but excluding system tables. Note we
    -- don't need need to exclude _dependent_ system tables, because they only query from other
    -- system tables, and so are automatically excluded by excluding _referenced_ system tables
    join pg_class as referenced_class on referenced_class.oid = joining_depend.refobjid
    join pg_namespace as referenced_namespace on referenced_namespace.oid = referenced_class.relnamespace
        and referenced_namespace.nspname != 'information_schema'
        and referenced_namespace.nspname not like 'pg\_%'

    order by
        dependent_schema, dependent_name, referenced_schema, referenced_name;
[0m01:33:32.815098 [debug] [MainThread]: SQL status: SELECT 0 in 0.002 seconds
[0m01:33:32.815886 [debug] [MainThread]: Sending event: {'category': 'dbt', 'action': 'runnable_timing', 'label': '7a910327-b7e3-49e4-a6de-3af9fc5c0001', 'context': [<snowplow_tracker.self_describing_json.SelfDescribingJson object at 0x10c137fd0>]}
[0m01:33:32.816191 [debug] [MainThread]: On master: ROLLBACK
[0m01:33:32.816653 [debug] [MainThread]: Using postgres connection "master"
[0m01:33:32.816839 [debug] [MainThread]: On master: BEGIN
[0m01:33:32.817524 [debug] [MainThread]: SQL status: BEGIN in 0.000 seconds
[0m01:33:32.817754 [debug] [MainThread]: On master: COMMIT
[0m01:33:32.817954 [debug] [MainThread]: Using postgres connection "master"
[0m01:33:32.818137 [debug] [MainThread]: On master: COMMIT
[0m01:33:32.818545 [debug] [MainThread]: SQL status: COMMIT in 0.000 seconds
[0m01:33:32.818786 [debug] [MainThread]: On master: Close
[0m01:33:32.820444 [debug] [Thread-1  ]: Began running node model.enpal_assessment_project.activity
[0m01:33:32.820813 [info ] [Thread-1  ]: 1 of 1 START sql table model public_pipedrive_analytics.activity ............... [RUN]
[0m01:33:32.821115 [debug] [Thread-1  ]: Re-using an available connection from the pool (formerly list_postgres_public_pipedrive_analytics, now model.enpal_assessment_project.activity)
[0m01:33:32.821347 [debug] [Thread-1  ]: Began compiling node model.enpal_assessment_project.activity
[0m01:33:32.827506 [debug] [Thread-1  ]: Writing injected SQL for node "model.enpal_assessment_project.activity"
[0m01:33:32.827944 [debug] [Thread-1  ]: Began executing node model.enpal_assessment_project.activity
[0m01:33:32.855866 [debug] [Thread-1  ]: Writing runtime sql for node "model.enpal_assessment_project.activity"
[0m01:33:32.856432 [debug] [Thread-1  ]: Using postgres connection "model.enpal_assessment_project.activity"
[0m01:33:32.856676 [debug] [Thread-1  ]: On model.enpal_assessment_project.activity: BEGIN
[0m01:33:32.856876 [debug] [Thread-1  ]: Opening a new connection, currently in state closed
[0m01:33:32.871336 [debug] [Thread-1  ]: SQL status: BEGIN in 0.014 seconds
[0m01:33:32.871693 [debug] [Thread-1  ]: Using postgres connection "model.enpal_assessment_project.activity"
[0m01:33:32.871941 [debug] [Thread-1  ]: On model.enpal_assessment_project.activity: /* {"app": "dbt", "dbt_version": "1.10.19", "profile_name": "enpal_assessment_project", "target_name": "dev", "node_id": "model.enpal_assessment_project.activity"} */

  
    

  create  table "postgres"."public_pipedrive_analytics"."activity__dbt_tmp"
  
  
    as
  
  (
    SELECT 
    activity_id, 
    type,  
    assigned_to_user, 
    deal_id, 
    done, 
    due_to 
FROM POSTGRES.PUBLIC.ACTIVITY
  );
  
[0m01:33:32.878238 [debug] [Thread-1  ]: SQL status: SELECT 4579 in 0.006 seconds
[0m01:33:32.886050 [debug] [Thread-1  ]: Using postgres connection "model.enpal_assessment_project.activity"
[0m01:33:32.886335 [debug] [Thread-1  ]: On model.enpal_assessment_project.activity: /* {"app": "dbt", "dbt_version": "1.10.19", "profile_name": "enpal_assessment_project", "target_name": "dev", "node_id": "model.enpal_assessment_project.activity"} */
alter table "postgres"."public_pipedrive_analytics"."activity__dbt_tmp" rename to "activity"
[0m01:33:32.887128 [debug] [Thread-1  ]: SQL status: ALTER TABLE in 0.001 seconds
[0m01:33:32.897677 [debug] [Thread-1  ]: On model.enpal_assessment_project.activity: COMMIT
[0m01:33:32.897925 [debug] [Thread-1  ]: Using postgres connection "model.enpal_assessment_project.activity"
[0m01:33:32.898137 [debug] [Thread-1  ]: On model.enpal_assessment_project.activity: COMMIT
[0m01:33:32.901038 [debug] [Thread-1  ]: SQL status: COMMIT in 0.003 seconds
[0m01:33:32.905508 [debug] [Thread-1  ]: Applying DROP to: "postgres"."public_pipedrive_analytics"."activity__dbt_backup"
[0m01:33:32.908451 [debug] [Thread-1  ]: Using postgres connection "model.enpal_assessment_project.activity"
[0m01:33:32.908687 [debug] [Thread-1  ]: On model.enpal_assessment_project.activity: /* {"app": "dbt", "dbt_version": "1.10.19", "profile_name": "enpal_assessment_project", "target_name": "dev", "node_id": "model.enpal_assessment_project.activity"} */
drop table if exists "postgres"."public_pipedrive_analytics"."activity__dbt_backup" cascade
[0m01:33:32.909784 [debug] [Thread-1  ]: SQL status: DROP TABLE in 0.001 seconds
[0m01:33:32.911394 [debug] [Thread-1  ]: On model.enpal_assessment_project.activity: Close
[0m01:33:32.912762 [debug] [Thread-1  ]: Sending event: {'category': 'dbt', 'action': 'run_model', 'label': '7a910327-b7e3-49e4-a6de-3af9fc5c0001', 'context': [<snowplow_tracker.self_describing_json.SelfDescribingJson object at 0x10c54dd60>]}
[0m01:33:32.913173 [info ] [Thread-1  ]: 1 of 1 OK created sql table model public_pipedrive_analytics.activity .......... [[32mSELECT 4579[0m in 0.09s]
[0m01:33:32.913520 [debug] [Thread-1  ]: Finished running node model.enpal_assessment_project.activity
[0m01:33:32.914126 [debug] [MainThread]: Using postgres connection "master"
[0m01:33:32.914316 [debug] [MainThread]: On master: BEGIN
[0m01:33:32.914481 [debug] [MainThread]: Opening a new connection, currently in state closed
[0m01:33:32.924895 [debug] [MainThread]: SQL status: BEGIN in 0.010 seconds
[0m01:33:32.925102 [debug] [MainThread]: On master: COMMIT
[0m01:33:32.925280 [debug] [MainThread]: Using postgres connection "master"
[0m01:33:32.925446 [debug] [MainThread]: On master: COMMIT
[0m01:33:32.925870 [debug] [MainThread]: SQL status: COMMIT in 0.000 seconds
[0m01:33:32.926040 [debug] [MainThread]: On master: Close
[0m01:33:32.926273 [debug] [MainThread]: Connection 'master' was properly closed.
[0m01:33:32.926435 [debug] [MainThread]: Connection 'model.enpal_assessment_project.activity' was properly closed.
[0m01:33:32.926627 [info ] [MainThread]: 
[0m01:33:32.926829 [info ] [MainThread]: Finished running 1 table model in 0 hours 0 minutes and 0.22 seconds (0.22s).
[0m01:33:32.927263 [debug] [MainThread]: Command end result
[0m01:33:32.943084 [debug] [MainThread]: Wrote artifact WritableManifest to /Users/rajukaju/Projects/dbt_enpal_assessment/target/manifest.json
[0m01:33:32.944085 [debug] [MainThread]: Wrote artifact SemanticManifest to /Users/rajukaju/Projects/dbt_enpal_assessment/target/semantic_manifest.json
[0m01:33:32.948180 [debug] [MainThread]: Wrote artifact RunExecutionResult to /Users/rajukaju/Projects/dbt_enpal_assessment/target/run_results.json
[0m01:33:32.948371 [info ] [MainThread]: 
[0m01:33:32.948601 [info ] [MainThread]: [32mCompleted successfully[0m
[0m01:33:32.948771 [info ] [MainThread]: 
[0m01:33:32.948952 [info ] [MainThread]: Done. PASS=1 WARN=0 ERROR=0 SKIP=0 NO-OP=0 TOTAL=1
[0m01:33:32.950870 [debug] [MainThread]: Resource report: {"command_name": "run", "command_success": true, "command_wall_clock_time": 0.858177, "process_in_blocks": "0", "process_kernel_time": 0.226903, "process_mem_max_rss": "129220608", "process_out_blocks": "0", "process_user_time": 1.408085}
[0m01:33:32.951116 [debug] [MainThread]: Command `dbt run` succeeded at 01:33:32.951066 after 0.86 seconds
[0m01:33:32.951332 [debug] [MainThread]: Sending event: {'category': 'dbt', 'action': 'invocation', 'label': 'end', 'context': [<snowplow_tracker.self_describing_json.SelfDescribingJson object at 0x10a0bd1f0>, <snowplow_tracker.self_describing_json.SelfDescribingJson object at 0x10aa09340>, <snowplow_tracker.self_describing_json.SelfDescribingJson object at 0x10c15fa30>]}
[0m01:33:32.951553 [debug] [MainThread]: Flushing usage events
[0m01:33:34.055434 [debug] [MainThread]: An error was encountered while trying to flush usage events
[0m01:35:38.644534 [debug] [MainThread]: Sending event: {'category': 'dbt', 'action': 'invocation', 'label': 'start', 'context': [<snowplow_tracker.self_describing_json.SelfDescribingJson object at 0x10c71d250>, <snowplow_tracker.self_describing_json.SelfDescribingJson object at 0x10d79af10>, <snowplow_tracker.self_describing_json.SelfDescribingJson object at 0x10d79a190>]}


============================== 01:35:38.647441 | 924a6953-f6f1-4c9e-b951-a94dd829caf1 ==============================
[0m01:35:38.647441 [info ] [MainThread]: Running with dbt=1.10.19
[0m01:35:38.647797 [debug] [MainThread]: running dbt with arguments {'log_path': '/Users/rajukaju/Projects/dbt_enpal_assessment/logs', 'quiet': 'False', 'introspect': 'True', 'partial_parse': 'True', 'indirect_selection': 'eager', 'send_anonymous_usage_stats': 'True', 'write_json': 'True', 'log_cache_events': 'False', 'use_experimental_parser': 'False', 'no_print': 'None', 'debug': 'False', 'fail_fast': 'False', 'log_format': 'default', 'use_colors': 'True', 'printer_width': '80', 'warn_error': 'None', 'target_path': 'None', 'version_check': 'True', 'cache_selected_only': 'False', 'invocation_command': 'dbt run -s activity.sql', 'profiles_dir': '/Users/rajukaju/Projects/dbt_enpal_assessment', 'warn_error_options': 'WarnErrorOptionsV2(error=[], warn=[], silence=[])', 'static_parser': 'True', 'empty': 'False'}
[0m01:35:38.764898 [debug] [MainThread]: Sending event: {'category': 'dbt', 'action': 'project_id', 'label': '924a6953-f6f1-4c9e-b951-a94dd829caf1', 'context': [<snowplow_tracker.self_describing_json.SelfDescribingJson object at 0x10ae708b0>]}
[0m01:35:38.801271 [debug] [MainThread]: Sending event: {'category': 'dbt', 'action': 'adapter_info', 'label': '924a6953-f6f1-4c9e-b951-a94dd829caf1', 'context': [<snowplow_tracker.self_describing_json.SelfDescribingJson object at 0x10d7764c0>]}
[0m01:35:38.802652 [info ] [MainThread]: Registered adapter: postgres=1.9.1
[0m01:35:38.873271 [debug] [MainThread]: checksum: c35ba6d374a0901ceb00688d5179d5550885e1756283b03e5e81c28e0d8d2248, vars: {}, profile: , target: , version: 1.10.19
[0m01:35:38.964621 [debug] [MainThread]: Partial parsing enabled: 0 files deleted, 0 files added, 1 files changed.
[0m01:35:38.964980 [debug] [MainThread]: Partial parsing: updated file: enpal_assessment_project://models/bronze_raw/activity.sql
[0m01:35:39.120723 [debug] [MainThread]: Sending event: {'category': 'dbt', 'action': 'load_project', 'label': '924a6953-f6f1-4c9e-b951-a94dd829caf1', 'context': [<snowplow_tracker.self_describing_json.SelfDescribingJson object at 0x10e94f130>]}
[0m01:35:39.198335 [debug] [MainThread]: Wrote artifact WritableManifest to /Users/rajukaju/Projects/dbt_enpal_assessment/target/manifest.json
[0m01:35:39.199724 [debug] [MainThread]: Wrote artifact SemanticManifest to /Users/rajukaju/Projects/dbt_enpal_assessment/target/semantic_manifest.json
[0m01:35:39.210301 [debug] [MainThread]: Sending event: {'category': 'dbt', 'action': 'resource_counts', 'label': '924a6953-f6f1-4c9e-b951-a94dd829caf1', 'context': [<snowplow_tracker.self_describing_json.SelfDescribingJson object at 0x10e741be0>]}
[0m01:35:39.210580 [info ] [MainThread]: Found 1 model, 1 source, 447 macros
[0m01:35:39.210774 [debug] [MainThread]: Sending event: {'category': 'dbt', 'action': 'runnable_timing', 'label': '924a6953-f6f1-4c9e-b951-a94dd829caf1', 'context': [<snowplow_tracker.self_describing_json.SelfDescribingJson object at 0x10e76ca30>]}
[0m01:35:39.211488 [info ] [MainThread]: 
[0m01:35:39.211671 [info ] [MainThread]: Concurrency: 1 threads (target='dev')
[0m01:35:39.211830 [info ] [MainThread]: 
[0m01:35:39.212095 [debug] [MainThread]: Acquiring new postgres connection 'master'
[0m01:35:39.212542 [debug] [ThreadPool]: Acquiring new postgres connection 'list_postgres'
[0m01:35:39.248921 [debug] [ThreadPool]: Using postgres connection "list_postgres"
[0m01:35:39.249184 [debug] [ThreadPool]: On list_postgres: /* {"app": "dbt", "dbt_version": "1.10.19", "profile_name": "enpal_assessment_project", "target_name": "dev", "connection_name": "list_postgres"} */

    select distinct nspname from pg_namespace
  
[0m01:35:39.249342 [debug] [ThreadPool]: Opening a new connection, currently in state init
[0m01:35:39.290035 [debug] [ThreadPool]: SQL status: SELECT 5 in 0.041 seconds
[0m01:35:39.290950 [debug] [ThreadPool]: On list_postgres: Close
[0m01:35:39.291595 [debug] [ThreadPool]: Re-using an available connection from the pool (formerly list_postgres, now list_postgres_public_pipedrive_analytics)
[0m01:35:39.296002 [debug] [ThreadPool]: Using postgres connection "list_postgres_public_pipedrive_analytics"
[0m01:35:39.296197 [debug] [ThreadPool]: On list_postgres_public_pipedrive_analytics: BEGIN
[0m01:35:39.296362 [debug] [ThreadPool]: Opening a new connection, currently in state closed
[0m01:35:39.304924 [debug] [ThreadPool]: SQL status: BEGIN in 0.009 seconds
[0m01:35:39.305207 [debug] [ThreadPool]: Using postgres connection "list_postgres_public_pipedrive_analytics"
[0m01:35:39.305414 [debug] [ThreadPool]: On list_postgres_public_pipedrive_analytics: /* {"app": "dbt", "dbt_version": "1.10.19", "profile_name": "enpal_assessment_project", "target_name": "dev", "connection_name": "list_postgres_public_pipedrive_analytics"} */
select
      'postgres' as database,
      tablename as name,
      schemaname as schema,
      'table' as type
    from pg_tables
    where schemaname ilike 'public_pipedrive_analytics'
    union all
    select
      'postgres' as database,
      viewname as name,
      schemaname as schema,
      'view' as type
    from pg_views
    where schemaname ilike 'public_pipedrive_analytics'
    union all
    select
      'postgres' as database,
      matviewname as name,
      schemaname as schema,
      'materialized_view' as type
    from pg_matviews
    where schemaname ilike 'public_pipedrive_analytics'
  
[0m01:35:39.308521 [debug] [ThreadPool]: SQL status: SELECT 0 in 0.003 seconds
[0m01:35:39.309401 [debug] [ThreadPool]: On list_postgres_public_pipedrive_analytics: ROLLBACK
[0m01:35:39.309905 [debug] [ThreadPool]: On list_postgres_public_pipedrive_analytics: Close
[0m01:35:39.313463 [debug] [MainThread]: Using postgres connection "master"
[0m01:35:39.313706 [debug] [MainThread]: On master: BEGIN
[0m01:35:39.313886 [debug] [MainThread]: Opening a new connection, currently in state init
[0m01:35:39.321542 [debug] [MainThread]: SQL status: BEGIN in 0.008 seconds
[0m01:35:39.321801 [debug] [MainThread]: Using postgres connection "master"
[0m01:35:39.322046 [debug] [MainThread]: On master: /* {"app": "dbt", "dbt_version": "1.10.19", "profile_name": "enpal_assessment_project", "target_name": "dev", "connection_name": "master"} */
select distinct
        dependent_namespace.nspname as dependent_schema,
        dependent_class.relname as dependent_name,
        referenced_namespace.nspname as referenced_schema,
        referenced_class.relname as referenced_name

    -- Query for views: views are entries in pg_class with an entry in pg_rewrite, but we avoid
    -- a seq scan on pg_rewrite by leveraging the fact there is an "internal" row in pg_depend for
    -- the view...
    from pg_class as dependent_class
    join pg_namespace as dependent_namespace on dependent_namespace.oid = dependent_class.relnamespace
    join pg_depend as dependent_depend on dependent_depend.refobjid = dependent_class.oid
        and dependent_depend.classid = 'pg_rewrite'::regclass
        and dependent_depend.refclassid = 'pg_class'::regclass
        and dependent_depend.deptype = 'i'

    -- ... and via pg_depend (that has a row per column, hence the need for "distinct" above, and
    -- making sure to exclude the internal row to avoid a view appearing to depend on itself)...
    join pg_depend as joining_depend on joining_depend.objid = dependent_depend.objid
        and joining_depend.classid = 'pg_rewrite'::regclass
        and joining_depend.refclassid = 'pg_class'::regclass
        and joining_depend.refobjid != dependent_depend.refobjid

    -- ... we can find the tables they query from in pg_class, but excluding system tables. Note we
    -- don't need need to exclude _dependent_ system tables, because they only query from other
    -- system tables, and so are automatically excluded by excluding _referenced_ system tables
    join pg_class as referenced_class on referenced_class.oid = joining_depend.refobjid
    join pg_namespace as referenced_namespace on referenced_namespace.oid = referenced_class.relnamespace
        and referenced_namespace.nspname != 'information_schema'
        and referenced_namespace.nspname not like 'pg\_%'

    order by
        dependent_schema, dependent_name, referenced_schema, referenced_name;
[0m01:35:39.324554 [debug] [MainThread]: SQL status: SELECT 0 in 0.002 seconds
[0m01:35:39.325350 [debug] [MainThread]: Sending event: {'category': 'dbt', 'action': 'runnable_timing', 'label': '924a6953-f6f1-4c9e-b951-a94dd829caf1', 'context': [<snowplow_tracker.self_describing_json.SelfDescribingJson object at 0x10dc7e370>]}
[0m01:35:39.325667 [debug] [MainThread]: On master: ROLLBACK
[0m01:35:39.326157 [debug] [MainThread]: Using postgres connection "master"
[0m01:35:39.326356 [debug] [MainThread]: On master: BEGIN
[0m01:35:39.327036 [debug] [MainThread]: SQL status: BEGIN in 0.000 seconds
[0m01:35:39.327223 [debug] [MainThread]: On master: COMMIT
[0m01:35:39.327402 [debug] [MainThread]: Using postgres connection "master"
[0m01:35:39.327572 [debug] [MainThread]: On master: COMMIT
[0m01:35:39.328041 [debug] [MainThread]: SQL status: COMMIT in 0.000 seconds
[0m01:35:39.328287 [debug] [MainThread]: On master: Close
[0m01:35:39.330098 [debug] [Thread-1  ]: Began running node model.enpal_assessment_project.activity
[0m01:35:39.330466 [info ] [Thread-1  ]: 1 of 1 START sql table model public_pipedrive_analytics.activity ............... [RUN]
[0m01:35:39.330764 [debug] [Thread-1  ]: Re-using an available connection from the pool (formerly list_postgres_public_pipedrive_analytics, now model.enpal_assessment_project.activity)
[0m01:35:39.330998 [debug] [Thread-1  ]: Began compiling node model.enpal_assessment_project.activity
[0m01:35:39.337173 [debug] [Thread-1  ]: Writing injected SQL for node "model.enpal_assessment_project.activity"
[0m01:35:39.337635 [debug] [Thread-1  ]: Began executing node model.enpal_assessment_project.activity
[0m01:35:39.366986 [debug] [Thread-1  ]: Writing runtime sql for node "model.enpal_assessment_project.activity"
[0m01:35:39.367768 [debug] [Thread-1  ]: Using postgres connection "model.enpal_assessment_project.activity"
[0m01:35:39.367976 [debug] [Thread-1  ]: On model.enpal_assessment_project.activity: BEGIN
[0m01:35:39.368165 [debug] [Thread-1  ]: Opening a new connection, currently in state closed
[0m01:35:39.378566 [debug] [Thread-1  ]: SQL status: BEGIN in 0.010 seconds
[0m01:35:39.378897 [debug] [Thread-1  ]: Using postgres connection "model.enpal_assessment_project.activity"
[0m01:35:39.379141 [debug] [Thread-1  ]: On model.enpal_assessment_project.activity: /* {"app": "dbt", "dbt_version": "1.10.19", "profile_name": "enpal_assessment_project", "target_name": "dev", "node_id": "model.enpal_assessment_project.activity"} */

  
    

  create  table "postgres"."public_pipedrive_analytics"."activity__dbt_tmp"
  
  
    as
  
  (
    SELECT 
    A.activity_id, 
    A.type,  
    A.assigned_to_user, 
    A.deal_id, 
    A.done, 
    A.due_to 
FROM POSTGRES.PUBLIC.ACTIVITY A
  );
  
[0m01:35:39.386976 [debug] [Thread-1  ]: SQL status: SELECT 4579 in 0.008 seconds
[0m01:35:39.394844 [debug] [Thread-1  ]: Using postgres connection "model.enpal_assessment_project.activity"
[0m01:35:39.395111 [debug] [Thread-1  ]: On model.enpal_assessment_project.activity: /* {"app": "dbt", "dbt_version": "1.10.19", "profile_name": "enpal_assessment_project", "target_name": "dev", "node_id": "model.enpal_assessment_project.activity"} */
alter table "postgres"."public_pipedrive_analytics"."activity__dbt_tmp" rename to "activity"
[0m01:35:39.396224 [debug] [Thread-1  ]: SQL status: ALTER TABLE in 0.001 seconds
[0m01:35:39.406696 [debug] [Thread-1  ]: On model.enpal_assessment_project.activity: COMMIT
[0m01:35:39.406945 [debug] [Thread-1  ]: Using postgres connection "model.enpal_assessment_project.activity"
[0m01:35:39.407155 [debug] [Thread-1  ]: On model.enpal_assessment_project.activity: COMMIT
[0m01:35:39.409601 [debug] [Thread-1  ]: SQL status: COMMIT in 0.002 seconds
[0m01:35:39.414035 [debug] [Thread-1  ]: Applying DROP to: "postgres"."public_pipedrive_analytics"."activity__dbt_backup"
[0m01:35:39.417000 [debug] [Thread-1  ]: Using postgres connection "model.enpal_assessment_project.activity"
[0m01:35:39.417240 [debug] [Thread-1  ]: On model.enpal_assessment_project.activity: /* {"app": "dbt", "dbt_version": "1.10.19", "profile_name": "enpal_assessment_project", "target_name": "dev", "node_id": "model.enpal_assessment_project.activity"} */
drop table if exists "postgres"."public_pipedrive_analytics"."activity__dbt_backup" cascade
[0m01:35:39.418211 [debug] [Thread-1  ]: SQL status: DROP TABLE in 0.001 seconds
[0m01:35:39.419814 [debug] [Thread-1  ]: On model.enpal_assessment_project.activity: Close
[0m01:35:39.421196 [debug] [Thread-1  ]: Sending event: {'category': 'dbt', 'action': 'run_model', 'label': '924a6953-f6f1-4c9e-b951-a94dd829caf1', 'context': [<snowplow_tracker.self_describing_json.SelfDescribingJson object at 0x10ebb0ee0>]}
[0m01:35:39.421610 [info ] [Thread-1  ]: 1 of 1 OK created sql table model public_pipedrive_analytics.activity .......... [[32mSELECT 4579[0m in 0.09s]
[0m01:35:39.421962 [debug] [Thread-1  ]: Finished running node model.enpal_assessment_project.activity
[0m01:35:39.422530 [debug] [MainThread]: Using postgres connection "master"
[0m01:35:39.422697 [debug] [MainThread]: On master: BEGIN
[0m01:35:39.422848 [debug] [MainThread]: Opening a new connection, currently in state closed
[0m01:35:39.432469 [debug] [MainThread]: SQL status: BEGIN in 0.010 seconds
[0m01:35:39.432692 [debug] [MainThread]: On master: COMMIT
[0m01:35:39.432865 [debug] [MainThread]: Using postgres connection "master"
[0m01:35:39.433028 [debug] [MainThread]: On master: COMMIT
[0m01:35:39.433435 [debug] [MainThread]: SQL status: COMMIT in 0.000 seconds
[0m01:35:39.433631 [debug] [MainThread]: On master: Close
[0m01:35:39.433881 [debug] [MainThread]: Connection 'master' was properly closed.
[0m01:35:39.434046 [debug] [MainThread]: Connection 'model.enpal_assessment_project.activity' was properly closed.
[0m01:35:39.434225 [info ] [MainThread]: 
[0m01:35:39.434415 [info ] [MainThread]: Finished running 1 table model in 0 hours 0 minutes and 0.22 seconds (0.22s).
[0m01:35:39.434832 [debug] [MainThread]: Command end result
[0m01:35:39.450605 [debug] [MainThread]: Wrote artifact WritableManifest to /Users/rajukaju/Projects/dbt_enpal_assessment/target/manifest.json
[0m01:35:39.451618 [debug] [MainThread]: Wrote artifact SemanticManifest to /Users/rajukaju/Projects/dbt_enpal_assessment/target/semantic_manifest.json
[0m01:35:39.455708 [debug] [MainThread]: Wrote artifact RunExecutionResult to /Users/rajukaju/Projects/dbt_enpal_assessment/target/run_results.json
[0m01:35:39.455888 [info ] [MainThread]: 
[0m01:35:39.456112 [info ] [MainThread]: [32mCompleted successfully[0m
[0m01:35:39.456284 [info ] [MainThread]: 
[0m01:35:39.456468 [info ] [MainThread]: Done. PASS=1 WARN=0 ERROR=0 SKIP=0 NO-OP=0 TOTAL=1
[0m01:35:39.458604 [debug] [MainThread]: Resource report: {"command_name": "run", "command_success": true, "command_wall_clock_time": 0.859887, "process_in_blocks": "0", "process_kernel_time": 0.226425, "process_mem_max_rss": "129286144", "process_out_blocks": "0", "process_user_time": 1.410913}
[0m01:35:39.458859 [debug] [MainThread]: Command `dbt run` succeeded at 01:35:39.458812 after 0.86 seconds
[0m01:35:39.459069 [debug] [MainThread]: Sending event: {'category': 'dbt', 'action': 'invocation', 'label': 'end', 'context': [<snowplow_tracker.self_describing_json.SelfDescribingJson object at 0x10c71d250>, <snowplow_tracker.self_describing_json.SelfDescribingJson object at 0x10dcaf8e0>, <snowplow_tracker.self_describing_json.SelfDescribingJson object at 0x10e741b50>]}
[0m01:35:39.459281 [debug] [MainThread]: Flushing usage events
[0m01:35:40.396054 [debug] [MainThread]: An error was encountered while trying to flush usage events
[0m01:40:57.556744 [debug] [MainThread]: Sending event: {'category': 'dbt', 'action': 'invocation', 'label': 'start', 'context': [<snowplow_tracker.self_describing_json.SelfDescribingJson object at 0x1084c5220>, <snowplow_tracker.self_describing_json.SelfDescribingJson object at 0x109543ee0>, <snowplow_tracker.self_describing_json.SelfDescribingJson object at 0x109543190>]}


============================== 01:40:57.559779 | ef004373-889d-4321-ab7f-92166a818b4b ==============================
[0m01:40:57.559779 [info ] [MainThread]: Running with dbt=1.10.19
[0m01:40:57.560124 [debug] [MainThread]: running dbt with arguments {'quiet': 'False', 'printer_width': '80', 'warn_error_options': 'WarnErrorOptionsV2(error=[], warn=[], silence=[])', 'indirect_selection': 'eager', 'warn_error': 'None', 'invocation_command': 'dbt run -s activity_types.sql', 'cache_selected_only': 'False', 'log_cache_events': 'False', 'no_print': 'None', 'use_colors': 'True', 'introspect': 'True', 'debug': 'False', 'target_path': 'None', 'send_anonymous_usage_stats': 'True', 'use_experimental_parser': 'False', 'partial_parse': 'True', 'write_json': 'True', 'static_parser': 'True', 'profiles_dir': '/Users/rajukaju/Projects/dbt_enpal_assessment', 'fail_fast': 'False', 'log_path': '/Users/rajukaju/Projects/dbt_enpal_assessment/logs', 'version_check': 'True', 'log_format': 'default', 'empty': 'False'}
[0m01:40:57.678622 [debug] [MainThread]: Sending event: {'category': 'dbt', 'action': 'project_id', 'label': 'ef004373-889d-4321-ab7f-92166a818b4b', 'context': [<snowplow_tracker.self_describing_json.SelfDescribingJson object at 0x1094c9a60>]}
[0m01:40:57.715104 [debug] [MainThread]: Sending event: {'category': 'dbt', 'action': 'adapter_info', 'label': 'ef004373-889d-4321-ab7f-92166a818b4b', 'context': [<snowplow_tracker.self_describing_json.SelfDescribingJson object at 0x1095181f0>]}
[0m01:40:57.715843 [info ] [MainThread]: Registered adapter: postgres=1.9.1
[0m01:40:57.789361 [debug] [MainThread]: checksum: c35ba6d374a0901ceb00688d5179d5550885e1756283b03e5e81c28e0d8d2248, vars: {}, profile: , target: , version: 1.10.19
[0m01:40:57.881848 [debug] [MainThread]: Partial parsing enabled: 0 files deleted, 1 files added, 0 files changed.
[0m01:40:57.882176 [debug] [MainThread]: Partial parsing: added file: enpal_assessment_project://models/bronze_raw/activity_types.sql
[0m01:40:58.039756 [debug] [MainThread]: Sending event: {'category': 'dbt', 'action': 'load_project', 'label': 'ef004373-889d-4321-ab7f-92166a818b4b', 'context': [<snowplow_tracker.self_describing_json.SelfDescribingJson object at 0x10a6f4130>]}
[0m01:40:58.119891 [debug] [MainThread]: Wrote artifact WritableManifest to /Users/rajukaju/Projects/dbt_enpal_assessment/target/manifest.json
[0m01:40:58.121052 [debug] [MainThread]: Wrote artifact SemanticManifest to /Users/rajukaju/Projects/dbt_enpal_assessment/target/semantic_manifest.json
[0m01:40:58.131877 [debug] [MainThread]: Sending event: {'category': 'dbt', 'action': 'resource_counts', 'label': 'ef004373-889d-4321-ab7f-92166a818b4b', 'context': [<snowplow_tracker.self_describing_json.SelfDescribingJson object at 0x10a4ea880>]}
[0m01:40:58.132173 [info ] [MainThread]: Found 2 models, 1 source, 447 macros
[0m01:40:58.132366 [debug] [MainThread]: Sending event: {'category': 'dbt', 'action': 'runnable_timing', 'label': 'ef004373-889d-4321-ab7f-92166a818b4b', 'context': [<snowplow_tracker.self_describing_json.SelfDescribingJson object at 0x106fb8130>]}
[0m01:40:58.133087 [info ] [MainThread]: 
[0m01:40:58.133277 [info ] [MainThread]: Concurrency: 1 threads (target='dev')
[0m01:40:58.133435 [info ] [MainThread]: 
[0m01:40:58.133703 [debug] [MainThread]: Acquiring new postgres connection 'master'
[0m01:40:58.134193 [debug] [ThreadPool]: Acquiring new postgres connection 'list_postgres'
[0m01:40:58.171581 [debug] [ThreadPool]: Using postgres connection "list_postgres"
[0m01:40:58.171863 [debug] [ThreadPool]: On list_postgres: /* {"app": "dbt", "dbt_version": "1.10.19", "profile_name": "enpal_assessment_project", "target_name": "dev", "connection_name": "list_postgres"} */

    select distinct nspname from pg_namespace
  
[0m01:40:58.172024 [debug] [ThreadPool]: Opening a new connection, currently in state init
[0m01:40:58.223444 [debug] [ThreadPool]: SQL status: SELECT 5 in 0.051 seconds
[0m01:40:58.224416 [debug] [ThreadPool]: On list_postgres: Close
[0m01:40:58.228026 [debug] [ThreadPool]: Re-using an available connection from the pool (formerly list_postgres, now list_postgres_public_pipedrive_analytics)
[0m01:40:58.232832 [debug] [ThreadPool]: Using postgres connection "list_postgres_public_pipedrive_analytics"
[0m01:40:58.233049 [debug] [ThreadPool]: On list_postgres_public_pipedrive_analytics: BEGIN
[0m01:40:58.233223 [debug] [ThreadPool]: Opening a new connection, currently in state closed
[0m01:40:58.240990 [debug] [ThreadPool]: SQL status: BEGIN in 0.008 seconds
[0m01:40:58.241264 [debug] [ThreadPool]: Using postgres connection "list_postgres_public_pipedrive_analytics"
[0m01:40:58.241472 [debug] [ThreadPool]: On list_postgres_public_pipedrive_analytics: /* {"app": "dbt", "dbt_version": "1.10.19", "profile_name": "enpal_assessment_project", "target_name": "dev", "connection_name": "list_postgres_public_pipedrive_analytics"} */
select
      'postgres' as database,
      tablename as name,
      schemaname as schema,
      'table' as type
    from pg_tables
    where schemaname ilike 'public_pipedrive_analytics'
    union all
    select
      'postgres' as database,
      viewname as name,
      schemaname as schema,
      'view' as type
    from pg_views
    where schemaname ilike 'public_pipedrive_analytics'
    union all
    select
      'postgres' as database,
      matviewname as name,
      schemaname as schema,
      'materialized_view' as type
    from pg_matviews
    where schemaname ilike 'public_pipedrive_analytics'
  
[0m01:40:58.244454 [debug] [ThreadPool]: SQL status: SELECT 1 in 0.003 seconds
[0m01:40:58.245354 [debug] [ThreadPool]: On list_postgres_public_pipedrive_analytics: ROLLBACK
[0m01:40:58.245818 [debug] [ThreadPool]: On list_postgres_public_pipedrive_analytics: Close
[0m01:40:58.249577 [debug] [MainThread]: Using postgres connection "master"
[0m01:40:58.249816 [debug] [MainThread]: On master: BEGIN
[0m01:40:58.249998 [debug] [MainThread]: Opening a new connection, currently in state init
[0m01:40:58.257965 [debug] [MainThread]: SQL status: BEGIN in 0.008 seconds
[0m01:40:58.258239 [debug] [MainThread]: Using postgres connection "master"
[0m01:40:58.258504 [debug] [MainThread]: On master: /* {"app": "dbt", "dbt_version": "1.10.19", "profile_name": "enpal_assessment_project", "target_name": "dev", "connection_name": "master"} */
select distinct
        dependent_namespace.nspname as dependent_schema,
        dependent_class.relname as dependent_name,
        referenced_namespace.nspname as referenced_schema,
        referenced_class.relname as referenced_name

    -- Query for views: views are entries in pg_class with an entry in pg_rewrite, but we avoid
    -- a seq scan on pg_rewrite by leveraging the fact there is an "internal" row in pg_depend for
    -- the view...
    from pg_class as dependent_class
    join pg_namespace as dependent_namespace on dependent_namespace.oid = dependent_class.relnamespace
    join pg_depend as dependent_depend on dependent_depend.refobjid = dependent_class.oid
        and dependent_depend.classid = 'pg_rewrite'::regclass
        and dependent_depend.refclassid = 'pg_class'::regclass
        and dependent_depend.deptype = 'i'

    -- ... and via pg_depend (that has a row per column, hence the need for "distinct" above, and
    -- making sure to exclude the internal row to avoid a view appearing to depend on itself)...
    join pg_depend as joining_depend on joining_depend.objid = dependent_depend.objid
        and joining_depend.classid = 'pg_rewrite'::regclass
        and joining_depend.refclassid = 'pg_class'::regclass
        and joining_depend.refobjid != dependent_depend.refobjid

    -- ... we can find the tables they query from in pg_class, but excluding system tables. Note we
    -- don't need need to exclude _dependent_ system tables, because they only query from other
    -- system tables, and so are automatically excluded by excluding _referenced_ system tables
    join pg_class as referenced_class on referenced_class.oid = joining_depend.refobjid
    join pg_namespace as referenced_namespace on referenced_namespace.oid = referenced_class.relnamespace
        and referenced_namespace.nspname != 'information_schema'
        and referenced_namespace.nspname not like 'pg\_%'

    order by
        dependent_schema, dependent_name, referenced_schema, referenced_name;
[0m01:40:58.261607 [debug] [MainThread]: SQL status: SELECT 0 in 0.003 seconds
[0m01:40:58.262435 [debug] [MainThread]: Sending event: {'category': 'dbt', 'action': 'runnable_timing', 'label': 'ef004373-889d-4321-ab7f-92166a818b4b', 'context': [<snowplow_tracker.self_describing_json.SelfDescribingJson object at 0x10a4cedc0>]}
[0m01:40:58.262754 [debug] [MainThread]: On master: ROLLBACK
[0m01:40:58.263263 [debug] [MainThread]: Using postgres connection "master"
[0m01:40:58.263490 [debug] [MainThread]: On master: BEGIN
[0m01:40:58.264222 [debug] [MainThread]: SQL status: BEGIN in 0.001 seconds
[0m01:40:58.264448 [debug] [MainThread]: On master: COMMIT
[0m01:40:58.264647 [debug] [MainThread]: Using postgres connection "master"
[0m01:40:58.264830 [debug] [MainThread]: On master: COMMIT
[0m01:40:58.265263 [debug] [MainThread]: SQL status: COMMIT in 0.000 seconds
[0m01:40:58.265472 [debug] [MainThread]: On master: Close
[0m01:40:58.267190 [debug] [Thread-1  ]: Began running node model.enpal_assessment_project.activity_types
[0m01:40:58.267570 [info ] [Thread-1  ]: 1 of 1 START sql table model public_pipedrive_analytics.activity_types ......... [RUN]
[0m01:40:58.267878 [debug] [Thread-1  ]: Re-using an available connection from the pool (formerly list_postgres_public_pipedrive_analytics, now model.enpal_assessment_project.activity_types)
[0m01:40:58.268117 [debug] [Thread-1  ]: Began compiling node model.enpal_assessment_project.activity_types
[0m01:40:58.274604 [debug] [Thread-1  ]: Writing injected SQL for node "model.enpal_assessment_project.activity_types"
[0m01:40:58.275104 [debug] [Thread-1  ]: Began executing node model.enpal_assessment_project.activity_types
[0m01:40:58.303538 [debug] [Thread-1  ]: Writing runtime sql for node "model.enpal_assessment_project.activity_types"
[0m01:40:58.304198 [debug] [Thread-1  ]: Using postgres connection "model.enpal_assessment_project.activity_types"
[0m01:40:58.304447 [debug] [Thread-1  ]: On model.enpal_assessment_project.activity_types: BEGIN
[0m01:40:58.304637 [debug] [Thread-1  ]: Opening a new connection, currently in state closed
[0m01:40:58.315581 [debug] [Thread-1  ]: SQL status: BEGIN in 0.011 seconds
[0m01:40:58.315851 [debug] [Thread-1  ]: Using postgres connection "model.enpal_assessment_project.activity_types"
[0m01:40:58.316079 [debug] [Thread-1  ]: On model.enpal_assessment_project.activity_types: /* {"app": "dbt", "dbt_version": "1.10.19", "profile_name": "enpal_assessment_project", "target_name": "dev", "node_id": "model.enpal_assessment_project.activity_types"} */

  
    

  create  table "postgres"."public_pipedrive_analytics"."activity_types__dbt_tmp"
  
  
    as
  
  (
    SELECT 
    AP.id, 
    AP.name, 
    AP.active, 
    AP.type
FROM POSTGRES.PUBLIC.ACTIVITY_TYPES AP;
  );
  
[0m01:40:58.316966 [debug] [Thread-1  ]: Postgres adapter: Postgres error: syntax error at or near ";"
LINE 17: FROM POSTGRES.PUBLIC.ACTIVITY_TYPES AP;
                                               ^

[0m01:40:58.317187 [debug] [Thread-1  ]: On model.enpal_assessment_project.activity_types: ROLLBACK
[0m01:40:58.317863 [debug] [Thread-1  ]: On model.enpal_assessment_project.activity_types: Close
[0m01:40:58.332801 [debug] [Thread-1  ]: Database Error in model activity_types (models/bronze_raw/activity_types.sql)
  syntax error at or near ";"
  LINE 17: FROM POSTGRES.PUBLIC.ACTIVITY_TYPES AP;
                                                 ^
  compiled code at target/run/enpal_assessment_project/models/bronze_raw/activity_types.sql
[0m01:40:58.334086 [debug] [Thread-1  ]: Sending event: {'category': 'dbt', 'action': 'run_model', 'label': 'ef004373-889d-4321-ab7f-92166a818b4b', 'context': [<snowplow_tracker.self_describing_json.SelfDescribingJson object at 0x10a9ced30>]}
[0m01:40:58.334491 [error] [Thread-1  ]: 1 of 1 ERROR creating sql table model public_pipedrive_analytics.activity_types  [[31mERROR[0m in 0.07s]
[0m01:40:58.334834 [debug] [Thread-1  ]: Finished running node model.enpal_assessment_project.activity_types
[0m01:40:58.335136 [debug] [Thread-4  ]: Marking all children of 'model.enpal_assessment_project.activity_types' to be skipped because of status 'error'.  Reason: Database Error in model activity_types (models/bronze_raw/activity_types.sql)
  syntax error at or near ";"
  LINE 17: FROM POSTGRES.PUBLIC.ACTIVITY_TYPES AP;
                                                 ^
  compiled code at target/run/enpal_assessment_project/models/bronze_raw/activity_types.sql.
[0m01:40:58.335714 [debug] [MainThread]: Using postgres connection "master"
[0m01:40:58.335890 [debug] [MainThread]: On master: BEGIN
[0m01:40:58.336041 [debug] [MainThread]: Opening a new connection, currently in state closed
[0m01:40:58.345870 [debug] [MainThread]: SQL status: BEGIN in 0.010 seconds
[0m01:40:58.346063 [debug] [MainThread]: On master: COMMIT
[0m01:40:58.346240 [debug] [MainThread]: Using postgres connection "master"
[0m01:40:58.346404 [debug] [MainThread]: On master: COMMIT
[0m01:40:58.346966 [debug] [MainThread]: SQL status: COMMIT in 0.000 seconds
[0m01:40:58.347144 [debug] [MainThread]: On master: Close
[0m01:40:58.347373 [debug] [MainThread]: Connection 'master' was properly closed.
[0m01:40:58.347533 [debug] [MainThread]: Connection 'model.enpal_assessment_project.activity_types' was properly closed.
[0m01:40:58.347705 [info ] [MainThread]: 
[0m01:40:58.347890 [info ] [MainThread]: Finished running 1 table model in 0 hours 0 minutes and 0.21 seconds (0.21s).
[0m01:40:58.348293 [debug] [MainThread]: Command end result
[0m01:40:58.363924 [debug] [MainThread]: Wrote artifact WritableManifest to /Users/rajukaju/Projects/dbt_enpal_assessment/target/manifest.json
[0m01:40:58.364889 [debug] [MainThread]: Wrote artifact SemanticManifest to /Users/rajukaju/Projects/dbt_enpal_assessment/target/semantic_manifest.json
[0m01:40:58.368977 [debug] [MainThread]: Wrote artifact RunExecutionResult to /Users/rajukaju/Projects/dbt_enpal_assessment/target/run_results.json
[0m01:40:58.369158 [info ] [MainThread]: 
[0m01:40:58.369371 [info ] [MainThread]: [31mCompleted with 1 error, 0 partial successes, and 0 warnings:[0m
[0m01:40:58.369543 [info ] [MainThread]: 
[0m01:40:58.369757 [error] [MainThread]: [31mFailure in model activity_types (models/bronze_raw/activity_types.sql)[0m
[0m01:40:58.369965 [error] [MainThread]:   Database Error in model activity_types (models/bronze_raw/activity_types.sql)
  syntax error at or near ";"
  LINE 17: FROM POSTGRES.PUBLIC.ACTIVITY_TYPES AP;
                                                 ^
  compiled code at target/run/enpal_assessment_project/models/bronze_raw/activity_types.sql
[0m01:40:58.370128 [info ] [MainThread]: 
[0m01:40:58.370320 [info ] [MainThread]:   compiled code at target/compiled/enpal_assessment_project/models/bronze_raw/activity_types.sql
[0m01:40:58.370474 [info ] [MainThread]: 
[0m01:40:58.370650 [info ] [MainThread]: Done. PASS=0 WARN=0 ERROR=1 SKIP=0 NO-OP=0 TOTAL=1
[0m01:40:58.372839 [debug] [MainThread]: Resource report: {"command_name": "run", "command_success": false, "command_wall_clock_time": 0.86378264, "process_in_blocks": "0", "process_kernel_time": 0.240061, "process_mem_max_rss": "129499136", "process_out_blocks": "0", "process_user_time": 1.400659}
[0m01:40:58.373071 [debug] [MainThread]: Command `dbt run` failed at 01:40:58.373024 after 0.86 seconds
[0m01:40:58.373285 [debug] [MainThread]: Sending event: {'category': 'dbt', 'action': 'invocation', 'label': 'end', 'context': [<snowplow_tracker.self_describing_json.SelfDescribingJson object at 0x1084c5220>, <snowplow_tracker.self_describing_json.SelfDescribingJson object at 0x10a4ea880>, <snowplow_tracker.self_describing_json.SelfDescribingJson object at 0x10ab0dfd0>]}
[0m01:40:58.373494 [debug] [MainThread]: Flushing usage events
[0m01:40:59.580824 [debug] [MainThread]: An error was encountered while trying to flush usage events
[0m01:41:09.593731 [debug] [MainThread]: Sending event: {'category': 'dbt', 'action': 'invocation', 'label': 'start', 'context': [<snowplow_tracker.self_describing_json.SelfDescribingJson object at 0x10bedd250>, <snowplow_tracker.self_describing_json.SelfDescribingJson object at 0x10cf5bf10>, <snowplow_tracker.self_describing_json.SelfDescribingJson object at 0x10cf5b190>]}


============================== 01:41:09.596516 | f704ffaf-ce7e-4d50-96f2-0253fca64410 ==============================
[0m01:41:09.596516 [info ] [MainThread]: Running with dbt=1.10.19
[0m01:41:09.596886 [debug] [MainThread]: running dbt with arguments {'cache_selected_only': 'False', 'warn_error': 'None', 'static_parser': 'True', 'indirect_selection': 'eager', 'use_colors': 'True', 'quiet': 'False', 'fail_fast': 'False', 'debug': 'False', 'printer_width': '80', 'empty': 'False', 'write_json': 'True', 'target_path': 'None', 'warn_error_options': 'WarnErrorOptionsV2(error=[], warn=[], silence=[])', 'log_cache_events': 'False', 'partial_parse': 'True', 'no_print': 'None', 'log_format': 'default', 'use_experimental_parser': 'False', 'introspect': 'True', 'version_check': 'True', 'profiles_dir': '/Users/rajukaju/Projects/dbt_enpal_assessment', 'send_anonymous_usage_stats': 'True', 'invocation_command': 'dbt run -s activity_types.sql', 'log_path': '/Users/rajukaju/Projects/dbt_enpal_assessment/logs'}
[0m01:41:09.712782 [debug] [MainThread]: Sending event: {'category': 'dbt', 'action': 'project_id', 'label': 'f704ffaf-ce7e-4d50-96f2-0253fca64410', 'context': [<snowplow_tracker.self_describing_json.SelfDescribingJson object at 0x10a6308b0>]}
[0m01:41:09.749281 [debug] [MainThread]: Sending event: {'category': 'dbt', 'action': 'adapter_info', 'label': 'f704ffaf-ce7e-4d50-96f2-0253fca64410', 'context': [<snowplow_tracker.self_describing_json.SelfDescribingJson object at 0x10cf364c0>]}
[0m01:41:09.750671 [info ] [MainThread]: Registered adapter: postgres=1.9.1
[0m01:41:09.821373 [debug] [MainThread]: checksum: c35ba6d374a0901ceb00688d5179d5550885e1756283b03e5e81c28e0d8d2248, vars: {}, profile: , target: , version: 1.10.19
[0m01:41:09.912307 [debug] [MainThread]: Partial parsing enabled: 0 files deleted, 0 files added, 0 files changed.
[0m01:41:09.912550 [debug] [MainThread]: Partial parsing enabled, no changes found, skipping parsing
[0m01:41:09.937222 [debug] [MainThread]: Sending event: {'category': 'dbt', 'action': 'load_project', 'label': 'f704ffaf-ce7e-4d50-96f2-0253fca64410', 'context': [<snowplow_tracker.self_describing_json.SelfDescribingJson object at 0x10df37130>]}
[0m01:41:09.989595 [debug] [MainThread]: Wrote artifact WritableManifest to /Users/rajukaju/Projects/dbt_enpal_assessment/target/manifest.json
[0m01:41:09.990982 [debug] [MainThread]: Wrote artifact SemanticManifest to /Users/rajukaju/Projects/dbt_enpal_assessment/target/semantic_manifest.json
[0m01:41:10.001772 [debug] [MainThread]: Sending event: {'category': 'dbt', 'action': 'resource_counts', 'label': 'f704ffaf-ce7e-4d50-96f2-0253fca64410', 'context': [<snowplow_tracker.self_describing_json.SelfDescribingJson object at 0x10df60c70>]}
[0m01:41:10.002073 [info ] [MainThread]: Found 2 models, 1 source, 447 macros
[0m01:41:10.002268 [debug] [MainThread]: Sending event: {'category': 'dbt', 'action': 'runnable_timing', 'label': 'f704ffaf-ce7e-4d50-96f2-0253fca64410', 'context': [<snowplow_tracker.self_describing_json.SelfDescribingJson object at 0x10dee9a90>]}
[0m01:41:10.002982 [info ] [MainThread]: 
[0m01:41:10.003182 [info ] [MainThread]: Concurrency: 1 threads (target='dev')
[0m01:41:10.003341 [info ] [MainThread]: 
[0m01:41:10.003623 [debug] [MainThread]: Acquiring new postgres connection 'master'
[0m01:41:10.004111 [debug] [ThreadPool]: Acquiring new postgres connection 'list_postgres'
[0m01:41:10.068149 [debug] [ThreadPool]: Using postgres connection "list_postgres"
[0m01:41:10.068409 [debug] [ThreadPool]: On list_postgres: /* {"app": "dbt", "dbt_version": "1.10.19", "profile_name": "enpal_assessment_project", "target_name": "dev", "connection_name": "list_postgres"} */

    select distinct nspname from pg_namespace
  
[0m01:41:10.068570 [debug] [ThreadPool]: Opening a new connection, currently in state init
[0m01:41:10.108543 [debug] [ThreadPool]: SQL status: SELECT 5 in 0.040 seconds
[0m01:41:10.109439 [debug] [ThreadPool]: On list_postgres: Close
[0m01:41:10.112469 [debug] [ThreadPool]: Re-using an available connection from the pool (formerly list_postgres, now list_postgres_public_pipedrive_analytics)
[0m01:41:10.116804 [debug] [ThreadPool]: Using postgres connection "list_postgres_public_pipedrive_analytics"
[0m01:41:10.117001 [debug] [ThreadPool]: On list_postgres_public_pipedrive_analytics: BEGIN
[0m01:41:10.117165 [debug] [ThreadPool]: Opening a new connection, currently in state closed
[0m01:41:10.127173 [debug] [ThreadPool]: SQL status: BEGIN in 0.010 seconds
[0m01:41:10.127383 [debug] [ThreadPool]: Using postgres connection "list_postgres_public_pipedrive_analytics"
[0m01:41:10.127586 [debug] [ThreadPool]: On list_postgres_public_pipedrive_analytics: /* {"app": "dbt", "dbt_version": "1.10.19", "profile_name": "enpal_assessment_project", "target_name": "dev", "connection_name": "list_postgres_public_pipedrive_analytics"} */
select
      'postgres' as database,
      tablename as name,
      schemaname as schema,
      'table' as type
    from pg_tables
    where schemaname ilike 'public_pipedrive_analytics'
    union all
    select
      'postgres' as database,
      viewname as name,
      schemaname as schema,
      'view' as type
    from pg_views
    where schemaname ilike 'public_pipedrive_analytics'
    union all
    select
      'postgres' as database,
      matviewname as name,
      schemaname as schema,
      'materialized_view' as type
    from pg_matviews
    where schemaname ilike 'public_pipedrive_analytics'
  
[0m01:41:10.131286 [debug] [ThreadPool]: SQL status: SELECT 1 in 0.003 seconds
[0m01:41:10.132108 [debug] [ThreadPool]: On list_postgres_public_pipedrive_analytics: ROLLBACK
[0m01:41:10.132611 [debug] [ThreadPool]: On list_postgres_public_pipedrive_analytics: Close
[0m01:41:10.136363 [debug] [MainThread]: Using postgres connection "master"
[0m01:41:10.136625 [debug] [MainThread]: On master: BEGIN
[0m01:41:10.136813 [debug] [MainThread]: Opening a new connection, currently in state init
[0m01:41:10.145315 [debug] [MainThread]: SQL status: BEGIN in 0.008 seconds
[0m01:41:10.145586 [debug] [MainThread]: Using postgres connection "master"
[0m01:41:10.145864 [debug] [MainThread]: On master: /* {"app": "dbt", "dbt_version": "1.10.19", "profile_name": "enpal_assessment_project", "target_name": "dev", "connection_name": "master"} */
select distinct
        dependent_namespace.nspname as dependent_schema,
        dependent_class.relname as dependent_name,
        referenced_namespace.nspname as referenced_schema,
        referenced_class.relname as referenced_name

    -- Query for views: views are entries in pg_class with an entry in pg_rewrite, but we avoid
    -- a seq scan on pg_rewrite by leveraging the fact there is an "internal" row in pg_depend for
    -- the view...
    from pg_class as dependent_class
    join pg_namespace as dependent_namespace on dependent_namespace.oid = dependent_class.relnamespace
    join pg_depend as dependent_depend on dependent_depend.refobjid = dependent_class.oid
        and dependent_depend.classid = 'pg_rewrite'::regclass
        and dependent_depend.refclassid = 'pg_class'::regclass
        and dependent_depend.deptype = 'i'

    -- ... and via pg_depend (that has a row per column, hence the need for "distinct" above, and
    -- making sure to exclude the internal row to avoid a view appearing to depend on itself)...
    join pg_depend as joining_depend on joining_depend.objid = dependent_depend.objid
        and joining_depend.classid = 'pg_rewrite'::regclass
        and joining_depend.refclassid = 'pg_class'::regclass
        and joining_depend.refobjid != dependent_depend.refobjid

    -- ... we can find the tables they query from in pg_class, but excluding system tables. Note we
    -- don't need need to exclude _dependent_ system tables, because they only query from other
    -- system tables, and so are automatically excluded by excluding _referenced_ system tables
    join pg_class as referenced_class on referenced_class.oid = joining_depend.refobjid
    join pg_namespace as referenced_namespace on referenced_namespace.oid = referenced_class.relnamespace
        and referenced_namespace.nspname != 'information_schema'
        and referenced_namespace.nspname not like 'pg\_%'

    order by
        dependent_schema, dependent_name, referenced_schema, referenced_name;
[0m01:41:10.149458 [debug] [MainThread]: SQL status: SELECT 0 in 0.003 seconds
[0m01:41:10.150261 [debug] [MainThread]: Sending event: {'category': 'dbt', 'action': 'runnable_timing', 'label': 'f704ffaf-ce7e-4d50-96f2-0253fca64410', 'context': [<snowplow_tracker.self_describing_json.SelfDescribingJson object at 0x10a651d90>]}
[0m01:41:10.150571 [debug] [MainThread]: On master: ROLLBACK
[0m01:41:10.151083 [debug] [MainThread]: Using postgres connection "master"
[0m01:41:10.151291 [debug] [MainThread]: On master: BEGIN
[0m01:41:10.151996 [debug] [MainThread]: SQL status: BEGIN in 0.001 seconds
[0m01:41:10.152210 [debug] [MainThread]: On master: COMMIT
[0m01:41:10.152418 [debug] [MainThread]: Using postgres connection "master"
[0m01:41:10.152599 [debug] [MainThread]: On master: COMMIT
[0m01:41:10.153023 [debug] [MainThread]: SQL status: COMMIT in 0.000 seconds
[0m01:41:10.153222 [debug] [MainThread]: On master: Close
[0m01:41:10.154965 [debug] [Thread-1  ]: Began running node model.enpal_assessment_project.activity_types
[0m01:41:10.155335 [info ] [Thread-1  ]: 1 of 1 START sql table model public_pipedrive_analytics.activity_types ......... [RUN]
[0m01:41:10.155643 [debug] [Thread-1  ]: Re-using an available connection from the pool (formerly list_postgres_public_pipedrive_analytics, now model.enpal_assessment_project.activity_types)
[0m01:41:10.155884 [debug] [Thread-1  ]: Began compiling node model.enpal_assessment_project.activity_types
[0m01:41:10.161837 [debug] [Thread-1  ]: Writing injected SQL for node "model.enpal_assessment_project.activity_types"
[0m01:41:10.162305 [debug] [Thread-1  ]: Began executing node model.enpal_assessment_project.activity_types
[0m01:41:10.189168 [debug] [Thread-1  ]: Writing runtime sql for node "model.enpal_assessment_project.activity_types"
[0m01:41:10.189625 [debug] [Thread-1  ]: Using postgres connection "model.enpal_assessment_project.activity_types"
[0m01:41:10.189823 [debug] [Thread-1  ]: On model.enpal_assessment_project.activity_types: BEGIN
[0m01:41:10.190009 [debug] [Thread-1  ]: Opening a new connection, currently in state closed
[0m01:41:10.200413 [debug] [Thread-1  ]: SQL status: BEGIN in 0.010 seconds
[0m01:41:10.200724 [debug] [Thread-1  ]: Using postgres connection "model.enpal_assessment_project.activity_types"
[0m01:41:10.200950 [debug] [Thread-1  ]: On model.enpal_assessment_project.activity_types: /* {"app": "dbt", "dbt_version": "1.10.19", "profile_name": "enpal_assessment_project", "target_name": "dev", "node_id": "model.enpal_assessment_project.activity_types"} */

  
    

  create  table "postgres"."public_pipedrive_analytics"."activity_types__dbt_tmp"
  
  
    as
  
  (
    SELECT 
    AP.id, 
    AP.name, 
    AP.active, 
    AP.type
FROM POSTGRES.PUBLIC.ACTIVITY_TYPES AP;
  );
  
[0m01:41:10.201730 [debug] [Thread-1  ]: Postgres adapter: Postgres error: syntax error at or near ";"
LINE 17: FROM POSTGRES.PUBLIC.ACTIVITY_TYPES AP;
                                               ^

[0m01:41:10.202022 [debug] [Thread-1  ]: On model.enpal_assessment_project.activity_types: ROLLBACK
[0m01:41:10.202689 [debug] [Thread-1  ]: On model.enpal_assessment_project.activity_types: Close
[0m01:41:10.218297 [debug] [Thread-1  ]: Database Error in model activity_types (models/bronze_raw/activity_types.sql)
  syntax error at or near ";"
  LINE 17: FROM POSTGRES.PUBLIC.ACTIVITY_TYPES AP;
                                                 ^
  compiled code at target/run/enpal_assessment_project/models/bronze_raw/activity_types.sql
[0m01:41:10.219720 [debug] [Thread-1  ]: Sending event: {'category': 'dbt', 'action': 'run_model', 'label': 'f704ffaf-ce7e-4d50-96f2-0253fca64410', 'context': [<snowplow_tracker.self_describing_json.SelfDescribingJson object at 0x10cf1d4c0>]}
[0m01:41:10.220184 [error] [Thread-1  ]: 1 of 1 ERROR creating sql table model public_pipedrive_analytics.activity_types  [[31mERROR[0m in 0.06s]
[0m01:41:10.220565 [debug] [Thread-1  ]: Finished running node model.enpal_assessment_project.activity_types
[0m01:41:10.220909 [debug] [Thread-4  ]: Marking all children of 'model.enpal_assessment_project.activity_types' to be skipped because of status 'error'.  Reason: Database Error in model activity_types (models/bronze_raw/activity_types.sql)
  syntax error at or near ";"
  LINE 17: FROM POSTGRES.PUBLIC.ACTIVITY_TYPES AP;
                                                 ^
  compiled code at target/run/enpal_assessment_project/models/bronze_raw/activity_types.sql.
[0m01:41:10.221603 [debug] [MainThread]: Using postgres connection "master"
[0m01:41:10.221784 [debug] [MainThread]: On master: BEGIN
[0m01:41:10.221930 [debug] [MainThread]: Opening a new connection, currently in state closed
[0m01:41:10.260833 [debug] [MainThread]: SQL status: BEGIN in 0.039 seconds
[0m01:41:10.261214 [debug] [MainThread]: On master: COMMIT
[0m01:41:10.261446 [debug] [MainThread]: Using postgres connection "master"
[0m01:41:10.261654 [debug] [MainThread]: On master: COMMIT
[0m01:41:10.262235 [debug] [MainThread]: SQL status: COMMIT in 0.000 seconds
[0m01:41:10.262505 [debug] [MainThread]: On master: Close
[0m01:41:10.262837 [debug] [MainThread]: Connection 'master' was properly closed.
[0m01:41:10.263042 [debug] [MainThread]: Connection 'model.enpal_assessment_project.activity_types' was properly closed.
[0m01:41:10.263267 [info ] [MainThread]: 
[0m01:41:10.263534 [info ] [MainThread]: Finished running 1 table model in 0 hours 0 minutes and 0.26 seconds (0.26s).
[0m01:41:10.264113 [debug] [MainThread]: Command end result
[0m01:41:10.286280 [debug] [MainThread]: Wrote artifact WritableManifest to /Users/rajukaju/Projects/dbt_enpal_assessment/target/manifest.json
[0m01:41:10.287544 [debug] [MainThread]: Wrote artifact SemanticManifest to /Users/rajukaju/Projects/dbt_enpal_assessment/target/semantic_manifest.json
[0m01:41:10.292689 [debug] [MainThread]: Wrote artifact RunExecutionResult to /Users/rajukaju/Projects/dbt_enpal_assessment/target/run_results.json
[0m01:41:10.292986 [info ] [MainThread]: 
[0m01:41:10.293331 [info ] [MainThread]: [31mCompleted with 1 error, 0 partial successes, and 0 warnings:[0m
[0m01:41:10.293536 [info ] [MainThread]: 
[0m01:41:10.293759 [error] [MainThread]: [31mFailure in model activity_types (models/bronze_raw/activity_types.sql)[0m
[0m01:41:10.294021 [error] [MainThread]:   Database Error in model activity_types (models/bronze_raw/activity_types.sql)
  syntax error at or near ";"
  LINE 17: FROM POSTGRES.PUBLIC.ACTIVITY_TYPES AP;
                                                 ^
  compiled code at target/run/enpal_assessment_project/models/bronze_raw/activity_types.sql
[0m01:41:10.294192 [info ] [MainThread]: 
[0m01:41:10.294428 [info ] [MainThread]:   compiled code at target/compiled/enpal_assessment_project/models/bronze_raw/activity_types.sql
[0m01:41:10.294628 [info ] [MainThread]: 
[0m01:41:10.294916 [info ] [MainThread]: Done. PASS=0 WARN=0 ERROR=1 SKIP=0 NO-OP=0 TOTAL=1
[0m01:41:10.296942 [debug] [MainThread]: Resource report: {"command_name": "run", "command_success": false, "command_wall_clock_time": 0.749382, "process_in_blocks": "0", "process_kernel_time": 0.201911, "process_mem_max_rss": "125763584", "process_out_blocks": "0", "process_user_time": 1.286146}
[0m01:41:10.297255 [debug] [MainThread]: Command `dbt run` failed at 01:41:10.297195 after 0.75 seconds
[0m01:41:10.297497 [debug] [MainThread]: Sending event: {'category': 'dbt', 'action': 'invocation', 'label': 'end', 'context': [<snowplow_tracker.self_describing_json.SelfDescribingJson object at 0x10bedd250>, <snowplow_tracker.self_describing_json.SelfDescribingJson object at 0x10df60c10>, <snowplow_tracker.self_describing_json.SelfDescribingJson object at 0x10c17c670>]}
[0m01:41:10.297734 [debug] [MainThread]: Flushing usage events
[0m01:41:11.251968 [debug] [MainThread]: An error was encountered while trying to flush usage events
[0m01:41:18.202180 [debug] [MainThread]: Sending event: {'category': 'dbt', 'action': 'invocation', 'label': 'start', 'context': [<snowplow_tracker.self_describing_json.SelfDescribingJson object at 0x10bc35280>, <snowplow_tracker.self_describing_json.SelfDescribingJson object at 0x10ccb3e80>, <snowplow_tracker.self_describing_json.SelfDescribingJson object at 0x10ccb3250>]}


============================== 01:41:18.204934 | 6b83db28-786c-4565-a62a-112ef4a74fcc ==============================
[0m01:41:18.204934 [info ] [MainThread]: Running with dbt=1.10.19
[0m01:41:18.205276 [debug] [MainThread]: running dbt with arguments {'version_check': 'True', 'static_parser': 'True', 'invocation_command': 'dbt run -s activity_types.sql', 'log_cache_events': 'False', 'indirect_selection': 'eager', 'target_path': 'None', 'warn_error': 'None', 'debug': 'False', 'send_anonymous_usage_stats': 'True', 'partial_parse': 'True', 'introspect': 'True', 'use_experimental_parser': 'False', 'log_format': 'default', 'warn_error_options': 'WarnErrorOptionsV2(error=[], warn=[], silence=[])', 'empty': 'False', 'write_json': 'True', 'no_print': 'None', 'log_path': '/Users/rajukaju/Projects/dbt_enpal_assessment/logs', 'profiles_dir': '/Users/rajukaju/Projects/dbt_enpal_assessment', 'printer_width': '80', 'cache_selected_only': 'False', 'quiet': 'False', 'fail_fast': 'False', 'use_colors': 'True'}
[0m01:41:18.311514 [debug] [MainThread]: Sending event: {'category': 'dbt', 'action': 'project_id', 'label': '6b83db28-786c-4565-a62a-112ef4a74fcc', 'context': [<snowplow_tracker.self_describing_json.SelfDescribingJson object at 0x10cc8e460>]}
[0m01:41:18.348119 [debug] [MainThread]: Sending event: {'category': 'dbt', 'action': 'adapter_info', 'label': '6b83db28-786c-4565-a62a-112ef4a74fcc', 'context': [<snowplow_tracker.self_describing_json.SelfDescribingJson object at 0x10c525670>]}
[0m01:41:18.349521 [info ] [MainThread]: Registered adapter: postgres=1.9.1
[0m01:41:18.418633 [debug] [MainThread]: checksum: c35ba6d374a0901ceb00688d5179d5550885e1756283b03e5e81c28e0d8d2248, vars: {}, profile: , target: , version: 1.10.19
[0m01:41:18.510247 [debug] [MainThread]: Partial parsing enabled: 0 files deleted, 0 files added, 1 files changed.
[0m01:41:18.510608 [debug] [MainThread]: Partial parsing: updated file: enpal_assessment_project://models/bronze_raw/activity_types.sql
[0m01:41:18.668441 [debug] [MainThread]: Sending event: {'category': 'dbt', 'action': 'load_project', 'label': '6b83db28-786c-4565-a62a-112ef4a74fcc', 'context': [<snowplow_tracker.self_describing_json.SelfDescribingJson object at 0x10de64130>]}
[0m01:41:18.746528 [debug] [MainThread]: Wrote artifact WritableManifest to /Users/rajukaju/Projects/dbt_enpal_assessment/target/manifest.json
[0m01:41:18.747602 [debug] [MainThread]: Wrote artifact SemanticManifest to /Users/rajukaju/Projects/dbt_enpal_assessment/target/semantic_manifest.json
[0m01:41:18.758250 [debug] [MainThread]: Sending event: {'category': 'dbt', 'action': 'resource_counts', 'label': '6b83db28-786c-4565-a62a-112ef4a74fcc', 'context': [<snowplow_tracker.self_describing_json.SelfDescribingJson object at 0x10dc694f0>]}
[0m01:41:18.758536 [info ] [MainThread]: Found 2 models, 1 source, 447 macros
[0m01:41:18.758733 [debug] [MainThread]: Sending event: {'category': 'dbt', 'action': 'runnable_timing', 'label': '6b83db28-786c-4565-a62a-112ef4a74fcc', 'context': [<snowplow_tracker.self_describing_json.SelfDescribingJson object at 0x10dc5d3a0>]}
[0m01:41:18.759465 [info ] [MainThread]: 
[0m01:41:18.759655 [info ] [MainThread]: Concurrency: 1 threads (target='dev')
[0m01:41:18.759818 [info ] [MainThread]: 
[0m01:41:18.760087 [debug] [MainThread]: Acquiring new postgres connection 'master'
[0m01:41:18.760541 [debug] [ThreadPool]: Acquiring new postgres connection 'list_postgres'
[0m01:41:18.796762 [debug] [ThreadPool]: Using postgres connection "list_postgres"
[0m01:41:18.797050 [debug] [ThreadPool]: On list_postgres: /* {"app": "dbt", "dbt_version": "1.10.19", "profile_name": "enpal_assessment_project", "target_name": "dev", "connection_name": "list_postgres"} */

    select distinct nspname from pg_namespace
  
[0m01:41:18.797223 [debug] [ThreadPool]: Opening a new connection, currently in state init
[0m01:41:18.818787 [debug] [ThreadPool]: SQL status: SELECT 5 in 0.022 seconds
[0m01:41:18.819661 [debug] [ThreadPool]: On list_postgres: Close
[0m01:41:18.822704 [debug] [ThreadPool]: Re-using an available connection from the pool (formerly list_postgres, now list_postgres_public_pipedrive_analytics)
[0m01:41:18.826968 [debug] [ThreadPool]: Using postgres connection "list_postgres_public_pipedrive_analytics"
[0m01:41:18.827178 [debug] [ThreadPool]: On list_postgres_public_pipedrive_analytics: BEGIN
[0m01:41:18.827339 [debug] [ThreadPool]: Opening a new connection, currently in state closed
[0m01:41:18.834736 [debug] [ThreadPool]: SQL status: BEGIN in 0.007 seconds
[0m01:41:18.835003 [debug] [ThreadPool]: Using postgres connection "list_postgres_public_pipedrive_analytics"
[0m01:41:18.835193 [debug] [ThreadPool]: On list_postgres_public_pipedrive_analytics: /* {"app": "dbt", "dbt_version": "1.10.19", "profile_name": "enpal_assessment_project", "target_name": "dev", "connection_name": "list_postgres_public_pipedrive_analytics"} */
select
      'postgres' as database,
      tablename as name,
      schemaname as schema,
      'table' as type
    from pg_tables
    where schemaname ilike 'public_pipedrive_analytics'
    union all
    select
      'postgres' as database,
      viewname as name,
      schemaname as schema,
      'view' as type
    from pg_views
    where schemaname ilike 'public_pipedrive_analytics'
    union all
    select
      'postgres' as database,
      matviewname as name,
      schemaname as schema,
      'materialized_view' as type
    from pg_matviews
    where schemaname ilike 'public_pipedrive_analytics'
  
[0m01:41:18.837053 [debug] [ThreadPool]: SQL status: SELECT 1 in 0.002 seconds
[0m01:41:18.837827 [debug] [ThreadPool]: On list_postgres_public_pipedrive_analytics: ROLLBACK
[0m01:41:18.838262 [debug] [ThreadPool]: On list_postgres_public_pipedrive_analytics: Close
[0m01:41:18.841586 [debug] [MainThread]: Using postgres connection "master"
[0m01:41:18.841813 [debug] [MainThread]: On master: BEGIN
[0m01:41:18.841976 [debug] [MainThread]: Opening a new connection, currently in state init
[0m01:41:18.849213 [debug] [MainThread]: SQL status: BEGIN in 0.007 seconds
[0m01:41:18.849467 [debug] [MainThread]: Using postgres connection "master"
[0m01:41:18.849696 [debug] [MainThread]: On master: /* {"app": "dbt", "dbt_version": "1.10.19", "profile_name": "enpal_assessment_project", "target_name": "dev", "connection_name": "master"} */
select distinct
        dependent_namespace.nspname as dependent_schema,
        dependent_class.relname as dependent_name,
        referenced_namespace.nspname as referenced_schema,
        referenced_class.relname as referenced_name

    -- Query for views: views are entries in pg_class with an entry in pg_rewrite, but we avoid
    -- a seq scan on pg_rewrite by leveraging the fact there is an "internal" row in pg_depend for
    -- the view...
    from pg_class as dependent_class
    join pg_namespace as dependent_namespace on dependent_namespace.oid = dependent_class.relnamespace
    join pg_depend as dependent_depend on dependent_depend.refobjid = dependent_class.oid
        and dependent_depend.classid = 'pg_rewrite'::regclass
        and dependent_depend.refclassid = 'pg_class'::regclass
        and dependent_depend.deptype = 'i'

    -- ... and via pg_depend (that has a row per column, hence the need for "distinct" above, and
    -- making sure to exclude the internal row to avoid a view appearing to depend on itself)...
    join pg_depend as joining_depend on joining_depend.objid = dependent_depend.objid
        and joining_depend.classid = 'pg_rewrite'::regclass
        and joining_depend.refclassid = 'pg_class'::regclass
        and joining_depend.refobjid != dependent_depend.refobjid

    -- ... we can find the tables they query from in pg_class, but excluding system tables. Note we
    -- don't need need to exclude _dependent_ system tables, because they only query from other
    -- system tables, and so are automatically excluded by excluding _referenced_ system tables
    join pg_class as referenced_class on referenced_class.oid = joining_depend.refobjid
    join pg_namespace as referenced_namespace on referenced_namespace.oid = referenced_class.relnamespace
        and referenced_namespace.nspname != 'information_schema'
        and referenced_namespace.nspname not like 'pg\_%'

    order by
        dependent_schema, dependent_name, referenced_schema, referenced_name;
[0m01:41:18.851941 [debug] [MainThread]: SQL status: SELECT 0 in 0.002 seconds
[0m01:41:18.852733 [debug] [MainThread]: Sending event: {'category': 'dbt', 'action': 'runnable_timing', 'label': '6b83db28-786c-4565-a62a-112ef4a74fcc', 'context': [<snowplow_tracker.self_describing_json.SelfDescribingJson object at 0x10de2d0a0>]}
[0m01:41:18.853039 [debug] [MainThread]: On master: ROLLBACK
[0m01:41:18.853543 [debug] [MainThread]: Using postgres connection "master"
[0m01:41:18.853768 [debug] [MainThread]: On master: BEGIN
[0m01:41:18.854521 [debug] [MainThread]: SQL status: BEGIN in 0.001 seconds
[0m01:41:18.854725 [debug] [MainThread]: On master: COMMIT
[0m01:41:18.854915 [debug] [MainThread]: Using postgres connection "master"
[0m01:41:18.855088 [debug] [MainThread]: On master: COMMIT
[0m01:41:18.855508 [debug] [MainThread]: SQL status: COMMIT in 0.000 seconds
[0m01:41:18.855709 [debug] [MainThread]: On master: Close
[0m01:41:18.857449 [debug] [Thread-1  ]: Began running node model.enpal_assessment_project.activity_types
[0m01:41:18.857828 [info ] [Thread-1  ]: 1 of 1 START sql table model public_pipedrive_analytics.activity_types ......... [RUN]
[0m01:41:18.858116 [debug] [Thread-1  ]: Re-using an available connection from the pool (formerly list_postgres_public_pipedrive_analytics, now model.enpal_assessment_project.activity_types)
[0m01:41:18.858331 [debug] [Thread-1  ]: Began compiling node model.enpal_assessment_project.activity_types
[0m01:41:18.864521 [debug] [Thread-1  ]: Writing injected SQL for node "model.enpal_assessment_project.activity_types"
[0m01:41:18.864984 [debug] [Thread-1  ]: Began executing node model.enpal_assessment_project.activity_types
[0m01:41:18.890818 [debug] [Thread-1  ]: Writing runtime sql for node "model.enpal_assessment_project.activity_types"
[0m01:41:18.891281 [debug] [Thread-1  ]: Using postgres connection "model.enpal_assessment_project.activity_types"
[0m01:41:18.891484 [debug] [Thread-1  ]: On model.enpal_assessment_project.activity_types: BEGIN
[0m01:41:18.891673 [debug] [Thread-1  ]: Opening a new connection, currently in state closed
[0m01:41:18.898687 [debug] [Thread-1  ]: SQL status: BEGIN in 0.007 seconds
[0m01:41:18.899005 [debug] [Thread-1  ]: Using postgres connection "model.enpal_assessment_project.activity_types"
[0m01:41:18.899218 [debug] [Thread-1  ]: On model.enpal_assessment_project.activity_types: /* {"app": "dbt", "dbt_version": "1.10.19", "profile_name": "enpal_assessment_project", "target_name": "dev", "node_id": "model.enpal_assessment_project.activity_types"} */

  
    

  create  table "postgres"."public_pipedrive_analytics"."activity_types__dbt_tmp"
  
  
    as
  
  (
    SELECT 
    AP.id, 
    AP.name, 
    AP.active, 
    AP.type
FROM POSTGRES.PUBLIC.ACTIVITY_TYPES AP
  );
  
[0m01:41:18.900996 [debug] [Thread-1  ]: SQL status: SELECT 4 in 0.002 seconds
[0m01:41:18.907706 [debug] [Thread-1  ]: Using postgres connection "model.enpal_assessment_project.activity_types"
[0m01:41:18.907943 [debug] [Thread-1  ]: On model.enpal_assessment_project.activity_types: /* {"app": "dbt", "dbt_version": "1.10.19", "profile_name": "enpal_assessment_project", "target_name": "dev", "node_id": "model.enpal_assessment_project.activity_types"} */
alter table "postgres"."public_pipedrive_analytics"."activity_types__dbt_tmp" rename to "activity_types"
[0m01:41:18.908642 [debug] [Thread-1  ]: SQL status: ALTER TABLE in 0.000 seconds
[0m01:41:18.919094 [debug] [Thread-1  ]: On model.enpal_assessment_project.activity_types: COMMIT
[0m01:41:18.919421 [debug] [Thread-1  ]: Using postgres connection "model.enpal_assessment_project.activity_types"
[0m01:41:18.919620 [debug] [Thread-1  ]: On model.enpal_assessment_project.activity_types: COMMIT
[0m01:41:18.920958 [debug] [Thread-1  ]: SQL status: COMMIT in 0.001 seconds
[0m01:41:18.926061 [debug] [Thread-1  ]: Applying DROP to: "postgres"."public_pipedrive_analytics"."activity_types__dbt_backup"
[0m01:41:18.928982 [debug] [Thread-1  ]: Using postgres connection "model.enpal_assessment_project.activity_types"
[0m01:41:18.929209 [debug] [Thread-1  ]: On model.enpal_assessment_project.activity_types: /* {"app": "dbt", "dbt_version": "1.10.19", "profile_name": "enpal_assessment_project", "target_name": "dev", "node_id": "model.enpal_assessment_project.activity_types"} */
drop table if exists "postgres"."public_pipedrive_analytics"."activity_types__dbt_backup" cascade
[0m01:41:18.930082 [debug] [Thread-1  ]: SQL status: DROP TABLE in 0.001 seconds
[0m01:41:18.931707 [debug] [Thread-1  ]: On model.enpal_assessment_project.activity_types: Close
[0m01:41:18.933060 [debug] [Thread-1  ]: Sending event: {'category': 'dbt', 'action': 'run_model', 'label': '6b83db28-786c-4565-a62a-112ef4a74fcc', 'context': [<snowplow_tracker.self_describing_json.SelfDescribingJson object at 0x10e1574f0>]}
[0m01:41:18.933482 [info ] [Thread-1  ]: 1 of 1 OK created sql table model public_pipedrive_analytics.activity_types .... [[32mSELECT 4[0m in 0.07s]
[0m01:41:18.933808 [debug] [Thread-1  ]: Finished running node model.enpal_assessment_project.activity_types
[0m01:41:18.934409 [debug] [MainThread]: Using postgres connection "master"
[0m01:41:18.934584 [debug] [MainThread]: On master: BEGIN
[0m01:41:18.934731 [debug] [MainThread]: Opening a new connection, currently in state closed
[0m01:41:18.941425 [debug] [MainThread]: SQL status: BEGIN in 0.007 seconds
[0m01:41:18.941705 [debug] [MainThread]: On master: COMMIT
[0m01:41:18.941887 [debug] [MainThread]: Using postgres connection "master"
[0m01:41:18.942048 [debug] [MainThread]: On master: COMMIT
[0m01:41:18.942430 [debug] [MainThread]: SQL status: COMMIT in 0.000 seconds
[0m01:41:18.942598 [debug] [MainThread]: On master: Close
[0m01:41:18.942838 [debug] [MainThread]: Connection 'master' was properly closed.
[0m01:41:18.942991 [debug] [MainThread]: Connection 'model.enpal_assessment_project.activity_types' was properly closed.
[0m01:41:18.943162 [info ] [MainThread]: 
[0m01:41:18.943341 [info ] [MainThread]: Finished running 1 table model in 0 hours 0 minutes and 0.18 seconds (0.18s).
[0m01:41:18.943738 [debug] [MainThread]: Command end result
[0m01:41:18.958417 [debug] [MainThread]: Wrote artifact WritableManifest to /Users/rajukaju/Projects/dbt_enpal_assessment/target/manifest.json
[0m01:41:18.959413 [debug] [MainThread]: Wrote artifact SemanticManifest to /Users/rajukaju/Projects/dbt_enpal_assessment/target/semantic_manifest.json
[0m01:41:18.963387 [debug] [MainThread]: Wrote artifact RunExecutionResult to /Users/rajukaju/Projects/dbt_enpal_assessment/target/run_results.json
[0m01:41:18.963564 [info ] [MainThread]: 
[0m01:41:18.963789 [info ] [MainThread]: [32mCompleted successfully[0m
[0m01:41:18.963957 [info ] [MainThread]: 
[0m01:41:18.964142 [info ] [MainThread]: Done. PASS=1 WARN=0 ERROR=0 SKIP=0 NO-OP=0 TOTAL=1
[0m01:41:18.965953 [debug] [MainThread]: Resource report: {"command_name": "run", "command_success": true, "command_wall_clock_time": 0.8091797, "process_in_blocks": "0", "process_kernel_time": 0.190097, "process_mem_max_rss": "129220608", "process_out_blocks": "0", "process_user_time": 1.414158}
[0m01:41:18.966174 [debug] [MainThread]: Command `dbt run` succeeded at 01:41:18.966128 after 0.81 seconds
[0m01:41:18.966368 [debug] [MainThread]: Sending event: {'category': 'dbt', 'action': 'invocation', 'label': 'end', 'context': [<snowplow_tracker.self_describing_json.SelfDescribingJson object at 0x10bc35280>, <snowplow_tracker.self_describing_json.SelfDescribingJson object at 0x10a3871c0>, <snowplow_tracker.self_describing_json.SelfDescribingJson object at 0x10daaf1c0>]}
[0m01:41:18.966569 [debug] [MainThread]: Flushing usage events
[0m01:41:20.160992 [debug] [MainThread]: An error was encountered while trying to flush usage events
[0m01:45:44.646962 [debug] [MainThread]: Sending event: {'category': 'dbt', 'action': 'invocation', 'label': 'start', 'context': [<snowplow_tracker.self_describing_json.SelfDescribingJson object at 0x1084f91f0>, <snowplow_tracker.self_describing_json.SelfDescribingJson object at 0x109577e20>, <snowplow_tracker.self_describing_json.SelfDescribingJson object at 0x109577220>]}


============================== 01:45:44.649950 | 89757db4-f6c0-48df-8a05-afc9e7d27e2c ==============================
[0m01:45:44.649950 [info ] [MainThread]: Running with dbt=1.10.19
[0m01:45:44.650293 [debug] [MainThread]: running dbt with arguments {'invocation_command': 'dbt run -s deal_changes.sql', 'warn_error': 'None', 'profiles_dir': '/Users/rajukaju/Projects/dbt_enpal_assessment', 'printer_width': '80', 'quiet': 'False', 'introspect': 'True', 'warn_error_options': 'WarnErrorOptionsV2(error=[], warn=[], silence=[])', 'indirect_selection': 'eager', 'debug': 'False', 'partial_parse': 'True', 'log_cache_events': 'False', 'send_anonymous_usage_stats': 'True', 'empty': 'False', 'version_check': 'True', 'fail_fast': 'False', 'no_print': 'None', 'use_colors': 'True', 'target_path': 'None', 'log_format': 'default', 'write_json': 'True', 'cache_selected_only': 'False', 'use_experimental_parser': 'False', 'static_parser': 'True', 'log_path': '/Users/rajukaju/Projects/dbt_enpal_assessment/logs'}
[0m01:45:44.765837 [debug] [MainThread]: Sending event: {'category': 'dbt', 'action': 'project_id', 'label': '89757db4-f6c0-48df-8a05-afc9e7d27e2c', 'context': [<snowplow_tracker.self_describing_json.SelfDescribingJson object at 0x106c4c220>]}
[0m01:45:44.802246 [debug] [MainThread]: Sending event: {'category': 'dbt', 'action': 'adapter_info', 'label': '89757db4-f6c0-48df-8a05-afc9e7d27e2c', 'context': [<snowplow_tracker.self_describing_json.SelfDescribingJson object at 0x10952eb80>]}
[0m01:45:44.802945 [info ] [MainThread]: Registered adapter: postgres=1.9.1
[0m01:45:44.876104 [debug] [MainThread]: checksum: c35ba6d374a0901ceb00688d5179d5550885e1756283b03e5e81c28e0d8d2248, vars: {}, profile: , target: , version: 1.10.19
[0m01:45:44.968592 [debug] [MainThread]: Partial parsing enabled: 0 files deleted, 1 files added, 0 files changed.
[0m01:45:44.968916 [debug] [MainThread]: Partial parsing: added file: enpal_assessment_project://models/bronze_raw/deal_changes.sql
[0m01:45:45.125465 [debug] [MainThread]: Sending event: {'category': 'dbt', 'action': 'load_project', 'label': '89757db4-f6c0-48df-8a05-afc9e7d27e2c', 'context': [<snowplow_tracker.self_describing_json.SelfDescribingJson object at 0x10a730ee0>]}
[0m01:45:45.203980 [debug] [MainThread]: Wrote artifact WritableManifest to /Users/rajukaju/Projects/dbt_enpal_assessment/target/manifest.json
[0m01:45:45.205380 [debug] [MainThread]: Wrote artifact SemanticManifest to /Users/rajukaju/Projects/dbt_enpal_assessment/target/semantic_manifest.json
[0m01:45:45.216699 [debug] [MainThread]: Sending event: {'category': 'dbt', 'action': 'resource_counts', 'label': '89757db4-f6c0-48df-8a05-afc9e7d27e2c', 'context': [<snowplow_tracker.self_describing_json.SelfDescribingJson object at 0x10a5bcc70>]}
[0m01:45:45.216985 [info ] [MainThread]: Found 3 models, 1 source, 447 macros
[0m01:45:45.217180 [debug] [MainThread]: Sending event: {'category': 'dbt', 'action': 'runnable_timing', 'label': '89757db4-f6c0-48df-8a05-afc9e7d27e2c', 'context': [<snowplow_tracker.self_describing_json.SelfDescribingJson object at 0x10a52e880>]}
[0m01:45:45.217903 [info ] [MainThread]: 
[0m01:45:45.218089 [info ] [MainThread]: Concurrency: 1 threads (target='dev')
[0m01:45:45.218248 [info ] [MainThread]: 
[0m01:45:45.218517 [debug] [MainThread]: Acquiring new postgres connection 'master'
[0m01:45:45.218962 [debug] [ThreadPool]: Acquiring new postgres connection 'list_postgres'
[0m01:45:45.256715 [debug] [ThreadPool]: Using postgres connection "list_postgres"
[0m01:45:45.256980 [debug] [ThreadPool]: On list_postgres: /* {"app": "dbt", "dbt_version": "1.10.19", "profile_name": "enpal_assessment_project", "target_name": "dev", "connection_name": "list_postgres"} */

    select distinct nspname from pg_namespace
  
[0m01:45:45.257141 [debug] [ThreadPool]: Opening a new connection, currently in state init
[0m01:45:45.301300 [debug] [ThreadPool]: SQL status: SELECT 5 in 0.044 seconds
[0m01:45:45.302455 [debug] [ThreadPool]: On list_postgres: Close
[0m01:45:45.306080 [debug] [ThreadPool]: Re-using an available connection from the pool (formerly list_postgres, now list_postgres_public_pipedrive_analytics)
[0m01:45:45.311398 [debug] [ThreadPool]: Using postgres connection "list_postgres_public_pipedrive_analytics"
[0m01:45:45.311786 [debug] [ThreadPool]: On list_postgres_public_pipedrive_analytics: BEGIN
[0m01:45:45.312062 [debug] [ThreadPool]: Opening a new connection, currently in state closed
[0m01:45:45.321851 [debug] [ThreadPool]: SQL status: BEGIN in 0.010 seconds
[0m01:45:45.322157 [debug] [ThreadPool]: Using postgres connection "list_postgres_public_pipedrive_analytics"
[0m01:45:45.322366 [debug] [ThreadPool]: On list_postgres_public_pipedrive_analytics: /* {"app": "dbt", "dbt_version": "1.10.19", "profile_name": "enpal_assessment_project", "target_name": "dev", "connection_name": "list_postgres_public_pipedrive_analytics"} */
select
      'postgres' as database,
      tablename as name,
      schemaname as schema,
      'table' as type
    from pg_tables
    where schemaname ilike 'public_pipedrive_analytics'
    union all
    select
      'postgres' as database,
      viewname as name,
      schemaname as schema,
      'view' as type
    from pg_views
    where schemaname ilike 'public_pipedrive_analytics'
    union all
    select
      'postgres' as database,
      matviewname as name,
      schemaname as schema,
      'materialized_view' as type
    from pg_matviews
    where schemaname ilike 'public_pipedrive_analytics'
  
[0m01:45:45.326158 [debug] [ThreadPool]: SQL status: SELECT 2 in 0.004 seconds
[0m01:45:45.327105 [debug] [ThreadPool]: On list_postgres_public_pipedrive_analytics: ROLLBACK
[0m01:45:45.327600 [debug] [ThreadPool]: On list_postgres_public_pipedrive_analytics: Close
[0m01:45:45.331637 [debug] [MainThread]: Using postgres connection "master"
[0m01:45:45.331900 [debug] [MainThread]: On master: BEGIN
[0m01:45:45.332085 [debug] [MainThread]: Opening a new connection, currently in state init
[0m01:45:45.339631 [debug] [MainThread]: SQL status: BEGIN in 0.008 seconds
[0m01:45:45.339863 [debug] [MainThread]: Using postgres connection "master"
[0m01:45:45.340099 [debug] [MainThread]: On master: /* {"app": "dbt", "dbt_version": "1.10.19", "profile_name": "enpal_assessment_project", "target_name": "dev", "connection_name": "master"} */
select distinct
        dependent_namespace.nspname as dependent_schema,
        dependent_class.relname as dependent_name,
        referenced_namespace.nspname as referenced_schema,
        referenced_class.relname as referenced_name

    -- Query for views: views are entries in pg_class with an entry in pg_rewrite, but we avoid
    -- a seq scan on pg_rewrite by leveraging the fact there is an "internal" row in pg_depend for
    -- the view...
    from pg_class as dependent_class
    join pg_namespace as dependent_namespace on dependent_namespace.oid = dependent_class.relnamespace
    join pg_depend as dependent_depend on dependent_depend.refobjid = dependent_class.oid
        and dependent_depend.classid = 'pg_rewrite'::regclass
        and dependent_depend.refclassid = 'pg_class'::regclass
        and dependent_depend.deptype = 'i'

    -- ... and via pg_depend (that has a row per column, hence the need for "distinct" above, and
    -- making sure to exclude the internal row to avoid a view appearing to depend on itself)...
    join pg_depend as joining_depend on joining_depend.objid = dependent_depend.objid
        and joining_depend.classid = 'pg_rewrite'::regclass
        and joining_depend.refclassid = 'pg_class'::regclass
        and joining_depend.refobjid != dependent_depend.refobjid

    -- ... we can find the tables they query from in pg_class, but excluding system tables. Note we
    -- don't need need to exclude _dependent_ system tables, because they only query from other
    -- system tables, and so are automatically excluded by excluding _referenced_ system tables
    join pg_class as referenced_class on referenced_class.oid = joining_depend.refobjid
    join pg_namespace as referenced_namespace on referenced_namespace.oid = referenced_class.relnamespace
        and referenced_namespace.nspname != 'information_schema'
        and referenced_namespace.nspname not like 'pg\_%'

    order by
        dependent_schema, dependent_name, referenced_schema, referenced_name;
[0m01:45:45.342896 [debug] [MainThread]: SQL status: SELECT 0 in 0.003 seconds
[0m01:45:45.343715 [debug] [MainThread]: Sending event: {'category': 'dbt', 'action': 'runnable_timing', 'label': '89757db4-f6c0-48df-8a05-afc9e7d27e2c', 'context': [<snowplow_tracker.self_describing_json.SelfDescribingJson object at 0x108e056a0>]}
[0m01:45:45.344025 [debug] [MainThread]: On master: ROLLBACK
[0m01:45:45.344534 [debug] [MainThread]: Using postgres connection "master"
[0m01:45:45.344724 [debug] [MainThread]: On master: BEGIN
[0m01:45:45.345470 [debug] [MainThread]: SQL status: BEGIN in 0.001 seconds
[0m01:45:45.345702 [debug] [MainThread]: On master: COMMIT
[0m01:45:45.345904 [debug] [MainThread]: Using postgres connection "master"
[0m01:45:45.346089 [debug] [MainThread]: On master: COMMIT
[0m01:45:45.346512 [debug] [MainThread]: SQL status: COMMIT in 0.000 seconds
[0m01:45:45.346713 [debug] [MainThread]: On master: Close
[0m01:45:45.349095 [debug] [Thread-1  ]: Began running node model.enpal_assessment_project.deal_changes
[0m01:45:45.349478 [info ] [Thread-1  ]: 1 of 1 START sql view model public_pipedrive_analytics.deal_changes ............ [RUN]
[0m01:45:45.349784 [debug] [Thread-1  ]: Re-using an available connection from the pool (formerly list_postgres_public_pipedrive_analytics, now model.enpal_assessment_project.deal_changes)
[0m01:45:45.350025 [debug] [Thread-1  ]: Began compiling node model.enpal_assessment_project.deal_changes
[0m01:45:45.357117 [debug] [Thread-1  ]: Writing injected SQL for node "model.enpal_assessment_project.deal_changes"
[0m01:45:45.357641 [debug] [Thread-1  ]: Began executing node model.enpal_assessment_project.deal_changes
[0m01:45:45.381263 [debug] [Thread-1  ]: Writing runtime sql for node "model.enpal_assessment_project.deal_changes"
[0m01:45:45.381716 [debug] [Thread-1  ]: Using postgres connection "model.enpal_assessment_project.deal_changes"
[0m01:45:45.381922 [debug] [Thread-1  ]: On model.enpal_assessment_project.deal_changes: BEGIN
[0m01:45:45.382110 [debug] [Thread-1  ]: Opening a new connection, currently in state closed
[0m01:45:45.394343 [debug] [Thread-1  ]: SQL status: BEGIN in 0.012 seconds
[0m01:45:45.394628 [debug] [Thread-1  ]: Using postgres connection "model.enpal_assessment_project.deal_changes"
[0m01:45:45.394859 [debug] [Thread-1  ]: On model.enpal_assessment_project.deal_changes: /* {"app": "dbt", "dbt_version": "1.10.19", "profile_name": "enpal_assessment_project", "target_name": "dev", "node_id": "model.enpal_assessment_project.deal_changes"} */

  create view "postgres"."public_pipedrive_analytics"."deal_changes__dbt_tmp"
    
    
  as (
    


SELECT 
    DC.deal_id, 
    DC.change_time, 
    DC.changed_field_key, 
    DC.new_value 
FROM POSTGRES.PUBLIC.DEAL_CHANGES DC
  );
[0m01:45:45.401499 [debug] [Thread-1  ]: SQL status: CREATE VIEW in 0.006 seconds
[0m01:45:45.406672 [debug] [Thread-1  ]: Using postgres connection "model.enpal_assessment_project.deal_changes"
[0m01:45:45.406950 [debug] [Thread-1  ]: On model.enpal_assessment_project.deal_changes: /* {"app": "dbt", "dbt_version": "1.10.19", "profile_name": "enpal_assessment_project", "target_name": "dev", "node_id": "model.enpal_assessment_project.deal_changes"} */
alter table "postgres"."public_pipedrive_analytics"."deal_changes__dbt_tmp" rename to "deal_changes"
[0m01:45:45.407752 [debug] [Thread-1  ]: SQL status: ALTER TABLE in 0.001 seconds
[0m01:45:45.418495 [debug] [Thread-1  ]: On model.enpal_assessment_project.deal_changes: COMMIT
[0m01:45:45.419054 [debug] [Thread-1  ]: Using postgres connection "model.enpal_assessment_project.deal_changes"
[0m01:45:45.419464 [debug] [Thread-1  ]: On model.enpal_assessment_project.deal_changes: COMMIT
[0m01:45:45.422540 [debug] [Thread-1  ]: SQL status: COMMIT in 0.003 seconds
[0m01:45:45.427598 [debug] [Thread-1  ]: Applying DROP to: "postgres"."public_pipedrive_analytics"."deal_changes__dbt_backup"
[0m01:45:45.430762 [debug] [Thread-1  ]: Using postgres connection "model.enpal_assessment_project.deal_changes"
[0m01:45:45.431033 [debug] [Thread-1  ]: On model.enpal_assessment_project.deal_changes: /* {"app": "dbt", "dbt_version": "1.10.19", "profile_name": "enpal_assessment_project", "target_name": "dev", "node_id": "model.enpal_assessment_project.deal_changes"} */
drop view if exists "postgres"."public_pipedrive_analytics"."deal_changes__dbt_backup" cascade
[0m01:45:45.432261 [debug] [Thread-1  ]: SQL status: DROP VIEW in 0.001 seconds
[0m01:45:45.434781 [debug] [Thread-1  ]: On model.enpal_assessment_project.deal_changes: Close
[0m01:45:45.436497 [debug] [Thread-1  ]: Sending event: {'category': 'dbt', 'action': 'run_model', 'label': '89757db4-f6c0-48df-8a05-afc9e7d27e2c', 'context': [<snowplow_tracker.self_describing_json.SelfDescribingJson object at 0x10aa129a0>]}
[0m01:45:45.437075 [info ] [Thread-1  ]: 1 of 1 OK created sql view model public_pipedrive_analytics.deal_changes ....... [[32mCREATE VIEW[0m in 0.09s]
[0m01:45:45.437458 [debug] [Thread-1  ]: Finished running node model.enpal_assessment_project.deal_changes
[0m01:45:45.438142 [debug] [MainThread]: Using postgres connection "master"
[0m01:45:45.438343 [debug] [MainThread]: On master: BEGIN
[0m01:45:45.438506 [debug] [MainThread]: Opening a new connection, currently in state closed
[0m01:45:45.447013 [debug] [MainThread]: SQL status: BEGIN in 0.008 seconds
[0m01:45:45.447318 [debug] [MainThread]: On master: COMMIT
[0m01:45:45.447508 [debug] [MainThread]: Using postgres connection "master"
[0m01:45:45.447682 [debug] [MainThread]: On master: COMMIT
[0m01:45:45.448116 [debug] [MainThread]: SQL status: COMMIT in 0.000 seconds
[0m01:45:45.448326 [debug] [MainThread]: On master: Close
[0m01:45:45.448602 [debug] [MainThread]: Connection 'master' was properly closed.
[0m01:45:45.448768 [debug] [MainThread]: Connection 'model.enpal_assessment_project.deal_changes' was properly closed.
[0m01:45:45.448958 [info ] [MainThread]: 
[0m01:45:45.449159 [info ] [MainThread]: Finished running 1 view model in 0 hours 0 minutes and 0.23 seconds (0.23s).
[0m01:45:45.449650 [debug] [MainThread]: Command end result
[0m01:45:45.493182 [debug] [MainThread]: Wrote artifact WritableManifest to /Users/rajukaju/Projects/dbt_enpal_assessment/target/manifest.json
[0m01:45:45.494831 [debug] [MainThread]: Wrote artifact SemanticManifest to /Users/rajukaju/Projects/dbt_enpal_assessment/target/semantic_manifest.json
[0m01:45:45.508720 [debug] [MainThread]: Wrote artifact RunExecutionResult to /Users/rajukaju/Projects/dbt_enpal_assessment/target/run_results.json
[0m01:45:45.509463 [info ] [MainThread]: 
[0m01:45:45.510174 [info ] [MainThread]: [32mCompleted successfully[0m
[0m01:45:45.510908 [info ] [MainThread]: 
[0m01:45:45.511889 [info ] [MainThread]: Done. PASS=1 WARN=0 ERROR=0 SKIP=0 NO-OP=0 TOTAL=1
[0m01:45:45.516893 [debug] [MainThread]: Resource report: {"command_name": "run", "command_success": true, "command_wall_clock_time": 0.92137897, "process_in_blocks": "0", "process_kernel_time": 0.229142, "process_mem_max_rss": "127860736", "process_out_blocks": "0", "process_user_time": 1.424829}
[0m01:45:45.518269 [debug] [MainThread]: Command `dbt run` succeeded at 01:45:45.518077 after 0.92 seconds
[0m01:45:45.518921 [debug] [MainThread]: Sending event: {'category': 'dbt', 'action': 'invocation', 'label': 'end', 'context': [<snowplow_tracker.self_describing_json.SelfDescribingJson object at 0x1084f91f0>, <snowplow_tracker.self_describing_json.SelfDescribingJson object at 0x10862e580>, <snowplow_tracker.self_describing_json.SelfDescribingJson object at 0x108e45340>]}
[0m01:45:45.519938 [debug] [MainThread]: Flushing usage events
[0m01:45:46.409922 [debug] [MainThread]: An error was encountered while trying to flush usage events
[0m01:48:38.404323 [debug] [MainThread]: Sending event: {'category': 'dbt', 'action': 'invocation', 'label': 'start', 'context': [<snowplow_tracker.self_describing_json.SelfDescribingJson object at 0x10c3e1280>, <snowplow_tracker.self_describing_json.SelfDescribingJson object at 0x10d45ee80>, <snowplow_tracker.self_describing_json.SelfDescribingJson object at 0x10d45e250>]}


============================== 01:48:38.407281 | 1a3332f6-8125-42a0-b45b-8c6bdec9522d ==============================
[0m01:48:38.407281 [info ] [MainThread]: Running with dbt=1.10.19
[0m01:48:38.407632 [debug] [MainThread]: running dbt with arguments {'introspect': 'True', 'warn_error_options': 'WarnErrorOptionsV2(error=[], warn=[], silence=[])', 'send_anonymous_usage_stats': 'True', 'target_path': 'None', 'warn_error': 'None', 'use_colors': 'True', 'invocation_command': 'dbt run -s deal_changes.sql', 'printer_width': '80', 'quiet': 'False', 'log_path': '/Users/rajukaju/Projects/dbt_enpal_assessment/logs', 'fail_fast': 'False', 'static_parser': 'True', 'write_json': 'True', 'no_print': 'None', 'empty': 'False', 'debug': 'False', 'cache_selected_only': 'False', 'indirect_selection': 'eager', 'use_experimental_parser': 'False', 'log_format': 'default', 'version_check': 'True', 'partial_parse': 'True', 'profiles_dir': '/Users/rajukaju/Projects/dbt_enpal_assessment', 'log_cache_events': 'False'}
[0m01:48:38.525450 [debug] [MainThread]: Sending event: {'category': 'dbt', 'action': 'project_id', 'label': '1a3332f6-8125-42a0-b45b-8c6bdec9522d', 'context': [<snowplow_tracker.self_describing_json.SelfDescribingJson object at 0x10d43a460>]}
[0m01:48:38.561901 [debug] [MainThread]: Sending event: {'category': 'dbt', 'action': 'adapter_info', 'label': '1a3332f6-8125-42a0-b45b-8c6bdec9522d', 'context': [<snowplow_tracker.self_describing_json.SelfDescribingJson object at 0x10ccd3670>]}
[0m01:48:38.562551 [info ] [MainThread]: Registered adapter: postgres=1.9.1
[0m01:48:38.633082 [debug] [MainThread]: checksum: c35ba6d374a0901ceb00688d5179d5550885e1756283b03e5e81c28e0d8d2248, vars: {}, profile: , target: , version: 1.10.19
[0m01:48:38.725905 [debug] [MainThread]: Partial parsing enabled: 0 files deleted, 0 files added, 1 files changed.
[0m01:48:38.726265 [debug] [MainThread]: Partial parsing: updated file: enpal_assessment_project://models/bronze_raw/deal_changes.sql
[0m01:48:38.882743 [debug] [MainThread]: Sending event: {'category': 'dbt', 'action': 'load_project', 'label': '1a3332f6-8125-42a0-b45b-8c6bdec9522d', 'context': [<snowplow_tracker.self_describing_json.SelfDescribingJson object at 0x10e5aaeb0>]}
[0m01:48:38.961095 [debug] [MainThread]: Wrote artifact WritableManifest to /Users/rajukaju/Projects/dbt_enpal_assessment/target/manifest.json
[0m01:48:38.962278 [debug] [MainThread]: Wrote artifact SemanticManifest to /Users/rajukaju/Projects/dbt_enpal_assessment/target/semantic_manifest.json
[0m01:48:38.973416 [debug] [MainThread]: Sending event: {'category': 'dbt', 'action': 'resource_counts', 'label': '1a3332f6-8125-42a0-b45b-8c6bdec9522d', 'context': [<snowplow_tracker.self_describing_json.SelfDescribingJson object at 0x10e3ede20>]}
[0m01:48:38.973709 [info ] [MainThread]: Found 3 models, 1 source, 447 macros
[0m01:48:38.973907 [debug] [MainThread]: Sending event: {'category': 'dbt', 'action': 'runnable_timing', 'label': '1a3332f6-8125-42a0-b45b-8c6bdec9522d', 'context': [<snowplow_tracker.self_describing_json.SelfDescribingJson object at 0x10e3281f0>]}
[0m01:48:38.974649 [info ] [MainThread]: 
[0m01:48:38.974831 [info ] [MainThread]: Concurrency: 1 threads (target='dev')
[0m01:48:38.974987 [info ] [MainThread]: 
[0m01:48:38.975255 [debug] [MainThread]: Acquiring new postgres connection 'master'
[0m01:48:38.975703 [debug] [ThreadPool]: Acquiring new postgres connection 'list_postgres'
[0m01:48:39.012503 [debug] [ThreadPool]: Using postgres connection "list_postgres"
[0m01:48:39.012763 [debug] [ThreadPool]: On list_postgres: /* {"app": "dbt", "dbt_version": "1.10.19", "profile_name": "enpal_assessment_project", "target_name": "dev", "connection_name": "list_postgres"} */

    select distinct nspname from pg_namespace
  
[0m01:48:39.012922 [debug] [ThreadPool]: Opening a new connection, currently in state init
[0m01:48:39.055320 [debug] [ThreadPool]: SQL status: SELECT 5 in 0.042 seconds
[0m01:48:39.056156 [debug] [ThreadPool]: On list_postgres: Close
[0m01:48:39.059104 [debug] [ThreadPool]: Re-using an available connection from the pool (formerly list_postgres, now list_postgres_public_pipedrive_analytics)
[0m01:48:39.063317 [debug] [ThreadPool]: Using postgres connection "list_postgres_public_pipedrive_analytics"
[0m01:48:39.063523 [debug] [ThreadPool]: On list_postgres_public_pipedrive_analytics: BEGIN
[0m01:48:39.063694 [debug] [ThreadPool]: Opening a new connection, currently in state closed
[0m01:48:39.074079 [debug] [ThreadPool]: SQL status: BEGIN in 0.010 seconds
[0m01:48:39.074348 [debug] [ThreadPool]: Using postgres connection "list_postgres_public_pipedrive_analytics"
[0m01:48:39.074568 [debug] [ThreadPool]: On list_postgres_public_pipedrive_analytics: /* {"app": "dbt", "dbt_version": "1.10.19", "profile_name": "enpal_assessment_project", "target_name": "dev", "connection_name": "list_postgres_public_pipedrive_analytics"} */
select
      'postgres' as database,
      tablename as name,
      schemaname as schema,
      'table' as type
    from pg_tables
    where schemaname ilike 'public_pipedrive_analytics'
    union all
    select
      'postgres' as database,
      viewname as name,
      schemaname as schema,
      'view' as type
    from pg_views
    where schemaname ilike 'public_pipedrive_analytics'
    union all
    select
      'postgres' as database,
      matviewname as name,
      schemaname as schema,
      'materialized_view' as type
    from pg_matviews
    where schemaname ilike 'public_pipedrive_analytics'
  
[0m01:48:39.080842 [debug] [ThreadPool]: SQL status: SELECT 2 in 0.006 seconds
[0m01:48:39.081796 [debug] [ThreadPool]: On list_postgres_public_pipedrive_analytics: ROLLBACK
[0m01:48:39.082329 [debug] [ThreadPool]: On list_postgres_public_pipedrive_analytics: Close
[0m01:48:39.086312 [debug] [MainThread]: Using postgres connection "master"
[0m01:48:39.086556 [debug] [MainThread]: On master: BEGIN
[0m01:48:39.086738 [debug] [MainThread]: Opening a new connection, currently in state init
[0m01:48:39.095098 [debug] [MainThread]: SQL status: BEGIN in 0.008 seconds
[0m01:48:39.095367 [debug] [MainThread]: Using postgres connection "master"
[0m01:48:39.095633 [debug] [MainThread]: On master: /* {"app": "dbt", "dbt_version": "1.10.19", "profile_name": "enpal_assessment_project", "target_name": "dev", "connection_name": "master"} */
select distinct
        dependent_namespace.nspname as dependent_schema,
        dependent_class.relname as dependent_name,
        referenced_namespace.nspname as referenced_schema,
        referenced_class.relname as referenced_name

    -- Query for views: views are entries in pg_class with an entry in pg_rewrite, but we avoid
    -- a seq scan on pg_rewrite by leveraging the fact there is an "internal" row in pg_depend for
    -- the view...
    from pg_class as dependent_class
    join pg_namespace as dependent_namespace on dependent_namespace.oid = dependent_class.relnamespace
    join pg_depend as dependent_depend on dependent_depend.refobjid = dependent_class.oid
        and dependent_depend.classid = 'pg_rewrite'::regclass
        and dependent_depend.refclassid = 'pg_class'::regclass
        and dependent_depend.deptype = 'i'

    -- ... and via pg_depend (that has a row per column, hence the need for "distinct" above, and
    -- making sure to exclude the internal row to avoid a view appearing to depend on itself)...
    join pg_depend as joining_depend on joining_depend.objid = dependent_depend.objid
        and joining_depend.classid = 'pg_rewrite'::regclass
        and joining_depend.refclassid = 'pg_class'::regclass
        and joining_depend.refobjid != dependent_depend.refobjid

    -- ... we can find the tables they query from in pg_class, but excluding system tables. Note we
    -- don't need need to exclude _dependent_ system tables, because they only query from other
    -- system tables, and so are automatically excluded by excluding _referenced_ system tables
    join pg_class as referenced_class on referenced_class.oid = joining_depend.refobjid
    join pg_namespace as referenced_namespace on referenced_namespace.oid = referenced_class.relnamespace
        and referenced_namespace.nspname != 'information_schema'
        and referenced_namespace.nspname not like 'pg\_%'

    order by
        dependent_schema, dependent_name, referenced_schema, referenced_name;
[0m01:48:39.098439 [debug] [MainThread]: SQL status: SELECT 0 in 0.003 seconds
[0m01:48:39.099261 [debug] [MainThread]: Sending event: {'category': 'dbt', 'action': 'runnable_timing', 'label': '1a3332f6-8125-42a0-b45b-8c6bdec9522d', 'context': [<snowplow_tracker.self_describing_json.SelfDescribingJson object at 0x10e316d00>]}
[0m01:48:39.099579 [debug] [MainThread]: On master: ROLLBACK
[0m01:48:39.100073 [debug] [MainThread]: Using postgres connection "master"
[0m01:48:39.100265 [debug] [MainThread]: On master: BEGIN
[0m01:48:39.100975 [debug] [MainThread]: SQL status: BEGIN in 0.001 seconds
[0m01:48:39.101166 [debug] [MainThread]: On master: COMMIT
[0m01:48:39.101345 [debug] [MainThread]: Using postgres connection "master"
[0m01:48:39.101516 [debug] [MainThread]: On master: COMMIT
[0m01:48:39.101952 [debug] [MainThread]: SQL status: COMMIT in 0.000 seconds
[0m01:48:39.102184 [debug] [MainThread]: On master: Close
[0m01:48:39.105581 [debug] [Thread-1  ]: Began running node model.enpal_assessment_project.deal_changes
[0m01:48:39.105950 [info ] [Thread-1  ]: 1 of 1 START sql table model public_pipedrive_analytics.deal_changes ........... [RUN]
[0m01:48:39.106251 [debug] [Thread-1  ]: Re-using an available connection from the pool (formerly list_postgres_public_pipedrive_analytics, now model.enpal_assessment_project.deal_changes)
[0m01:48:39.106480 [debug] [Thread-1  ]: Began compiling node model.enpal_assessment_project.deal_changes
[0m01:48:39.113389 [debug] [Thread-1  ]: Writing injected SQL for node "model.enpal_assessment_project.deal_changes"
[0m01:48:39.113847 [debug] [Thread-1  ]: Began executing node model.enpal_assessment_project.deal_changes
[0m01:48:39.141111 [debug] [Thread-1  ]: Writing runtime sql for node "model.enpal_assessment_project.deal_changes"
[0m01:48:39.141919 [debug] [Thread-1  ]: Using postgres connection "model.enpal_assessment_project.deal_changes"
[0m01:48:39.142203 [debug] [Thread-1  ]: On model.enpal_assessment_project.deal_changes: BEGIN
[0m01:48:39.142476 [debug] [Thread-1  ]: Opening a new connection, currently in state closed
[0m01:48:39.156980 [debug] [Thread-1  ]: SQL status: BEGIN in 0.014 seconds
[0m01:48:39.157357 [debug] [Thread-1  ]: Using postgres connection "model.enpal_assessment_project.deal_changes"
[0m01:48:39.157618 [debug] [Thread-1  ]: On model.enpal_assessment_project.deal_changes: /* {"app": "dbt", "dbt_version": "1.10.19", "profile_name": "enpal_assessment_project", "target_name": "dev", "node_id": "model.enpal_assessment_project.deal_changes"} */

  
    

  create  table "postgres"."public_pipedrive_analytics"."deal_changes__dbt_tmp"
  
  
    as
  
  (
    


SELECT 
    DC.deal_id, 
    DC.change_time, 
    DC.changed_field_key, 
    DC.new_value 
FROM POSTGRES.PUBLIC.DEAL_CHANGES DC
  );
  
[0m01:48:39.171852 [debug] [Thread-1  ]: SQL status: SELECT 15406 in 0.014 seconds
[0m01:48:39.179986 [debug] [Thread-1  ]: Using postgres connection "model.enpal_assessment_project.deal_changes"
[0m01:48:39.180260 [debug] [Thread-1  ]: On model.enpal_assessment_project.deal_changes: /* {"app": "dbt", "dbt_version": "1.10.19", "profile_name": "enpal_assessment_project", "target_name": "dev", "node_id": "model.enpal_assessment_project.deal_changes"} */
alter table "postgres"."public_pipedrive_analytics"."deal_changes__dbt_tmp" rename to "deal_changes"
[0m01:48:39.181092 [debug] [Thread-1  ]: SQL status: ALTER TABLE in 0.001 seconds
[0m01:48:39.191732 [debug] [Thread-1  ]: On model.enpal_assessment_project.deal_changes: COMMIT
[0m01:48:39.191977 [debug] [Thread-1  ]: Using postgres connection "model.enpal_assessment_project.deal_changes"
[0m01:48:39.192188 [debug] [Thread-1  ]: On model.enpal_assessment_project.deal_changes: COMMIT
[0m01:48:39.194956 [debug] [Thread-1  ]: SQL status: COMMIT in 0.003 seconds
[0m01:48:39.199794 [debug] [Thread-1  ]: Applying DROP to: "postgres"."public_pipedrive_analytics"."deal_changes__dbt_backup"
[0m01:48:39.202890 [debug] [Thread-1  ]: Using postgres connection "model.enpal_assessment_project.deal_changes"
[0m01:48:39.203134 [debug] [Thread-1  ]: On model.enpal_assessment_project.deal_changes: /* {"app": "dbt", "dbt_version": "1.10.19", "profile_name": "enpal_assessment_project", "target_name": "dev", "node_id": "model.enpal_assessment_project.deal_changes"} */
drop table if exists "postgres"."public_pipedrive_analytics"."deal_changes__dbt_backup" cascade
[0m01:48:39.203826 [debug] [Thread-1  ]: SQL status: DROP TABLE in 0.000 seconds
[0m01:48:39.205487 [debug] [Thread-1  ]: On model.enpal_assessment_project.deal_changes: Close
[0m01:48:39.206914 [debug] [Thread-1  ]: Sending event: {'category': 'dbt', 'action': 'run_model', 'label': '1a3332f6-8125-42a0-b45b-8c6bdec9522d', 'context': [<snowplow_tracker.self_describing_json.SelfDescribingJson object at 0x10e8ffa30>]}
[0m01:48:39.207343 [info ] [Thread-1  ]: 1 of 1 OK created sql table model public_pipedrive_analytics.deal_changes ...... [[32mSELECT 15406[0m in 0.10s]
[0m01:48:39.207693 [debug] [Thread-1  ]: Finished running node model.enpal_assessment_project.deal_changes
[0m01:48:39.208301 [debug] [MainThread]: Using postgres connection "master"
[0m01:48:39.208499 [debug] [MainThread]: On master: BEGIN
[0m01:48:39.208660 [debug] [MainThread]: Opening a new connection, currently in state closed
[0m01:48:39.216847 [debug] [MainThread]: SQL status: BEGIN in 0.008 seconds
[0m01:48:39.217096 [debug] [MainThread]: On master: COMMIT
[0m01:48:39.217283 [debug] [MainThread]: Using postgres connection "master"
[0m01:48:39.217450 [debug] [MainThread]: On master: COMMIT
[0m01:48:39.217867 [debug] [MainThread]: SQL status: COMMIT in 0.000 seconds
[0m01:48:39.218058 [debug] [MainThread]: On master: Close
[0m01:48:39.218307 [debug] [MainThread]: Connection 'master' was properly closed.
[0m01:48:39.218473 [debug] [MainThread]: Connection 'model.enpal_assessment_project.deal_changes' was properly closed.
[0m01:48:39.218656 [info ] [MainThread]: 
[0m01:48:39.218843 [info ] [MainThread]: Finished running 1 table model in 0 hours 0 minutes and 0.24 seconds (0.24s).
[0m01:48:39.219254 [debug] [MainThread]: Command end result
[0m01:48:39.234791 [debug] [MainThread]: Wrote artifact WritableManifest to /Users/rajukaju/Projects/dbt_enpal_assessment/target/manifest.json
[0m01:48:39.235812 [debug] [MainThread]: Wrote artifact SemanticManifest to /Users/rajukaju/Projects/dbt_enpal_assessment/target/semantic_manifest.json
[0m01:48:39.239899 [debug] [MainThread]: Wrote artifact RunExecutionResult to /Users/rajukaju/Projects/dbt_enpal_assessment/target/run_results.json
[0m01:48:39.240073 [info ] [MainThread]: 
[0m01:48:39.240293 [info ] [MainThread]: [32mCompleted successfully[0m
[0m01:48:39.240457 [info ] [MainThread]: 
[0m01:48:39.240637 [info ] [MainThread]: Done. PASS=1 WARN=0 ERROR=0 SKIP=0 NO-OP=0 TOTAL=1
[0m01:48:39.244919 [debug] [MainThread]: Resource report: {"command_name": "run", "command_success": true, "command_wall_clock_time": 0.88668615, "process_in_blocks": "0", "process_kernel_time": 0.224352, "process_mem_max_rss": "129318912", "process_out_blocks": "0", "process_user_time": 1.410458}
[0m01:48:39.245224 [debug] [MainThread]: Command `dbt run` succeeded at 01:48:39.245170 after 0.89 seconds
[0m01:48:39.245443 [debug] [MainThread]: Sending event: {'category': 'dbt', 'action': 'invocation', 'label': 'end', 'context': [<snowplow_tracker.self_describing_json.SelfDescribingJson object at 0x10c3e1280>, <snowplow_tracker.self_describing_json.SelfDescribingJson object at 0x10ab341c0>, <snowplow_tracker.self_describing_json.SelfDescribingJson object at 0x10e3ede20>]}
[0m01:48:39.245666 [debug] [MainThread]: Flushing usage events
[0m01:48:40.482192 [debug] [MainThread]: An error was encountered while trying to flush usage events
[0m01:54:20.645469 [debug] [MainThread]: Sending event: {'category': 'dbt', 'action': 'invocation', 'label': 'start', 'context': [<snowplow_tracker.self_describing_json.SelfDescribingJson object at 0x109fa11f0>, <snowplow_tracker.self_describing_json.SelfDescribingJson object at 0x10b01fe20>, <snowplow_tracker.self_describing_json.SelfDescribingJson object at 0x10b01f220>]}


============================== 01:54:20.648445 | 4e795efc-a804-44d7-a83f-466878deeafb ==============================
[0m01:54:20.648445 [info ] [MainThread]: Running with dbt=1.10.19
[0m01:54:20.648791 [debug] [MainThread]: running dbt with arguments {'quiet': 'False', 'target_path': 'None', 'empty': 'False', 'version_check': 'True', 'introspect': 'True', 'log_cache_events': 'False', 'partial_parse': 'True', 'write_json': 'True', 'printer_width': '80', 'use_colors': 'True', 'use_experimental_parser': 'False', 'log_path': '/Users/rajukaju/Projects/dbt_enpal_assessment/logs', 'log_format': 'default', 'indirect_selection': 'eager', 'invocation_command': 'dbt run -s fields.sql', 'warn_error_options': 'WarnErrorOptionsV2(error=[], warn=[], silence=[])', 'cache_selected_only': 'False', 'no_print': 'None', 'static_parser': 'True', 'profiles_dir': '/Users/rajukaju/Projects/dbt_enpal_assessment', 'debug': 'False', 'warn_error': 'None', 'send_anonymous_usage_stats': 'True', 'fail_fast': 'False'}
[0m01:54:20.766728 [debug] [MainThread]: Sending event: {'category': 'dbt', 'action': 'project_id', 'label': '4e795efc-a804-44d7-a83f-466878deeafb', 'context': [<snowplow_tracker.self_describing_json.SelfDescribingJson object at 0x1086f4220>]}
[0m01:54:20.803248 [debug] [MainThread]: Sending event: {'category': 'dbt', 'action': 'adapter_info', 'label': '4e795efc-a804-44d7-a83f-466878deeafb', 'context': [<snowplow_tracker.self_describing_json.SelfDescribingJson object at 0x10afd6b80>]}
[0m01:54:20.803968 [info ] [MainThread]: Registered adapter: postgres=1.9.1
[0m01:54:20.876030 [debug] [MainThread]: checksum: c35ba6d374a0901ceb00688d5179d5550885e1756283b03e5e81c28e0d8d2248, vars: {}, profile: , target: , version: 1.10.19
[0m01:54:20.968801 [debug] [MainThread]: Partial parsing enabled: 0 files deleted, 1 files added, 0 files changed.
[0m01:54:20.969138 [debug] [MainThread]: Partial parsing: added file: enpal_assessment_project://models/bronze_raw/fields.sql
[0m01:54:21.125714 [debug] [MainThread]: Sending event: {'category': 'dbt', 'action': 'load_project', 'label': '4e795efc-a804-44d7-a83f-466878deeafb', 'context': [<snowplow_tracker.self_describing_json.SelfDescribingJson object at 0x10c19f130>]}
[0m01:54:21.205170 [debug] [MainThread]: Wrote artifact WritableManifest to /Users/rajukaju/Projects/dbt_enpal_assessment/target/manifest.json
[0m01:54:21.206540 [debug] [MainThread]: Wrote artifact SemanticManifest to /Users/rajukaju/Projects/dbt_enpal_assessment/target/semantic_manifest.json
[0m01:54:21.218544 [debug] [MainThread]: Sending event: {'category': 'dbt', 'action': 'resource_counts', 'label': '4e795efc-a804-44d7-a83f-466878deeafb', 'context': [<snowplow_tracker.self_describing_json.SelfDescribingJson object at 0x10beb8580>]}
[0m01:54:21.218833 [info ] [MainThread]: Found 4 models, 1 source, 447 macros
[0m01:54:21.219029 [debug] [MainThread]: Sending event: {'category': 'dbt', 'action': 'runnable_timing', 'label': '4e795efc-a804-44d7-a83f-466878deeafb', 'context': [<snowplow_tracker.self_describing_json.SelfDescribingJson object at 0x10bfd5880>]}
[0m01:54:21.219763 [info ] [MainThread]: 
[0m01:54:21.219955 [info ] [MainThread]: Concurrency: 1 threads (target='dev')
[0m01:54:21.220114 [info ] [MainThread]: 
[0m01:54:21.220390 [debug] [MainThread]: Acquiring new postgres connection 'master'
[0m01:54:21.220830 [debug] [ThreadPool]: Acquiring new postgres connection 'list_postgres'
[0m01:54:21.257859 [debug] [ThreadPool]: Using postgres connection "list_postgres"
[0m01:54:21.258123 [debug] [ThreadPool]: On list_postgres: /* {"app": "dbt", "dbt_version": "1.10.19", "profile_name": "enpal_assessment_project", "target_name": "dev", "connection_name": "list_postgres"} */

    select distinct nspname from pg_namespace
  
[0m01:54:21.258285 [debug] [ThreadPool]: Opening a new connection, currently in state init
[0m01:54:21.305584 [debug] [ThreadPool]: SQL status: SELECT 5 in 0.047 seconds
[0m01:54:21.306565 [debug] [ThreadPool]: On list_postgres: Close
[0m01:54:21.310114 [debug] [ThreadPool]: Re-using an available connection from the pool (formerly list_postgres, now list_postgres_public_pipedrive_analytics)
[0m01:54:21.327311 [debug] [ThreadPool]: Using postgres connection "list_postgres_public_pipedrive_analytics"
[0m01:54:21.327686 [debug] [ThreadPool]: On list_postgres_public_pipedrive_analytics: BEGIN
[0m01:54:21.327881 [debug] [ThreadPool]: Opening a new connection, currently in state closed
[0m01:54:21.361362 [debug] [ThreadPool]: SQL status: BEGIN in 0.031 seconds
[0m01:54:21.361866 [debug] [ThreadPool]: Using postgres connection "list_postgres_public_pipedrive_analytics"
[0m01:54:21.362124 [debug] [ThreadPool]: On list_postgres_public_pipedrive_analytics: /* {"app": "dbt", "dbt_version": "1.10.19", "profile_name": "enpal_assessment_project", "target_name": "dev", "connection_name": "list_postgres_public_pipedrive_analytics"} */
select
      'postgres' as database,
      tablename as name,
      schemaname as schema,
      'table' as type
    from pg_tables
    where schemaname ilike 'public_pipedrive_analytics'
    union all
    select
      'postgres' as database,
      viewname as name,
      schemaname as schema,
      'view' as type
    from pg_views
    where schemaname ilike 'public_pipedrive_analytics'
    union all
    select
      'postgres' as database,
      matviewname as name,
      schemaname as schema,
      'materialized_view' as type
    from pg_matviews
    where schemaname ilike 'public_pipedrive_analytics'
  
[0m01:54:21.367446 [debug] [ThreadPool]: SQL status: SELECT 3 in 0.005 seconds
[0m01:54:21.369389 [debug] [ThreadPool]: On list_postgres_public_pipedrive_analytics: ROLLBACK
[0m01:54:21.370296 [debug] [ThreadPool]: On list_postgres_public_pipedrive_analytics: Close
[0m01:54:21.374715 [debug] [MainThread]: Using postgres connection "master"
[0m01:54:21.374969 [debug] [MainThread]: On master: BEGIN
[0m01:54:21.375155 [debug] [MainThread]: Opening a new connection, currently in state init
[0m01:54:21.383559 [debug] [MainThread]: SQL status: BEGIN in 0.008 seconds
[0m01:54:21.383860 [debug] [MainThread]: Using postgres connection "master"
[0m01:54:21.384122 [debug] [MainThread]: On master: /* {"app": "dbt", "dbt_version": "1.10.19", "profile_name": "enpal_assessment_project", "target_name": "dev", "connection_name": "master"} */
select distinct
        dependent_namespace.nspname as dependent_schema,
        dependent_class.relname as dependent_name,
        referenced_namespace.nspname as referenced_schema,
        referenced_class.relname as referenced_name

    -- Query for views: views are entries in pg_class with an entry in pg_rewrite, but we avoid
    -- a seq scan on pg_rewrite by leveraging the fact there is an "internal" row in pg_depend for
    -- the view...
    from pg_class as dependent_class
    join pg_namespace as dependent_namespace on dependent_namespace.oid = dependent_class.relnamespace
    join pg_depend as dependent_depend on dependent_depend.refobjid = dependent_class.oid
        and dependent_depend.classid = 'pg_rewrite'::regclass
        and dependent_depend.refclassid = 'pg_class'::regclass
        and dependent_depend.deptype = 'i'

    -- ... and via pg_depend (that has a row per column, hence the need for "distinct" above, and
    -- making sure to exclude the internal row to avoid a view appearing to depend on itself)...
    join pg_depend as joining_depend on joining_depend.objid = dependent_depend.objid
        and joining_depend.classid = 'pg_rewrite'::regclass
        and joining_depend.refclassid = 'pg_class'::regclass
        and joining_depend.refobjid != dependent_depend.refobjid

    -- ... we can find the tables they query from in pg_class, but excluding system tables. Note we
    -- don't need need to exclude _dependent_ system tables, because they only query from other
    -- system tables, and so are automatically excluded by excluding _referenced_ system tables
    join pg_class as referenced_class on referenced_class.oid = joining_depend.refobjid
    join pg_namespace as referenced_namespace on referenced_namespace.oid = referenced_class.relnamespace
        and referenced_namespace.nspname != 'information_schema'
        and referenced_namespace.nspname not like 'pg\_%'

    order by
        dependent_schema, dependent_name, referenced_schema, referenced_name;
[0m01:54:21.389475 [debug] [MainThread]: SQL status: SELECT 0 in 0.005 seconds
[0m01:54:21.390336 [debug] [MainThread]: Sending event: {'category': 'dbt', 'action': 'runnable_timing', 'label': '4e795efc-a804-44d7-a83f-466878deeafb', 'context': [<snowplow_tracker.self_describing_json.SelfDescribingJson object at 0x10be46880>]}
[0m01:54:21.390658 [debug] [MainThread]: On master: ROLLBACK
[0m01:54:21.391175 [debug] [MainThread]: Using postgres connection "master"
[0m01:54:21.391406 [debug] [MainThread]: On master: BEGIN
[0m01:54:21.392155 [debug] [MainThread]: SQL status: BEGIN in 0.001 seconds
[0m01:54:21.392344 [debug] [MainThread]: On master: COMMIT
[0m01:54:21.392528 [debug] [MainThread]: Using postgres connection "master"
[0m01:54:21.392700 [debug] [MainThread]: On master: COMMIT
[0m01:54:21.393123 [debug] [MainThread]: SQL status: COMMIT in 0.000 seconds
[0m01:54:21.393362 [debug] [MainThread]: On master: Close
[0m01:54:21.395714 [debug] [Thread-1  ]: Began running node model.enpal_assessment_project.fields
[0m01:54:21.396093 [info ] [Thread-1  ]: 1 of 1 START sql table model public_pipedrive_analytics.fields ................. [RUN]
[0m01:54:21.396406 [debug] [Thread-1  ]: Re-using an available connection from the pool (formerly list_postgres_public_pipedrive_analytics, now model.enpal_assessment_project.fields)
[0m01:54:21.396642 [debug] [Thread-1  ]: Began compiling node model.enpal_assessment_project.fields
[0m01:54:21.403213 [debug] [Thread-1  ]: Writing injected SQL for node "model.enpal_assessment_project.fields"
[0m01:54:21.403760 [debug] [Thread-1  ]: Began executing node model.enpal_assessment_project.fields
[0m01:54:21.430623 [debug] [Thread-1  ]: Writing runtime sql for node "model.enpal_assessment_project.fields"
[0m01:54:21.431346 [debug] [Thread-1  ]: Using postgres connection "model.enpal_assessment_project.fields"
[0m01:54:21.431570 [debug] [Thread-1  ]: On model.enpal_assessment_project.fields: BEGIN
[0m01:54:21.431763 [debug] [Thread-1  ]: Opening a new connection, currently in state closed
[0m01:54:21.442864 [debug] [Thread-1  ]: SQL status: BEGIN in 0.011 seconds
[0m01:54:21.443196 [debug] [Thread-1  ]: Using postgres connection "model.enpal_assessment_project.fields"
[0m01:54:21.443429 [debug] [Thread-1  ]: On model.enpal_assessment_project.fields: /* {"app": "dbt", "dbt_version": "1.10.19", "profile_name": "enpal_assessment_project", "target_name": "dev", "node_id": "model.enpal_assessment_project.fields"} */

  
    

  create  table "postgres"."public_pipedrive_analytics"."fields__dbt_tmp"
  
  
    as
  
  (
    SELECT 
    F.id, 
    F.field_key, 
    F.name, 
    F.field_value_options 
FROM POSTGRES.PUBLIC.FIELDS F
  );
  
[0m01:54:21.449367 [debug] [Thread-1  ]: SQL status: SELECT 4 in 0.006 seconds
[0m01:54:21.457014 [debug] [Thread-1  ]: Using postgres connection "model.enpal_assessment_project.fields"
[0m01:54:21.457267 [debug] [Thread-1  ]: On model.enpal_assessment_project.fields: /* {"app": "dbt", "dbt_version": "1.10.19", "profile_name": "enpal_assessment_project", "target_name": "dev", "node_id": "model.enpal_assessment_project.fields"} */
alter table "postgres"."public_pipedrive_analytics"."fields__dbt_tmp" rename to "fields"
[0m01:54:21.458021 [debug] [Thread-1  ]: SQL status: ALTER TABLE in 0.001 seconds
[0m01:54:21.468356 [debug] [Thread-1  ]: On model.enpal_assessment_project.fields: COMMIT
[0m01:54:21.468581 [debug] [Thread-1  ]: Using postgres connection "model.enpal_assessment_project.fields"
[0m01:54:21.468778 [debug] [Thread-1  ]: On model.enpal_assessment_project.fields: COMMIT
[0m01:54:21.470498 [debug] [Thread-1  ]: SQL status: COMMIT in 0.002 seconds
[0m01:54:21.474779 [debug] [Thread-1  ]: Applying DROP to: "postgres"."public_pipedrive_analytics"."fields__dbt_backup"
[0m01:54:21.477670 [debug] [Thread-1  ]: Using postgres connection "model.enpal_assessment_project.fields"
[0m01:54:21.477886 [debug] [Thread-1  ]: On model.enpal_assessment_project.fields: /* {"app": "dbt", "dbt_version": "1.10.19", "profile_name": "enpal_assessment_project", "target_name": "dev", "node_id": "model.enpal_assessment_project.fields"} */
drop table if exists "postgres"."public_pipedrive_analytics"."fields__dbt_backup" cascade
[0m01:54:21.478806 [debug] [Thread-1  ]: SQL status: DROP TABLE in 0.001 seconds
[0m01:54:21.480303 [debug] [Thread-1  ]: On model.enpal_assessment_project.fields: Close
[0m01:54:21.481589 [debug] [Thread-1  ]: Sending event: {'category': 'dbt', 'action': 'run_model', 'label': '4e795efc-a804-44d7-a83f-466878deeafb', 'context': [<snowplow_tracker.self_describing_json.SelfDescribingJson object at 0x10c4c6ee0>]}
[0m01:54:21.481965 [info ] [Thread-1  ]: 1 of 1 OK created sql table model public_pipedrive_analytics.fields ............ [[32mSELECT 4[0m in 0.08s]
[0m01:54:21.482287 [debug] [Thread-1  ]: Finished running node model.enpal_assessment_project.fields
[0m01:54:21.482850 [debug] [MainThread]: Using postgres connection "master"
[0m01:54:21.483015 [debug] [MainThread]: On master: BEGIN
[0m01:54:21.483161 [debug] [MainThread]: Opening a new connection, currently in state closed
[0m01:54:21.493868 [debug] [MainThread]: SQL status: BEGIN in 0.011 seconds
[0m01:54:21.494058 [debug] [MainThread]: On master: COMMIT
[0m01:54:21.494223 [debug] [MainThread]: Using postgres connection "master"
[0m01:54:21.494380 [debug] [MainThread]: On master: COMMIT
[0m01:54:21.494925 [debug] [MainThread]: SQL status: COMMIT in 0.000 seconds
[0m01:54:21.495092 [debug] [MainThread]: On master: Close
[0m01:54:21.495317 [debug] [MainThread]: Connection 'master' was properly closed.
[0m01:54:21.495471 [debug] [MainThread]: Connection 'model.enpal_assessment_project.fields' was properly closed.
[0m01:54:21.495640 [info ] [MainThread]: 
[0m01:54:21.495818 [info ] [MainThread]: Finished running 1 table model in 0 hours 0 minutes and 0.28 seconds (0.28s).
[0m01:54:21.496230 [debug] [MainThread]: Command end result
[0m01:54:21.514128 [debug] [MainThread]: Wrote artifact WritableManifest to /Users/rajukaju/Projects/dbt_enpal_assessment/target/manifest.json
[0m01:54:21.515687 [debug] [MainThread]: Wrote artifact SemanticManifest to /Users/rajukaju/Projects/dbt_enpal_assessment/target/semantic_manifest.json
[0m01:54:21.524084 [debug] [MainThread]: Wrote artifact RunExecutionResult to /Users/rajukaju/Projects/dbt_enpal_assessment/target/run_results.json
[0m01:54:21.524668 [info ] [MainThread]: 
[0m01:54:21.525797 [info ] [MainThread]: [32mCompleted successfully[0m
[0m01:54:21.526777 [info ] [MainThread]: 
[0m01:54:21.527350 [info ] [MainThread]: Done. PASS=1 WARN=0 ERROR=0 SKIP=0 NO-OP=0 TOTAL=1
[0m01:54:21.530236 [debug] [MainThread]: Resource report: {"command_name": "run", "command_success": true, "command_wall_clock_time": 0.9311164, "process_in_blocks": "0", "process_kernel_time": 0.234229, "process_mem_max_rss": "129318912", "process_out_blocks": "0", "process_user_time": 1.430521}
[0m01:54:21.531306 [debug] [MainThread]: Command `dbt run` succeeded at 01:54:21.531120 after 0.93 seconds
[0m01:54:21.531914 [debug] [MainThread]: Sending event: {'category': 'dbt', 'action': 'invocation', 'label': 'end', 'context': [<snowplow_tracker.self_describing_json.SelfDescribingJson object at 0x109fa11f0>, <snowplow_tracker.self_describing_json.SelfDescribingJson object at 0x10a8ed340>, <snowplow_tracker.self_describing_json.SelfDescribingJson object at 0x10beb8580>]}
[0m01:54:21.532218 [debug] [MainThread]: Flushing usage events
[0m01:54:22.807447 [debug] [MainThread]: An error was encountered while trying to flush usage events
[0m01:56:33.393733 [debug] [MainThread]: Sending event: {'category': 'dbt', 'action': 'invocation', 'label': 'start', 'context': [<snowplow_tracker.self_describing_json.SelfDescribingJson object at 0x1083e5220>, <snowplow_tracker.self_describing_json.SelfDescribingJson object at 0x109463ee0>, <snowplow_tracker.self_describing_json.SelfDescribingJson object at 0x109463190>]}


============================== 01:56:33.396805 | 42ce3c68-04b8-47d7-9323-7f5a4cf6ebb8 ==============================
[0m01:56:33.396805 [info ] [MainThread]: Running with dbt=1.10.19
[0m01:56:33.397151 [debug] [MainThread]: running dbt with arguments {'write_json': 'True', 'quiet': 'False', 'log_cache_events': 'False', 'send_anonymous_usage_stats': 'True', 'no_print': 'None', 'debug': 'False', 'introspect': 'True', 'use_colors': 'True', 'indirect_selection': 'eager', 'log_format': 'default', 'warn_error': 'None', 'use_experimental_parser': 'False', 'invocation_command': 'dbt run -s stage.sql', 'static_parser': 'True', 'partial_parse': 'True', 'log_path': '/Users/rajukaju/Projects/dbt_enpal_assessment/logs', 'printer_width': '80', 'cache_selected_only': 'False', 'profiles_dir': '/Users/rajukaju/Projects/dbt_enpal_assessment', 'warn_error_options': 'WarnErrorOptionsV2(error=[], warn=[], silence=[])', 'empty': 'False', 'fail_fast': 'False', 'target_path': 'None', 'version_check': 'True'}
[0m01:56:33.516676 [debug] [MainThread]: Sending event: {'category': 'dbt', 'action': 'project_id', 'label': '42ce3c68-04b8-47d7-9323-7f5a4cf6ebb8', 'context': [<snowplow_tracker.self_describing_json.SelfDescribingJson object at 0x1093e9a60>]}
[0m01:56:33.553068 [debug] [MainThread]: Sending event: {'category': 'dbt', 'action': 'adapter_info', 'label': '42ce3c68-04b8-47d7-9323-7f5a4cf6ebb8', 'context': [<snowplow_tracker.self_describing_json.SelfDescribingJson object at 0x1094381f0>]}
[0m01:56:33.553774 [info ] [MainThread]: Registered adapter: postgres=1.9.1
[0m01:56:33.627479 [debug] [MainThread]: checksum: c35ba6d374a0901ceb00688d5179d5550885e1756283b03e5e81c28e0d8d2248, vars: {}, profile: , target: , version: 1.10.19
[0m01:56:33.720128 [debug] [MainThread]: Partial parsing enabled: 0 files deleted, 1 files added, 0 files changed.
[0m01:56:33.720451 [debug] [MainThread]: Partial parsing: added file: enpal_assessment_project://models/bronze_raw/stages.sql
[0m01:56:33.877730 [debug] [MainThread]: Sending event: {'category': 'dbt', 'action': 'load_project', 'label': '42ce3c68-04b8-47d7-9323-7f5a4cf6ebb8', 'context': [<snowplow_tracker.self_describing_json.SelfDescribingJson object at 0x10a5af130>]}
[0m01:56:33.956221 [debug] [MainThread]: Wrote artifact WritableManifest to /Users/rajukaju/Projects/dbt_enpal_assessment/target/manifest.json
[0m01:56:33.957891 [debug] [MainThread]: Wrote artifact SemanticManifest to /Users/rajukaju/Projects/dbt_enpal_assessment/target/semantic_manifest.json
[0m01:56:33.970120 [debug] [MainThread]: Sending event: {'category': 'dbt', 'action': 'resource_counts', 'label': '42ce3c68-04b8-47d7-9323-7f5a4cf6ebb8', 'context': [<snowplow_tracker.self_describing_json.SelfDescribingJson object at 0x10a568250>]}
[0m01:56:33.970415 [info ] [MainThread]: Found 5 models, 1 source, 447 macros
[0m01:56:33.970606 [debug] [MainThread]: Sending event: {'category': 'dbt', 'action': 'runnable_timing', 'label': '42ce3c68-04b8-47d7-9323-7f5a4cf6ebb8', 'context': [<snowplow_tracker.self_describing_json.SelfDescribingJson object at 0x10a423610>]}
[0m01:56:33.971022 [warn ] [MainThread]: The selection criterion 'stage.sql' does not match any enabled nodes
[0m01:56:33.971486 [warn ] [MainThread]: Nothing to do. Try checking your model configs and model specification args
[0m01:56:33.971779 [debug] [MainThread]: Command end result
[0m01:56:33.985082 [debug] [MainThread]: Wrote artifact WritableManifest to /Users/rajukaju/Projects/dbt_enpal_assessment/target/manifest.json
[0m01:56:33.985988 [debug] [MainThread]: Wrote artifact SemanticManifest to /Users/rajukaju/Projects/dbt_enpal_assessment/target/semantic_manifest.json
[0m01:56:33.987922 [debug] [MainThread]: Wrote artifact RunExecutionResult to /Users/rajukaju/Projects/dbt_enpal_assessment/target/run_results.json
[0m01:56:33.989841 [debug] [MainThread]: Resource report: {"command_name": "run", "command_success": true, "command_wall_clock_time": 0.64359957, "process_in_blocks": "0", "process_kernel_time": 0.205013, "process_mem_max_rss": "114589696", "process_out_blocks": "0", "process_user_time": 1.278063}
[0m01:56:33.990073 [debug] [MainThread]: Command `dbt run` succeeded at 01:56:33.990026 after 0.64 seconds
[0m01:56:33.990274 [debug] [MainThread]: Sending event: {'category': 'dbt', 'action': 'invocation', 'label': 'end', 'context': [<snowplow_tracker.self_describing_json.SelfDescribingJson object at 0x1083e5220>, <snowplow_tracker.self_describing_json.SelfDescribingJson object at 0x10850ca60>, <snowplow_tracker.self_describing_json.SelfDescribingJson object at 0x10995d100>]}
[0m01:56:33.990468 [debug] [MainThread]: Flushing usage events
[0m01:56:35.108424 [debug] [MainThread]: An error was encountered while trying to flush usage events
[0m01:56:47.606304 [debug] [MainThread]: Sending event: {'category': 'dbt', 'action': 'invocation', 'label': 'start', 'context': [<snowplow_tracker.self_describing_json.SelfDescribingJson object at 0x10a7d12b0>, <snowplow_tracker.self_describing_json.SelfDescribingJson object at 0x10b84eee0>, <snowplow_tracker.self_describing_json.SelfDescribingJson object at 0x10b84e220>]}


============================== 01:56:47.609148 | 11c0d483-ab44-4e99-ba89-16d377cb227b ==============================
[0m01:56:47.609148 [info ] [MainThread]: Running with dbt=1.10.19
[0m01:56:47.609498 [debug] [MainThread]: running dbt with arguments {'quiet': 'False', 'use_experimental_parser': 'False', 'log_format': 'default', 'log_path': '/Users/rajukaju/Projects/dbt_enpal_assessment/logs', 'debug': 'False', 'indirect_selection': 'eager', 'static_parser': 'True', 'printer_width': '80', 'fail_fast': 'False', 'cache_selected_only': 'False', 'invocation_command': 'dbt run -s stages.sql', 'write_json': 'True', 'version_check': 'True', 'send_anonymous_usage_stats': 'True', 'log_cache_events': 'False', 'partial_parse': 'True', 'profiles_dir': '/Users/rajukaju/Projects/dbt_enpal_assessment', 'target_path': 'None', 'no_print': 'None', 'introspect': 'True', 'warn_error': 'None', 'empty': 'False', 'use_colors': 'True', 'warn_error_options': 'WarnErrorOptionsV2(error=[], warn=[], silence=[])'}
[0m01:56:47.724656 [debug] [MainThread]: Sending event: {'category': 'dbt', 'action': 'project_id', 'label': '11c0d483-ab44-4e99-ba89-16d377cb227b', 'context': [<snowplow_tracker.self_describing_json.SelfDescribingJson object at 0x10bd36a90>]}
[0m01:56:47.761338 [debug] [MainThread]: Sending event: {'category': 'dbt', 'action': 'adapter_info', 'label': '11c0d483-ab44-4e99-ba89-16d377cb227b', 'context': [<snowplow_tracker.self_describing_json.SelfDescribingJson object at 0x10b7f2a30>]}
[0m01:56:47.762730 [info ] [MainThread]: Registered adapter: postgres=1.9.1
[0m01:56:47.833377 [debug] [MainThread]: checksum: c35ba6d374a0901ceb00688d5179d5550885e1756283b03e5e81c28e0d8d2248, vars: {}, profile: , target: , version: 1.10.19
[0m01:56:47.923506 [debug] [MainThread]: Partial parsing enabled: 0 files deleted, 0 files added, 0 files changed.
[0m01:56:47.923751 [debug] [MainThread]: Partial parsing enabled, no changes found, skipping parsing
[0m01:56:47.948785 [debug] [MainThread]: Sending event: {'category': 'dbt', 'action': 'load_project', 'label': '11c0d483-ab44-4e99-ba89-16d377cb227b', 'context': [<snowplow_tracker.self_describing_json.SelfDescribingJson object at 0x10c835130>]}
[0m01:56:48.001575 [debug] [MainThread]: Wrote artifact WritableManifest to /Users/rajukaju/Projects/dbt_enpal_assessment/target/manifest.json
[0m01:56:48.002977 [debug] [MainThread]: Wrote artifact SemanticManifest to /Users/rajukaju/Projects/dbt_enpal_assessment/target/semantic_manifest.json
[0m01:56:48.013240 [debug] [MainThread]: Sending event: {'category': 'dbt', 'action': 'resource_counts', 'label': '11c0d483-ab44-4e99-ba89-16d377cb227b', 'context': [<snowplow_tracker.self_describing_json.SelfDescribingJson object at 0x10c822190>]}
[0m01:56:48.013546 [info ] [MainThread]: Found 5 models, 1 source, 447 macros
[0m01:56:48.013742 [debug] [MainThread]: Sending event: {'category': 'dbt', 'action': 'runnable_timing', 'label': '11c0d483-ab44-4e99-ba89-16d377cb227b', 'context': [<snowplow_tracker.self_describing_json.SelfDescribingJson object at 0x10c85c9d0>]}
[0m01:56:48.014494 [info ] [MainThread]: 
[0m01:56:48.014690 [info ] [MainThread]: Concurrency: 1 threads (target='dev')
[0m01:56:48.014850 [info ] [MainThread]: 
[0m01:56:48.015125 [debug] [MainThread]: Acquiring new postgres connection 'master'
[0m01:56:48.015623 [debug] [ThreadPool]: Acquiring new postgres connection 'list_postgres'
[0m01:56:48.080547 [debug] [ThreadPool]: Using postgres connection "list_postgres"
[0m01:56:48.080794 [debug] [ThreadPool]: On list_postgres: /* {"app": "dbt", "dbt_version": "1.10.19", "profile_name": "enpal_assessment_project", "target_name": "dev", "connection_name": "list_postgres"} */

    select distinct nspname from pg_namespace
  
[0m01:56:48.080952 [debug] [ThreadPool]: Opening a new connection, currently in state init
[0m01:56:48.125869 [debug] [ThreadPool]: SQL status: SELECT 5 in 0.045 seconds
[0m01:56:48.126770 [debug] [ThreadPool]: On list_postgres: Close
[0m01:56:48.130039 [debug] [ThreadPool]: Re-using an available connection from the pool (formerly list_postgres, now list_postgres_public_pipedrive_analytics)
[0m01:56:48.134428 [debug] [ThreadPool]: Using postgres connection "list_postgres_public_pipedrive_analytics"
[0m01:56:48.134655 [debug] [ThreadPool]: On list_postgres_public_pipedrive_analytics: BEGIN
[0m01:56:48.134828 [debug] [ThreadPool]: Opening a new connection, currently in state closed
[0m01:56:48.144500 [debug] [ThreadPool]: SQL status: BEGIN in 0.010 seconds
[0m01:56:48.144752 [debug] [ThreadPool]: Using postgres connection "list_postgres_public_pipedrive_analytics"
[0m01:56:48.144968 [debug] [ThreadPool]: On list_postgres_public_pipedrive_analytics: /* {"app": "dbt", "dbt_version": "1.10.19", "profile_name": "enpal_assessment_project", "target_name": "dev", "connection_name": "list_postgres_public_pipedrive_analytics"} */
select
      'postgres' as database,
      tablename as name,
      schemaname as schema,
      'table' as type
    from pg_tables
    where schemaname ilike 'public_pipedrive_analytics'
    union all
    select
      'postgres' as database,
      viewname as name,
      schemaname as schema,
      'view' as type
    from pg_views
    where schemaname ilike 'public_pipedrive_analytics'
    union all
    select
      'postgres' as database,
      matviewname as name,
      schemaname as schema,
      'materialized_view' as type
    from pg_matviews
    where schemaname ilike 'public_pipedrive_analytics'
  
[0m01:56:48.148917 [debug] [ThreadPool]: SQL status: SELECT 4 in 0.004 seconds
[0m01:56:48.149850 [debug] [ThreadPool]: On list_postgres_public_pipedrive_analytics: ROLLBACK
[0m01:56:48.150421 [debug] [ThreadPool]: On list_postgres_public_pipedrive_analytics: Close
[0m01:56:48.154659 [debug] [MainThread]: Using postgres connection "master"
[0m01:56:48.154906 [debug] [MainThread]: On master: BEGIN
[0m01:56:48.155092 [debug] [MainThread]: Opening a new connection, currently in state init
[0m01:56:48.162819 [debug] [MainThread]: SQL status: BEGIN in 0.008 seconds
[0m01:56:48.163093 [debug] [MainThread]: Using postgres connection "master"
[0m01:56:48.163360 [debug] [MainThread]: On master: /* {"app": "dbt", "dbt_version": "1.10.19", "profile_name": "enpal_assessment_project", "target_name": "dev", "connection_name": "master"} */
select distinct
        dependent_namespace.nspname as dependent_schema,
        dependent_class.relname as dependent_name,
        referenced_namespace.nspname as referenced_schema,
        referenced_class.relname as referenced_name

    -- Query for views: views are entries in pg_class with an entry in pg_rewrite, but we avoid
    -- a seq scan on pg_rewrite by leveraging the fact there is an "internal" row in pg_depend for
    -- the view...
    from pg_class as dependent_class
    join pg_namespace as dependent_namespace on dependent_namespace.oid = dependent_class.relnamespace
    join pg_depend as dependent_depend on dependent_depend.refobjid = dependent_class.oid
        and dependent_depend.classid = 'pg_rewrite'::regclass
        and dependent_depend.refclassid = 'pg_class'::regclass
        and dependent_depend.deptype = 'i'

    -- ... and via pg_depend (that has a row per column, hence the need for "distinct" above, and
    -- making sure to exclude the internal row to avoid a view appearing to depend on itself)...
    join pg_depend as joining_depend on joining_depend.objid = dependent_depend.objid
        and joining_depend.classid = 'pg_rewrite'::regclass
        and joining_depend.refclassid = 'pg_class'::regclass
        and joining_depend.refobjid != dependent_depend.refobjid

    -- ... we can find the tables they query from in pg_class, but excluding system tables. Note we
    -- don't need need to exclude _dependent_ system tables, because they only query from other
    -- system tables, and so are automatically excluded by excluding _referenced_ system tables
    join pg_class as referenced_class on referenced_class.oid = joining_depend.refobjid
    join pg_namespace as referenced_namespace on referenced_namespace.oid = referenced_class.relnamespace
        and referenced_namespace.nspname != 'information_schema'
        and referenced_namespace.nspname not like 'pg\_%'

    order by
        dependent_schema, dependent_name, referenced_schema, referenced_name;
[0m01:56:48.166142 [debug] [MainThread]: SQL status: SELECT 0 in 0.003 seconds
[0m01:56:48.166986 [debug] [MainThread]: Sending event: {'category': 'dbt', 'action': 'runnable_timing', 'label': '11c0d483-ab44-4e99-ba89-16d377cb227b', 'context': [<snowplow_tracker.self_describing_json.SelfDescribingJson object at 0x10c85c9d0>]}
[0m01:56:48.167312 [debug] [MainThread]: On master: ROLLBACK
[0m01:56:48.167778 [debug] [MainThread]: Using postgres connection "master"
[0m01:56:48.167980 [debug] [MainThread]: On master: BEGIN
[0m01:56:48.168672 [debug] [MainThread]: SQL status: BEGIN in 0.000 seconds
[0m01:56:48.168887 [debug] [MainThread]: On master: COMMIT
[0m01:56:48.169077 [debug] [MainThread]: Using postgres connection "master"
[0m01:56:48.169255 [debug] [MainThread]: On master: COMMIT
[0m01:56:48.169700 [debug] [MainThread]: SQL status: COMMIT in 0.000 seconds
[0m01:56:48.169921 [debug] [MainThread]: On master: Close
[0m01:56:48.172832 [debug] [Thread-1  ]: Began running node model.enpal_assessment_project.stages
[0m01:56:48.173219 [info ] [Thread-1  ]: 1 of 1 START sql table model public_pipedrive_analytics.stages ................. [RUN]
[0m01:56:48.173537 [debug] [Thread-1  ]: Re-using an available connection from the pool (formerly list_postgres_public_pipedrive_analytics, now model.enpal_assessment_project.stages)
[0m01:56:48.173773 [debug] [Thread-1  ]: Began compiling node model.enpal_assessment_project.stages
[0m01:56:48.179853 [debug] [Thread-1  ]: Writing injected SQL for node "model.enpal_assessment_project.stages"
[0m01:56:48.180337 [debug] [Thread-1  ]: Began executing node model.enpal_assessment_project.stages
[0m01:56:48.207638 [debug] [Thread-1  ]: Writing runtime sql for node "model.enpal_assessment_project.stages"
[0m01:56:48.208142 [debug] [Thread-1  ]: Using postgres connection "model.enpal_assessment_project.stages"
[0m01:56:48.208349 [debug] [Thread-1  ]: On model.enpal_assessment_project.stages: BEGIN
[0m01:56:48.208539 [debug] [Thread-1  ]: Opening a new connection, currently in state closed
[0m01:56:48.219836 [debug] [Thread-1  ]: SQL status: BEGIN in 0.011 seconds
[0m01:56:48.220175 [debug] [Thread-1  ]: Using postgres connection "model.enpal_assessment_project.stages"
[0m01:56:48.220406 [debug] [Thread-1  ]: On model.enpal_assessment_project.stages: /* {"app": "dbt", "dbt_version": "1.10.19", "profile_name": "enpal_assessment_project", "target_name": "dev", "node_id": "model.enpal_assessment_project.stages"} */

  
    

  create  table "postgres"."public_pipedrive_analytics"."stages__dbt_tmp"
  
  
    as
  
  (
    SELECT 
    S.stage_id, 
    S.stage_name
FROM POSTGRES.PUBLIC.STAGES S
  );
  
[0m01:56:48.224694 [debug] [Thread-1  ]: SQL status: SELECT 9 in 0.004 seconds
[0m01:56:48.232636 [debug] [Thread-1  ]: Using postgres connection "model.enpal_assessment_project.stages"
[0m01:56:48.232931 [debug] [Thread-1  ]: On model.enpal_assessment_project.stages: /* {"app": "dbt", "dbt_version": "1.10.19", "profile_name": "enpal_assessment_project", "target_name": "dev", "node_id": "model.enpal_assessment_project.stages"} */
alter table "postgres"."public_pipedrive_analytics"."stages__dbt_tmp" rename to "stages"
[0m01:56:48.234313 [debug] [Thread-1  ]: SQL status: ALTER TABLE in 0.001 seconds
[0m01:56:48.256071 [debug] [Thread-1  ]: On model.enpal_assessment_project.stages: COMMIT
[0m01:56:48.256914 [debug] [Thread-1  ]: Using postgres connection "model.enpal_assessment_project.stages"
[0m01:56:48.264694 [debug] [Thread-1  ]: On model.enpal_assessment_project.stages: COMMIT
[0m01:56:48.275766 [debug] [Thread-1  ]: SQL status: COMMIT in 0.011 seconds
[0m01:56:48.284256 [debug] [Thread-1  ]: Applying DROP to: "postgres"."public_pipedrive_analytics"."stages__dbt_backup"
[0m01:56:48.289773 [debug] [Thread-1  ]: Using postgres connection "model.enpal_assessment_project.stages"
[0m01:56:48.290123 [debug] [Thread-1  ]: On model.enpal_assessment_project.stages: /* {"app": "dbt", "dbt_version": "1.10.19", "profile_name": "enpal_assessment_project", "target_name": "dev", "node_id": "model.enpal_assessment_project.stages"} */
drop table if exists "postgres"."public_pipedrive_analytics"."stages__dbt_backup" cascade
[0m01:56:48.291331 [debug] [Thread-1  ]: SQL status: DROP TABLE in 0.001 seconds
[0m01:56:48.293386 [debug] [Thread-1  ]: On model.enpal_assessment_project.stages: Close
[0m01:56:48.294810 [debug] [Thread-1  ]: Sending event: {'category': 'dbt', 'action': 'run_model', 'label': '11c0d483-ab44-4e99-ba89-16d377cb227b', 'context': [<snowplow_tracker.self_describing_json.SelfDescribingJson object at 0x10cc73a00>]}
[0m01:56:48.295250 [info ] [Thread-1  ]: 1 of 1 OK created sql table model public_pipedrive_analytics.stages ............ [[32mSELECT 9[0m in 0.12s]
[0m01:56:48.295608 [debug] [Thread-1  ]: Finished running node model.enpal_assessment_project.stages
[0m01:56:48.296268 [debug] [MainThread]: Using postgres connection "master"
[0m01:56:48.296487 [debug] [MainThread]: On master: BEGIN
[0m01:56:48.296667 [debug] [MainThread]: Opening a new connection, currently in state closed
[0m01:56:48.306049 [debug] [MainThread]: SQL status: BEGIN in 0.009 seconds
[0m01:56:48.306355 [debug] [MainThread]: On master: COMMIT
[0m01:56:48.306535 [debug] [MainThread]: Using postgres connection "master"
[0m01:56:48.306695 [debug] [MainThread]: On master: COMMIT
[0m01:56:48.307218 [debug] [MainThread]: SQL status: COMMIT in 0.000 seconds
[0m01:56:48.307386 [debug] [MainThread]: On master: Close
[0m01:56:48.307642 [debug] [MainThread]: Connection 'master' was properly closed.
[0m01:56:48.307791 [debug] [MainThread]: Connection 'model.enpal_assessment_project.stages' was properly closed.
[0m01:56:48.307962 [info ] [MainThread]: 
[0m01:56:48.308141 [info ] [MainThread]: Finished running 1 table model in 0 hours 0 minutes and 0.29 seconds (0.29s).
[0m01:56:48.308536 [debug] [MainThread]: Command end result
[0m01:56:48.323880 [debug] [MainThread]: Wrote artifact WritableManifest to /Users/rajukaju/Projects/dbt_enpal_assessment/target/manifest.json
[0m01:56:48.324979 [debug] [MainThread]: Wrote artifact SemanticManifest to /Users/rajukaju/Projects/dbt_enpal_assessment/target/semantic_manifest.json
[0m01:56:48.329019 [debug] [MainThread]: Wrote artifact RunExecutionResult to /Users/rajukaju/Projects/dbt_enpal_assessment/target/run_results.json
[0m01:56:48.329205 [info ] [MainThread]: 
[0m01:56:48.329436 [info ] [MainThread]: [32mCompleted successfully[0m
[0m01:56:48.329609 [info ] [MainThread]: 
[0m01:56:48.329793 [info ] [MainThread]: Done. PASS=1 WARN=0 ERROR=0 SKIP=0 NO-OP=0 TOTAL=1
[0m01:56:48.331686 [debug] [MainThread]: Resource report: {"command_name": "run", "command_success": true, "command_wall_clock_time": 0.7705692, "process_in_blocks": "0", "process_kernel_time": 0.169194, "process_mem_max_rss": "125714432", "process_out_blocks": "0", "process_user_time": 1.305273}
[0m01:56:48.332047 [debug] [MainThread]: Command `dbt run` succeeded at 01:56:48.331987 after 0.77 seconds
[0m01:56:48.332272 [debug] [MainThread]: Sending event: {'category': 'dbt', 'action': 'invocation', 'label': 'end', 'context': [<snowplow_tracker.self_describing_json.SelfDescribingJson object at 0x10a7d12b0>, <snowplow_tracker.self_describing_json.SelfDescribingJson object at 0x10b7f2a30>, <snowplow_tracker.self_describing_json.SelfDescribingJson object at 0x10c684670>]}
[0m01:56:48.332502 [debug] [MainThread]: Flushing usage events
[0m01:56:49.189847 [debug] [MainThread]: An error was encountered while trying to flush usage events
[0m01:59:23.795795 [debug] [MainThread]: Sending event: {'category': 'dbt', 'action': 'invocation', 'label': 'start', 'context': [<snowplow_tracker.self_describing_json.SelfDescribingJson object at 0x1079312b0>, <snowplow_tracker.self_describing_json.SelfDescribingJson object at 0x1089b0ee0>, <snowplow_tracker.self_describing_json.SelfDescribingJson object at 0x1089b0220>]}


============================== 01:59:23.799149 | c552a3c4-a70e-403f-96a3-739f74cd6e81 ==============================
[0m01:59:23.799149 [info ] [MainThread]: Running with dbt=1.10.19
[0m01:59:23.799517 [debug] [MainThread]: running dbt with arguments {'indirect_selection': 'eager', 'use_experimental_parser': 'False', 'introspect': 'True', 'empty': 'False', 'cache_selected_only': 'False', 'write_json': 'True', 'no_print': 'None', 'target_path': 'None', 'log_path': '/Users/rajukaju/Projects/dbt_enpal_assessment/logs', 'debug': 'False', 'version_check': 'True', 'log_format': 'default', 'quiet': 'False', 'log_cache_events': 'False', 'printer_width': '80', 'static_parser': 'True', 'use_colors': 'True', 'fail_fast': 'False', 'profiles_dir': '/Users/rajukaju/Projects/dbt_enpal_assessment', 'warn_error': 'None', 'invocation_command': 'dbt run -s users.sql', 'partial_parse': 'True', 'send_anonymous_usage_stats': 'True', 'warn_error_options': 'WarnErrorOptionsV2(error=[], warn=[], silence=[])'}
[0m01:59:23.917417 [debug] [MainThread]: Sending event: {'category': 'dbt', 'action': 'project_id', 'label': 'c552a3c4-a70e-403f-96a3-739f74cd6e81', 'context': [<snowplow_tracker.self_describing_json.SelfDescribingJson object at 0x108e96a90>]}
[0m01:59:23.953800 [debug] [MainThread]: Sending event: {'category': 'dbt', 'action': 'adapter_info', 'label': 'c552a3c4-a70e-403f-96a3-739f74cd6e81', 'context': [<snowplow_tracker.self_describing_json.SelfDescribingJson object at 0x108952a30>]}
[0m01:59:23.954507 [info ] [MainThread]: Registered adapter: postgres=1.9.1
[0m01:59:24.029158 [debug] [MainThread]: checksum: c35ba6d374a0901ceb00688d5179d5550885e1756283b03e5e81c28e0d8d2248, vars: {}, profile: , target: , version: 1.10.19
[0m01:59:24.122293 [debug] [MainThread]: Partial parsing enabled: 0 files deleted, 1 files added, 0 files changed.
[0m01:59:24.122636 [debug] [MainThread]: Partial parsing: added file: enpal_assessment_project://models/bronze_raw/users.sql
[0m01:59:24.279836 [debug] [MainThread]: Sending event: {'category': 'dbt', 'action': 'load_project', 'label': 'c552a3c4-a70e-403f-96a3-739f74cd6e81', 'context': [<snowplow_tracker.self_describing_json.SelfDescribingJson object at 0x109aefeb0>]}
[0m01:59:24.358648 [debug] [MainThread]: Wrote artifact WritableManifest to /Users/rajukaju/Projects/dbt_enpal_assessment/target/manifest.json
[0m01:59:24.360265 [debug] [MainThread]: Wrote artifact SemanticManifest to /Users/rajukaju/Projects/dbt_enpal_assessment/target/semantic_manifest.json
[0m01:59:24.371736 [debug] [MainThread]: Sending event: {'category': 'dbt', 'action': 'resource_counts', 'label': 'c552a3c4-a70e-403f-96a3-739f74cd6e81', 'context': [<snowplow_tracker.self_describing_json.SelfDescribingJson object at 0x109a96be0>]}
[0m01:59:24.372025 [info ] [MainThread]: Found 6 models, 1 source, 447 macros
[0m01:59:24.372225 [debug] [MainThread]: Sending event: {'category': 'dbt', 'action': 'runnable_timing', 'label': 'c552a3c4-a70e-403f-96a3-739f74cd6e81', 'context': [<snowplow_tracker.self_describing_json.SelfDescribingJson object at 0x1098cf7c0>]}
[0m01:59:24.372979 [info ] [MainThread]: 
[0m01:59:24.373165 [info ] [MainThread]: Concurrency: 1 threads (target='dev')
[0m01:59:24.373325 [info ] [MainThread]: 
[0m01:59:24.373587 [debug] [MainThread]: Acquiring new postgres connection 'master'
[0m01:59:24.374043 [debug] [ThreadPool]: Acquiring new postgres connection 'list_postgres'
[0m01:59:24.410969 [debug] [ThreadPool]: Using postgres connection "list_postgres"
[0m01:59:24.411220 [debug] [ThreadPool]: On list_postgres: /* {"app": "dbt", "dbt_version": "1.10.19", "profile_name": "enpal_assessment_project", "target_name": "dev", "connection_name": "list_postgres"} */

    select distinct nspname from pg_namespace
  
[0m01:59:24.411381 [debug] [ThreadPool]: Opening a new connection, currently in state init
[0m01:59:24.453723 [debug] [ThreadPool]: SQL status: SELECT 5 in 0.042 seconds
[0m01:59:24.454633 [debug] [ThreadPool]: On list_postgres: Close
[0m01:59:24.458154 [debug] [ThreadPool]: Re-using an available connection from the pool (formerly list_postgres, now list_postgres_public_pipedrive_analytics)
[0m01:59:24.463599 [debug] [ThreadPool]: Using postgres connection "list_postgres_public_pipedrive_analytics"
[0m01:59:24.463919 [debug] [ThreadPool]: On list_postgres_public_pipedrive_analytics: BEGIN
[0m01:59:24.464108 [debug] [ThreadPool]: Opening a new connection, currently in state closed
[0m01:59:24.475028 [debug] [ThreadPool]: SQL status: BEGIN in 0.011 seconds
[0m01:59:24.475327 [debug] [ThreadPool]: Using postgres connection "list_postgres_public_pipedrive_analytics"
[0m01:59:24.475549 [debug] [ThreadPool]: On list_postgres_public_pipedrive_analytics: /* {"app": "dbt", "dbt_version": "1.10.19", "profile_name": "enpal_assessment_project", "target_name": "dev", "connection_name": "list_postgres_public_pipedrive_analytics"} */
select
      'postgres' as database,
      tablename as name,
      schemaname as schema,
      'table' as type
    from pg_tables
    where schemaname ilike 'public_pipedrive_analytics'
    union all
    select
      'postgres' as database,
      viewname as name,
      schemaname as schema,
      'view' as type
    from pg_views
    where schemaname ilike 'public_pipedrive_analytics'
    union all
    select
      'postgres' as database,
      matviewname as name,
      schemaname as schema,
      'materialized_view' as type
    from pg_matviews
    where schemaname ilike 'public_pipedrive_analytics'
  
[0m01:59:24.479512 [debug] [ThreadPool]: SQL status: SELECT 5 in 0.004 seconds
[0m01:59:24.480449 [debug] [ThreadPool]: On list_postgres_public_pipedrive_analytics: ROLLBACK
[0m01:59:24.480969 [debug] [ThreadPool]: On list_postgres_public_pipedrive_analytics: Close
[0m01:59:24.485377 [debug] [MainThread]: Using postgres connection "master"
[0m01:59:24.485625 [debug] [MainThread]: On master: BEGIN
[0m01:59:24.485808 [debug] [MainThread]: Opening a new connection, currently in state init
[0m01:59:24.494336 [debug] [MainThread]: SQL status: BEGIN in 0.008 seconds
[0m01:59:24.494628 [debug] [MainThread]: Using postgres connection "master"
[0m01:59:24.494895 [debug] [MainThread]: On master: /* {"app": "dbt", "dbt_version": "1.10.19", "profile_name": "enpal_assessment_project", "target_name": "dev", "connection_name": "master"} */
select distinct
        dependent_namespace.nspname as dependent_schema,
        dependent_class.relname as dependent_name,
        referenced_namespace.nspname as referenced_schema,
        referenced_class.relname as referenced_name

    -- Query for views: views are entries in pg_class with an entry in pg_rewrite, but we avoid
    -- a seq scan on pg_rewrite by leveraging the fact there is an "internal" row in pg_depend for
    -- the view...
    from pg_class as dependent_class
    join pg_namespace as dependent_namespace on dependent_namespace.oid = dependent_class.relnamespace
    join pg_depend as dependent_depend on dependent_depend.refobjid = dependent_class.oid
        and dependent_depend.classid = 'pg_rewrite'::regclass
        and dependent_depend.refclassid = 'pg_class'::regclass
        and dependent_depend.deptype = 'i'

    -- ... and via pg_depend (that has a row per column, hence the need for "distinct" above, and
    -- making sure to exclude the internal row to avoid a view appearing to depend on itself)...
    join pg_depend as joining_depend on joining_depend.objid = dependent_depend.objid
        and joining_depend.classid = 'pg_rewrite'::regclass
        and joining_depend.refclassid = 'pg_class'::regclass
        and joining_depend.refobjid != dependent_depend.refobjid

    -- ... we can find the tables they query from in pg_class, but excluding system tables. Note we
    -- don't need need to exclude _dependent_ system tables, because they only query from other
    -- system tables, and so are automatically excluded by excluding _referenced_ system tables
    join pg_class as referenced_class on referenced_class.oid = joining_depend.refobjid
    join pg_namespace as referenced_namespace on referenced_namespace.oid = referenced_class.relnamespace
        and referenced_namespace.nspname != 'information_schema'
        and referenced_namespace.nspname not like 'pg\_%'

    order by
        dependent_schema, dependent_name, referenced_schema, referenced_name;
[0m01:59:24.498270 [debug] [MainThread]: SQL status: SELECT 0 in 0.003 seconds
[0m01:59:24.499124 [debug] [MainThread]: Sending event: {'category': 'dbt', 'action': 'runnable_timing', 'label': 'c552a3c4-a70e-403f-96a3-739f74cd6e81', 'context': [<snowplow_tracker.self_describing_json.SelfDescribingJson object at 0x109957af0>]}
[0m01:59:24.499446 [debug] [MainThread]: On master: ROLLBACK
[0m01:59:24.499961 [debug] [MainThread]: Using postgres connection "master"
[0m01:59:24.500156 [debug] [MainThread]: On master: BEGIN
[0m01:59:24.500898 [debug] [MainThread]: SQL status: BEGIN in 0.001 seconds
[0m01:59:24.501093 [debug] [MainThread]: On master: COMMIT
[0m01:59:24.501274 [debug] [MainThread]: Using postgres connection "master"
[0m01:59:24.501447 [debug] [MainThread]: On master: COMMIT
[0m01:59:24.501867 [debug] [MainThread]: SQL status: COMMIT in 0.000 seconds
[0m01:59:24.502085 [debug] [MainThread]: On master: Close
[0m01:59:24.504356 [debug] [Thread-1  ]: Began running node model.enpal_assessment_project.users
[0m01:59:24.504722 [info ] [Thread-1  ]: 1 of 1 START sql table model public_pipedrive_analytics.users .................. [RUN]
[0m01:59:24.505023 [debug] [Thread-1  ]: Re-using an available connection from the pool (formerly list_postgres_public_pipedrive_analytics, now model.enpal_assessment_project.users)
[0m01:59:24.505256 [debug] [Thread-1  ]: Began compiling node model.enpal_assessment_project.users
[0m01:59:24.511669 [debug] [Thread-1  ]: Writing injected SQL for node "model.enpal_assessment_project.users"
[0m01:59:24.512152 [debug] [Thread-1  ]: Began executing node model.enpal_assessment_project.users
[0m01:59:24.538374 [debug] [Thread-1  ]: Writing runtime sql for node "model.enpal_assessment_project.users"
[0m01:59:24.538857 [debug] [Thread-1  ]: Using postgres connection "model.enpal_assessment_project.users"
[0m01:59:24.539055 [debug] [Thread-1  ]: On model.enpal_assessment_project.users: BEGIN
[0m01:59:24.539236 [debug] [Thread-1  ]: Opening a new connection, currently in state closed
[0m01:59:24.550099 [debug] [Thread-1  ]: SQL status: BEGIN in 0.011 seconds
[0m01:59:24.550379 [debug] [Thread-1  ]: Using postgres connection "model.enpal_assessment_project.users"
[0m01:59:24.550603 [debug] [Thread-1  ]: On model.enpal_assessment_project.users: /* {"app": "dbt", "dbt_version": "1.10.19", "profile_name": "enpal_assessment_project", "target_name": "dev", "node_id": "model.enpal_assessment_project.users"} */

  
    

  create  table "postgres"."public_pipedrive_analytics"."users__dbt_tmp"
  
  
    as
  
  (
    SELECT 
    U.id, 
    U.name, 
    U.email, 
    U.modified 
FROM POSTGRES.PUBLIC.USERS U
  );
  
[0m01:59:24.557295 [debug] [Thread-1  ]: SQL status: SELECT 1787 in 0.006 seconds
[0m01:59:24.565079 [debug] [Thread-1  ]: Using postgres connection "model.enpal_assessment_project.users"
[0m01:59:24.565338 [debug] [Thread-1  ]: On model.enpal_assessment_project.users: /* {"app": "dbt", "dbt_version": "1.10.19", "profile_name": "enpal_assessment_project", "target_name": "dev", "node_id": "model.enpal_assessment_project.users"} */
alter table "postgres"."public_pipedrive_analytics"."users__dbt_tmp" rename to "users"
[0m01:59:24.566044 [debug] [Thread-1  ]: SQL status: ALTER TABLE in 0.000 seconds
[0m01:59:24.576777 [debug] [Thread-1  ]: On model.enpal_assessment_project.users: COMMIT
[0m01:59:24.577121 [debug] [Thread-1  ]: Using postgres connection "model.enpal_assessment_project.users"
[0m01:59:24.577329 [debug] [Thread-1  ]: On model.enpal_assessment_project.users: COMMIT
[0m01:59:24.579256 [debug] [Thread-1  ]: SQL status: COMMIT in 0.002 seconds
[0m01:59:24.584111 [debug] [Thread-1  ]: Applying DROP to: "postgres"."public_pipedrive_analytics"."users__dbt_backup"
[0m01:59:24.588279 [debug] [Thread-1  ]: Using postgres connection "model.enpal_assessment_project.users"
[0m01:59:24.588604 [debug] [Thread-1  ]: On model.enpal_assessment_project.users: /* {"app": "dbt", "dbt_version": "1.10.19", "profile_name": "enpal_assessment_project", "target_name": "dev", "node_id": "model.enpal_assessment_project.users"} */
drop table if exists "postgres"."public_pipedrive_analytics"."users__dbt_backup" cascade
[0m01:59:24.589668 [debug] [Thread-1  ]: SQL status: DROP TABLE in 0.001 seconds
[0m01:59:24.591321 [debug] [Thread-1  ]: On model.enpal_assessment_project.users: Close
[0m01:59:24.592636 [debug] [Thread-1  ]: Sending event: {'category': 'dbt', 'action': 'run_model', 'label': 'c552a3c4-a70e-403f-96a3-739f74cd6e81', 'context': [<snowplow_tracker.self_describing_json.SelfDescribingJson object at 0x109e4b5b0>]}
[0m01:59:24.593030 [info ] [Thread-1  ]: 1 of 1 OK created sql table model public_pipedrive_analytics.users ............. [[32mSELECT 1787[0m in 0.09s]
[0m01:59:24.593356 [debug] [Thread-1  ]: Finished running node model.enpal_assessment_project.users
[0m01:59:24.593984 [debug] [MainThread]: Using postgres connection "master"
[0m01:59:24.594193 [debug] [MainThread]: On master: BEGIN
[0m01:59:24.594357 [debug] [MainThread]: Opening a new connection, currently in state closed
[0m01:59:24.643645 [debug] [MainThread]: SQL status: BEGIN in 0.049 seconds
[0m01:59:24.644156 [debug] [MainThread]: On master: COMMIT
[0m01:59:24.644376 [debug] [MainThread]: Using postgres connection "master"
[0m01:59:24.644568 [debug] [MainThread]: On master: COMMIT
[0m01:59:24.645622 [debug] [MainThread]: SQL status: COMMIT in 0.001 seconds
[0m01:59:24.646268 [debug] [MainThread]: On master: Close
[0m01:59:24.655620 [debug] [MainThread]: Connection 'master' was properly closed.
[0m01:59:24.656162 [debug] [MainThread]: Connection 'model.enpal_assessment_project.users' was properly closed.
[0m01:59:24.656675 [info ] [MainThread]: 
[0m01:59:24.657295 [info ] [MainThread]: Finished running 1 table model in 0 hours 0 minutes and 0.28 seconds (0.28s).
[0m01:59:24.659261 [debug] [MainThread]: Command end result
[0m01:59:24.685875 [debug] [MainThread]: Wrote artifact WritableManifest to /Users/rajukaju/Projects/dbt_enpal_assessment/target/manifest.json
[0m01:59:24.687100 [debug] [MainThread]: Wrote artifact SemanticManifest to /Users/rajukaju/Projects/dbt_enpal_assessment/target/semantic_manifest.json
[0m01:59:24.691409 [debug] [MainThread]: Wrote artifact RunExecutionResult to /Users/rajukaju/Projects/dbt_enpal_assessment/target/run_results.json
[0m01:59:24.691623 [info ] [MainThread]: 
[0m01:59:24.691889 [info ] [MainThread]: [32mCompleted successfully[0m
[0m01:59:24.692102 [info ] [MainThread]: 
[0m01:59:24.692314 [info ] [MainThread]: Done. PASS=1 WARN=0 ERROR=0 SKIP=0 NO-OP=0 TOTAL=1
[0m01:59:24.694484 [debug] [MainThread]: Resource report: {"command_name": "run", "command_success": true, "command_wall_clock_time": 0.94771427, "process_in_blocks": "0", "process_kernel_time": 0.237337, "process_mem_max_rss": "128122880", "process_out_blocks": "0", "process_user_time": 1.429755}
[0m01:59:24.694732 [debug] [MainThread]: Command `dbt run` succeeded at 01:59:24.694681 after 0.95 seconds
[0m01:59:24.694950 [debug] [MainThread]: Sending event: {'category': 'dbt', 'action': 'invocation', 'label': 'end', 'context': [<snowplow_tracker.self_describing_json.SelfDescribingJson object at 0x1079312b0>, <snowplow_tracker.self_describing_json.SelfDescribingJson object at 0x109a7ed00>, <snowplow_tracker.self_describing_json.SelfDescribingJson object at 0x109a96be0>]}
[0m01:59:24.695179 [debug] [MainThread]: Flushing usage events
[0m01:59:25.912839 [debug] [MainThread]: An error was encountered while trying to flush usage events
[0m02:24:52.357244 [debug] [MainThread]: Sending event: {'category': 'dbt', 'action': 'invocation', 'label': 'start', 'context': [<snowplow_tracker.self_describing_json.SelfDescribingJson object at 0x10be6d280>, <snowplow_tracker.self_describing_json.SelfDescribingJson object at 0x10ceebe80>, <snowplow_tracker.self_describing_json.SelfDescribingJson object at 0x10ceeb250>]}


============================== 02:24:52.360188 | 3c6cd8f5-46dc-4a79-9099-d0201d8c6dbc ==============================
[0m02:24:52.360188 [info ] [MainThread]: Running with dbt=1.10.19
[0m02:24:52.360530 [debug] [MainThread]: running dbt with arguments {'log_cache_events': 'False', 'warn_error_options': 'WarnErrorOptionsV2(error=[], warn=[], silence=[])', 'log_path': '/Users/rajukaju/Projects/dbt_enpal_assessment/logs', 'warn_error': 'None', 'invocation_command': 'dbt run -s activity.sql', 'static_parser': 'True', 'use_colors': 'True', 'no_print': 'None', 'partial_parse': 'True', 'log_format': 'default', 'debug': 'False', 'send_anonymous_usage_stats': 'True', 'indirect_selection': 'eager', 'profiles_dir': '/Users/rajukaju/Projects/dbt_enpal_assessment', 'cache_selected_only': 'False', 'use_experimental_parser': 'False', 'empty': 'False', 'target_path': 'None', 'version_check': 'True', 'write_json': 'True', 'quiet': 'False', 'introspect': 'True', 'printer_width': '80', 'fail_fast': 'False'}
[0m02:24:52.475136 [debug] [MainThread]: Sending event: {'category': 'dbt', 'action': 'project_id', 'label': '3c6cd8f5-46dc-4a79-9099-d0201d8c6dbc', 'context': [<snowplow_tracker.self_describing_json.SelfDescribingJson object at 0x10cec6460>]}
[0m02:24:52.511488 [debug] [MainThread]: Sending event: {'category': 'dbt', 'action': 'adapter_info', 'label': '3c6cd8f5-46dc-4a79-9099-d0201d8c6dbc', 'context': [<snowplow_tracker.self_describing_json.SelfDescribingJson object at 0x10c75e670>]}
[0m02:24:52.512208 [info ] [MainThread]: Registered adapter: postgres=1.9.1
[0m02:24:52.582345 [debug] [MainThread]: checksum: c35ba6d374a0901ceb00688d5179d5550885e1756283b03e5e81c28e0d8d2248, vars: {}, profile: , target: , version: 1.10.19
[0m02:24:52.677654 [debug] [MainThread]: Partial parsing enabled: 0 files deleted, 0 files added, 2 files changed.
[0m02:24:52.678044 [debug] [MainThread]: Partial parsing: updated file: enpal_assessment_project://models/sources.yml
[0m02:24:52.678281 [debug] [MainThread]: Partial parsing: updated file: enpal_assessment_project://models/bronze_raw/activity_types.sql
[0m02:24:52.927333 [debug] [MainThread]: Sending event: {'category': 'dbt', 'action': 'load_project', 'label': '3c6cd8f5-46dc-4a79-9099-d0201d8c6dbc', 'context': [<snowplow_tracker.self_describing_json.SelfDescribingJson object at 0x10df25130>]}
[0m02:24:52.976440 [debug] [MainThread]: Wrote artifact WritableManifest to /Users/rajukaju/Projects/dbt_enpal_assessment/target/manifest.json
[0m02:24:52.977801 [debug] [MainThread]: Wrote artifact SemanticManifest to /Users/rajukaju/Projects/dbt_enpal_assessment/target/semantic_manifest.json
[0m02:24:52.989443 [debug] [MainThread]: Sending event: {'category': 'dbt', 'action': 'resource_counts', 'label': '3c6cd8f5-46dc-4a79-9099-d0201d8c6dbc', 'context': [<snowplow_tracker.self_describing_json.SelfDescribingJson object at 0x10de9dc10>]}
[0m02:24:52.989731 [info ] [MainThread]: Found 6 models, 6 sources, 447 macros
[0m02:24:52.989922 [debug] [MainThread]: Sending event: {'category': 'dbt', 'action': 'runnable_timing', 'label': '3c6cd8f5-46dc-4a79-9099-d0201d8c6dbc', 'context': [<snowplow_tracker.self_describing_json.SelfDescribingJson object at 0x10e12f160>]}
[0m02:24:52.990710 [info ] [MainThread]: 
[0m02:24:52.990904 [info ] [MainThread]: Concurrency: 1 threads (target='dev')
[0m02:24:52.991066 [info ] [MainThread]: 
[0m02:24:52.991332 [debug] [MainThread]: Acquiring new postgres connection 'master'
[0m02:24:52.991792 [debug] [ThreadPool]: Acquiring new postgres connection 'list_postgres'
[0m02:24:53.028766 [debug] [ThreadPool]: Using postgres connection "list_postgres"
[0m02:24:53.029023 [debug] [ThreadPool]: On list_postgres: /* {"app": "dbt", "dbt_version": "1.10.19", "profile_name": "enpal_assessment_project", "target_name": "dev", "connection_name": "list_postgres"} */

    select distinct nspname from pg_namespace
  
[0m02:24:53.029179 [debug] [ThreadPool]: Opening a new connection, currently in state init
[0m02:24:53.220869 [debug] [ThreadPool]: SQL status: SELECT 5 in 0.191 seconds
[0m02:24:53.222996 [debug] [ThreadPool]: On list_postgres: Close
[0m02:24:53.228571 [debug] [ThreadPool]: Re-using an available connection from the pool (formerly list_postgres, now list_postgres_public_pipedrive_analytics)
[0m02:24:53.235412 [debug] [ThreadPool]: Using postgres connection "list_postgres_public_pipedrive_analytics"
[0m02:24:53.235718 [debug] [ThreadPool]: On list_postgres_public_pipedrive_analytics: BEGIN
[0m02:24:53.235946 [debug] [ThreadPool]: Opening a new connection, currently in state closed
[0m02:24:53.247549 [debug] [ThreadPool]: SQL status: BEGIN in 0.012 seconds
[0m02:24:53.247943 [debug] [ThreadPool]: Using postgres connection "list_postgres_public_pipedrive_analytics"
[0m02:24:53.248225 [debug] [ThreadPool]: On list_postgres_public_pipedrive_analytics: /* {"app": "dbt", "dbt_version": "1.10.19", "profile_name": "enpal_assessment_project", "target_name": "dev", "connection_name": "list_postgres_public_pipedrive_analytics"} */
select
      'postgres' as database,
      tablename as name,
      schemaname as schema,
      'table' as type
    from pg_tables
    where schemaname ilike 'public_pipedrive_analytics'
    union all
    select
      'postgres' as database,
      viewname as name,
      schemaname as schema,
      'view' as type
    from pg_views
    where schemaname ilike 'public_pipedrive_analytics'
    union all
    select
      'postgres' as database,
      matviewname as name,
      schemaname as schema,
      'materialized_view' as type
    from pg_matviews
    where schemaname ilike 'public_pipedrive_analytics'
  
[0m02:24:53.252031 [debug] [ThreadPool]: SQL status: SELECT 6 in 0.003 seconds
[0m02:24:53.253250 [debug] [ThreadPool]: On list_postgres_public_pipedrive_analytics: ROLLBACK
[0m02:24:53.253863 [debug] [ThreadPool]: On list_postgres_public_pipedrive_analytics: Close
[0m02:24:53.259591 [debug] [MainThread]: Using postgres connection "master"
[0m02:24:53.260005 [debug] [MainThread]: On master: BEGIN
[0m02:24:53.260217 [debug] [MainThread]: Opening a new connection, currently in state init
[0m02:24:53.269083 [debug] [MainThread]: SQL status: BEGIN in 0.009 seconds
[0m02:24:53.269455 [debug] [MainThread]: Using postgres connection "master"
[0m02:24:53.269747 [debug] [MainThread]: On master: /* {"app": "dbt", "dbt_version": "1.10.19", "profile_name": "enpal_assessment_project", "target_name": "dev", "connection_name": "master"} */
select distinct
        dependent_namespace.nspname as dependent_schema,
        dependent_class.relname as dependent_name,
        referenced_namespace.nspname as referenced_schema,
        referenced_class.relname as referenced_name

    -- Query for views: views are entries in pg_class with an entry in pg_rewrite, but we avoid
    -- a seq scan on pg_rewrite by leveraging the fact there is an "internal" row in pg_depend for
    -- the view...
    from pg_class as dependent_class
    join pg_namespace as dependent_namespace on dependent_namespace.oid = dependent_class.relnamespace
    join pg_depend as dependent_depend on dependent_depend.refobjid = dependent_class.oid
        and dependent_depend.classid = 'pg_rewrite'::regclass
        and dependent_depend.refclassid = 'pg_class'::regclass
        and dependent_depend.deptype = 'i'

    -- ... and via pg_depend (that has a row per column, hence the need for "distinct" above, and
    -- making sure to exclude the internal row to avoid a view appearing to depend on itself)...
    join pg_depend as joining_depend on joining_depend.objid = dependent_depend.objid
        and joining_depend.classid = 'pg_rewrite'::regclass
        and joining_depend.refclassid = 'pg_class'::regclass
        and joining_depend.refobjid != dependent_depend.refobjid

    -- ... we can find the tables they query from in pg_class, but excluding system tables. Note we
    -- don't need need to exclude _dependent_ system tables, because they only query from other
    -- system tables, and so are automatically excluded by excluding _referenced_ system tables
    join pg_class as referenced_class on referenced_class.oid = joining_depend.refobjid
    join pg_namespace as referenced_namespace on referenced_namespace.oid = referenced_class.relnamespace
        and referenced_namespace.nspname != 'information_schema'
        and referenced_namespace.nspname not like 'pg\_%'

    order by
        dependent_schema, dependent_name, referenced_schema, referenced_name;
[0m02:24:53.275121 [debug] [MainThread]: SQL status: SELECT 0 in 0.005 seconds
[0m02:24:53.276269 [debug] [MainThread]: Sending event: {'category': 'dbt', 'action': 'runnable_timing', 'label': '3c6cd8f5-46dc-4a79-9099-d0201d8c6dbc', 'context': [<snowplow_tracker.self_describing_json.SelfDescribingJson object at 0x10df25220>]}
[0m02:24:53.276664 [debug] [MainThread]: On master: ROLLBACK
[0m02:24:53.277427 [debug] [MainThread]: Using postgres connection "master"
[0m02:24:53.277717 [debug] [MainThread]: On master: BEGIN
[0m02:24:53.278836 [debug] [MainThread]: SQL status: BEGIN in 0.001 seconds
[0m02:24:53.279157 [debug] [MainThread]: On master: COMMIT
[0m02:24:53.279342 [debug] [MainThread]: Using postgres connection "master"
[0m02:24:53.279504 [debug] [MainThread]: On master: COMMIT
[0m02:24:53.280239 [debug] [MainThread]: SQL status: COMMIT in 0.001 seconds
[0m02:24:53.280619 [debug] [MainThread]: On master: Close
[0m02:24:53.283488 [debug] [Thread-1  ]: Began running node model.enpal_assessment_project.activity
[0m02:24:53.283971 [info ] [Thread-1  ]: 1 of 1 START sql table model public_pipedrive_analytics.activity ............... [RUN]
[0m02:24:53.284363 [debug] [Thread-1  ]: Re-using an available connection from the pool (formerly list_postgres_public_pipedrive_analytics, now model.enpal_assessment_project.activity)
[0m02:24:53.284644 [debug] [Thread-1  ]: Began compiling node model.enpal_assessment_project.activity
[0m02:24:53.291575 [debug] [Thread-1  ]: Writing injected SQL for node "model.enpal_assessment_project.activity"
[0m02:24:53.292426 [debug] [Thread-1  ]: Began executing node model.enpal_assessment_project.activity
[0m02:24:53.442869 [debug] [Thread-1  ]: Writing runtime sql for node "model.enpal_assessment_project.activity"
[0m02:24:53.443457 [debug] [Thread-1  ]: Using postgres connection "model.enpal_assessment_project.activity"
[0m02:24:53.443673 [debug] [Thread-1  ]: On model.enpal_assessment_project.activity: BEGIN
[0m02:24:53.443867 [debug] [Thread-1  ]: Opening a new connection, currently in state closed
[0m02:24:53.455763 [debug] [Thread-1  ]: SQL status: BEGIN in 0.012 seconds
[0m02:24:53.456064 [debug] [Thread-1  ]: Using postgres connection "model.enpal_assessment_project.activity"
[0m02:24:53.456269 [debug] [Thread-1  ]: On model.enpal_assessment_project.activity: /* {"app": "dbt", "dbt_version": "1.10.19", "profile_name": "enpal_assessment_project", "target_name": "dev", "node_id": "model.enpal_assessment_project.activity"} */

  
    

  create  table "postgres"."public_pipedrive_analytics"."activity__dbt_tmp"
  
  
    as
  
  (
    SELECT 
    A.activity_id, 
    A.type,  
    A.assigned_to_user, 
    A.deal_id, 
    A.done, 
    A.due_to 
FROM POSTGRES.PUBLIC.ACTIVITY A
  );
  
[0m02:24:53.463617 [debug] [Thread-1  ]: SQL status: SELECT 4579 in 0.007 seconds
[0m02:24:53.470658 [debug] [Thread-1  ]: Using postgres connection "model.enpal_assessment_project.activity"
[0m02:24:53.470930 [debug] [Thread-1  ]: On model.enpal_assessment_project.activity: /* {"app": "dbt", "dbt_version": "1.10.19", "profile_name": "enpal_assessment_project", "target_name": "dev", "node_id": "model.enpal_assessment_project.activity"} */
alter table "postgres"."public_pipedrive_analytics"."activity" rename to "activity__dbt_backup"
[0m02:24:53.471818 [debug] [Thread-1  ]: SQL status: ALTER TABLE in 0.001 seconds
[0m02:24:53.474063 [debug] [Thread-1  ]: Using postgres connection "model.enpal_assessment_project.activity"
[0m02:24:53.474287 [debug] [Thread-1  ]: On model.enpal_assessment_project.activity: /* {"app": "dbt", "dbt_version": "1.10.19", "profile_name": "enpal_assessment_project", "target_name": "dev", "node_id": "model.enpal_assessment_project.activity"} */
alter table "postgres"."public_pipedrive_analytics"."activity__dbt_tmp" rename to "activity"
[0m02:24:53.475248 [debug] [Thread-1  ]: SQL status: ALTER TABLE in 0.001 seconds
[0m02:24:53.486729 [debug] [Thread-1  ]: On model.enpal_assessment_project.activity: COMMIT
[0m02:24:53.487024 [debug] [Thread-1  ]: Using postgres connection "model.enpal_assessment_project.activity"
[0m02:24:53.487222 [debug] [Thread-1  ]: On model.enpal_assessment_project.activity: COMMIT
[0m02:24:53.489898 [debug] [Thread-1  ]: SQL status: COMMIT in 0.002 seconds
[0m02:24:53.494261 [debug] [Thread-1  ]: Applying DROP to: "postgres"."public_pipedrive_analytics"."activity__dbt_backup"
[0m02:24:53.497087 [debug] [Thread-1  ]: Using postgres connection "model.enpal_assessment_project.activity"
[0m02:24:53.497308 [debug] [Thread-1  ]: On model.enpal_assessment_project.activity: /* {"app": "dbt", "dbt_version": "1.10.19", "profile_name": "enpal_assessment_project", "target_name": "dev", "node_id": "model.enpal_assessment_project.activity"} */
drop table if exists "postgres"."public_pipedrive_analytics"."activity__dbt_backup" cascade
[0m02:24:53.501924 [debug] [Thread-1  ]: SQL status: DROP TABLE in 0.004 seconds
[0m02:24:53.503535 [debug] [Thread-1  ]: On model.enpal_assessment_project.activity: Close
[0m02:24:53.504843 [debug] [Thread-1  ]: Sending event: {'category': 'dbt', 'action': 'run_model', 'label': '3c6cd8f5-46dc-4a79-9099-d0201d8c6dbc', 'context': [<snowplow_tracker.self_describing_json.SelfDescribingJson object at 0x10e546f70>]}
[0m02:24:53.505262 [info ] [Thread-1  ]: 1 of 1 OK created sql table model public_pipedrive_analytics.activity .......... [[32mSELECT 4579[0m in 0.22s]
[0m02:24:53.505634 [debug] [Thread-1  ]: Finished running node model.enpal_assessment_project.activity
[0m02:24:53.506939 [debug] [MainThread]: Using postgres connection "master"
[0m02:24:53.507125 [debug] [MainThread]: On master: BEGIN
[0m02:24:53.507280 [debug] [MainThread]: Opening a new connection, currently in state closed
[0m02:24:53.515193 [debug] [MainThread]: SQL status: BEGIN in 0.008 seconds
[0m02:24:53.515493 [debug] [MainThread]: On master: COMMIT
[0m02:24:53.515673 [debug] [MainThread]: Using postgres connection "master"
[0m02:24:53.515837 [debug] [MainThread]: On master: COMMIT
[0m02:24:53.516205 [debug] [MainThread]: SQL status: COMMIT in 0.000 seconds
[0m02:24:53.516421 [debug] [MainThread]: On master: Close
[0m02:24:53.516715 [debug] [MainThread]: Connection 'master' was properly closed.
[0m02:24:53.516877 [debug] [MainThread]: Connection 'model.enpal_assessment_project.activity' was properly closed.
[0m02:24:53.517061 [info ] [MainThread]: 
[0m02:24:53.517259 [info ] [MainThread]: Finished running 1 table model in 0 hours 0 minutes and 0.53 seconds (0.53s).
[0m02:24:53.517962 [debug] [MainThread]: Command end result
[0m02:24:53.534830 [debug] [MainThread]: Wrote artifact WritableManifest to /Users/rajukaju/Projects/dbt_enpal_assessment/target/manifest.json
[0m02:24:53.536781 [debug] [MainThread]: Wrote artifact SemanticManifest to /Users/rajukaju/Projects/dbt_enpal_assessment/target/semantic_manifest.json
[0m02:24:53.541136 [debug] [MainThread]: Wrote artifact RunExecutionResult to /Users/rajukaju/Projects/dbt_enpal_assessment/target/run_results.json
[0m02:24:53.541358 [info ] [MainThread]: 
[0m02:24:53.541733 [info ] [MainThread]: [32mCompleted successfully[0m
[0m02:24:53.541934 [info ] [MainThread]: 
[0m02:24:53.542210 [info ] [MainThread]: Done. PASS=1 WARN=0 ERROR=0 SKIP=0 NO-OP=0 TOTAL=1
[0m02:24:53.545105 [debug] [MainThread]: Resource report: {"command_name": "run", "command_success": true, "command_wall_clock_time": 1.2358816, "process_in_blocks": "0", "process_kernel_time": 0.249678, "process_mem_max_rss": "129679360", "process_out_blocks": "0", "process_user_time": 1.500867}
[0m02:24:53.545486 [debug] [MainThread]: Command `dbt run` succeeded at 02:24:53.545423 after 1.24 seconds
[0m02:24:53.545768 [debug] [MainThread]: Sending event: {'category': 'dbt', 'action': 'invocation', 'label': 'end', 'context': [<snowplow_tracker.self_describing_json.SelfDescribingJson object at 0x10be6d280>, <snowplow_tracker.self_describing_json.SelfDescribingJson object at 0x10a5be1c0>, <snowplow_tracker.self_describing_json.SelfDescribingJson object at 0x10de9dee0>]}
[0m02:24:53.546003 [debug] [MainThread]: Flushing usage events
[0m02:24:54.748600 [debug] [MainThread]: An error was encountered while trying to flush usage events
[0m02:25:45.744054 [debug] [MainThread]: Sending event: {'category': 'dbt', 'action': 'invocation', 'label': 'start', 'context': [<snowplow_tracker.self_describing_json.SelfDescribingJson object at 0x107d95190>, <snowplow_tracker.self_describing_json.SelfDescribingJson object at 0x108e13eb0>, <snowplow_tracker.self_describing_json.SelfDescribingJson object at 0x108e13130>]}


============================== 02:25:45.747053 | 70d331bf-3bf6-4353-ba12-169f9305bd21 ==============================
[0m02:25:45.747053 [info ] [MainThread]: Running with dbt=1.10.19
[0m02:25:45.747408 [debug] [MainThread]: running dbt with arguments {'static_parser': 'True', 'indirect_selection': 'eager', 'partial_parse': 'True', 'quiet': 'False', 'printer_width': '80', 'cache_selected_only': 'False', 'target_path': 'None', 'introspect': 'True', 'warn_error_options': 'WarnErrorOptionsV2(error=[], warn=[], silence=[])', 'use_colors': 'True', 'debug': 'False', 'log_cache_events': 'False', 'version_check': 'True', 'invocation_command': 'dbt run -s activity_types.sql', 'profiles_dir': '/Users/rajukaju/Projects/dbt_enpal_assessment', 'log_path': '/Users/rajukaju/Projects/dbt_enpal_assessment/logs', 'use_experimental_parser': 'False', 'write_json': 'True', 'send_anonymous_usage_stats': 'True', 'log_format': 'default', 'empty': 'False', 'warn_error': 'None', 'no_print': 'None', 'fail_fast': 'False'}
[0m02:25:45.865218 [debug] [MainThread]: Sending event: {'category': 'dbt', 'action': 'project_id', 'label': '70d331bf-3bf6-4353-ba12-169f9305bd21', 'context': [<snowplow_tracker.self_describing_json.SelfDescribingJson object at 0x1094b4040>]}
[0m02:25:45.901798 [debug] [MainThread]: Sending event: {'category': 'dbt', 'action': 'adapter_info', 'label': '70d331bf-3bf6-4353-ba12-169f9305bd21', 'context': [<snowplow_tracker.self_describing_json.SelfDescribingJson object at 0x108d8d430>]}
[0m02:25:45.902509 [info ] [MainThread]: Registered adapter: postgres=1.9.1
[0m02:25:45.974063 [debug] [MainThread]: checksum: c35ba6d374a0901ceb00688d5179d5550885e1756283b03e5e81c28e0d8d2248, vars: {}, profile: , target: , version: 1.10.19
[0m02:25:46.069541 [debug] [MainThread]: Partial parsing enabled: 0 files deleted, 0 files added, 1 files changed.
[0m02:25:46.069915 [debug] [MainThread]: Partial parsing: updated file: enpal_assessment_project://models/bronze_raw/activity_types.sql
[0m02:25:46.289801 [debug] [MainThread]: Sending event: {'category': 'dbt', 'action': 'load_project', 'label': '70d331bf-3bf6-4353-ba12-169f9305bd21', 'context': [<snowplow_tracker.self_describing_json.SelfDescribingJson object at 0x109fa4cd0>]}
[0m02:25:46.341309 [debug] [MainThread]: Wrote artifact WritableManifest to /Users/rajukaju/Projects/dbt_enpal_assessment/target/manifest.json
[0m02:25:46.342749 [debug] [MainThread]: Wrote artifact SemanticManifest to /Users/rajukaju/Projects/dbt_enpal_assessment/target/semantic_manifest.json
[0m02:25:46.354388 [debug] [MainThread]: Sending event: {'category': 'dbt', 'action': 'resource_counts', 'label': '70d331bf-3bf6-4353-ba12-169f9305bd21', 'context': [<snowplow_tracker.self_describing_json.SelfDescribingJson object at 0x1094f8ee0>]}
[0m02:25:46.354693 [info ] [MainThread]: Found 6 models, 6 sources, 447 macros
[0m02:25:46.354889 [debug] [MainThread]: Sending event: {'category': 'dbt', 'action': 'runnable_timing', 'label': '70d331bf-3bf6-4353-ba12-169f9305bd21', 'context': [<snowplow_tracker.self_describing_json.SelfDescribingJson object at 0x109e505e0>]}
[0m02:25:46.355664 [info ] [MainThread]: 
[0m02:25:46.355853 [info ] [MainThread]: Concurrency: 1 threads (target='dev')
[0m02:25:46.356010 [info ] [MainThread]: 
[0m02:25:46.356276 [debug] [MainThread]: Acquiring new postgres connection 'master'
[0m02:25:46.356735 [debug] [ThreadPool]: Acquiring new postgres connection 'list_postgres'
[0m02:25:46.394625 [debug] [ThreadPool]: Using postgres connection "list_postgres"
[0m02:25:46.394883 [debug] [ThreadPool]: On list_postgres: /* {"app": "dbt", "dbt_version": "1.10.19", "profile_name": "enpal_assessment_project", "target_name": "dev", "connection_name": "list_postgres"} */

    select distinct nspname from pg_namespace
  
[0m02:25:46.395040 [debug] [ThreadPool]: Opening a new connection, currently in state init
[0m02:25:46.441532 [debug] [ThreadPool]: SQL status: SELECT 5 in 0.046 seconds
[0m02:25:46.442431 [debug] [ThreadPool]: On list_postgres: Close
[0m02:25:46.446481 [debug] [ThreadPool]: Re-using an available connection from the pool (formerly list_postgres, now list_postgres_public_pipedrive_analytics)
[0m02:25:46.452743 [debug] [ThreadPool]: Using postgres connection "list_postgres_public_pipedrive_analytics"
[0m02:25:46.452974 [debug] [ThreadPool]: On list_postgres_public_pipedrive_analytics: BEGIN
[0m02:25:46.453157 [debug] [ThreadPool]: Opening a new connection, currently in state closed
[0m02:25:46.464795 [debug] [ThreadPool]: SQL status: BEGIN in 0.012 seconds
[0m02:25:46.465007 [debug] [ThreadPool]: Using postgres connection "list_postgres_public_pipedrive_analytics"
[0m02:25:46.465216 [debug] [ThreadPool]: On list_postgres_public_pipedrive_analytics: /* {"app": "dbt", "dbt_version": "1.10.19", "profile_name": "enpal_assessment_project", "target_name": "dev", "connection_name": "list_postgres_public_pipedrive_analytics"} */
select
      'postgres' as database,
      tablename as name,
      schemaname as schema,
      'table' as type
    from pg_tables
    where schemaname ilike 'public_pipedrive_analytics'
    union all
    select
      'postgres' as database,
      viewname as name,
      schemaname as schema,
      'view' as type
    from pg_views
    where schemaname ilike 'public_pipedrive_analytics'
    union all
    select
      'postgres' as database,
      matviewname as name,
      schemaname as schema,
      'materialized_view' as type
    from pg_matviews
    where schemaname ilike 'public_pipedrive_analytics'
  
[0m02:25:46.468685 [debug] [ThreadPool]: SQL status: SELECT 6 in 0.003 seconds
[0m02:25:46.469784 [debug] [ThreadPool]: On list_postgres_public_pipedrive_analytics: ROLLBACK
[0m02:25:46.470633 [debug] [ThreadPool]: On list_postgres_public_pipedrive_analytics: Close
[0m02:25:46.476544 [debug] [MainThread]: Using postgres connection "master"
[0m02:25:46.476907 [debug] [MainThread]: On master: BEGIN
[0m02:25:46.477541 [debug] [MainThread]: Opening a new connection, currently in state init
[0m02:25:46.489588 [debug] [MainThread]: SQL status: BEGIN in 0.012 seconds
[0m02:25:46.489913 [debug] [MainThread]: Using postgres connection "master"
[0m02:25:46.490182 [debug] [MainThread]: On master: /* {"app": "dbt", "dbt_version": "1.10.19", "profile_name": "enpal_assessment_project", "target_name": "dev", "connection_name": "master"} */
select distinct
        dependent_namespace.nspname as dependent_schema,
        dependent_class.relname as dependent_name,
        referenced_namespace.nspname as referenced_schema,
        referenced_class.relname as referenced_name

    -- Query for views: views are entries in pg_class with an entry in pg_rewrite, but we avoid
    -- a seq scan on pg_rewrite by leveraging the fact there is an "internal" row in pg_depend for
    -- the view...
    from pg_class as dependent_class
    join pg_namespace as dependent_namespace on dependent_namespace.oid = dependent_class.relnamespace
    join pg_depend as dependent_depend on dependent_depend.refobjid = dependent_class.oid
        and dependent_depend.classid = 'pg_rewrite'::regclass
        and dependent_depend.refclassid = 'pg_class'::regclass
        and dependent_depend.deptype = 'i'

    -- ... and via pg_depend (that has a row per column, hence the need for "distinct" above, and
    -- making sure to exclude the internal row to avoid a view appearing to depend on itself)...
    join pg_depend as joining_depend on joining_depend.objid = dependent_depend.objid
        and joining_depend.classid = 'pg_rewrite'::regclass
        and joining_depend.refclassid = 'pg_class'::regclass
        and joining_depend.refobjid != dependent_depend.refobjid

    -- ... we can find the tables they query from in pg_class, but excluding system tables. Note we
    -- don't need need to exclude _dependent_ system tables, because they only query from other
    -- system tables, and so are automatically excluded by excluding _referenced_ system tables
    join pg_class as referenced_class on referenced_class.oid = joining_depend.refobjid
    join pg_namespace as referenced_namespace on referenced_namespace.oid = referenced_class.relnamespace
        and referenced_namespace.nspname != 'information_schema'
        and referenced_namespace.nspname not like 'pg\_%'

    order by
        dependent_schema, dependent_name, referenced_schema, referenced_name;
[0m02:25:46.494006 [debug] [MainThread]: SQL status: SELECT 0 in 0.004 seconds
[0m02:25:46.494944 [debug] [MainThread]: Sending event: {'category': 'dbt', 'action': 'runnable_timing', 'label': '70d331bf-3bf6-4353-ba12-169f9305bd21', 'context': [<snowplow_tracker.self_describing_json.SelfDescribingJson object at 0x10732b280>]}
[0m02:25:46.495293 [debug] [MainThread]: On master: ROLLBACK
[0m02:25:46.495830 [debug] [MainThread]: Using postgres connection "master"
[0m02:25:46.496056 [debug] [MainThread]: On master: BEGIN
[0m02:25:46.496821 [debug] [MainThread]: SQL status: BEGIN in 0.001 seconds
[0m02:25:46.497123 [debug] [MainThread]: On master: COMMIT
[0m02:25:46.497330 [debug] [MainThread]: Using postgres connection "master"
[0m02:25:46.497517 [debug] [MainThread]: On master: COMMIT
[0m02:25:46.498001 [debug] [MainThread]: SQL status: COMMIT in 0.000 seconds
[0m02:25:46.498206 [debug] [MainThread]: On master: Close
[0m02:25:46.500404 [debug] [Thread-1  ]: Began running node model.enpal_assessment_project.activity_types
[0m02:25:46.500846 [info ] [Thread-1  ]: 1 of 1 START sql table model public_pipedrive_analytics.activity_types ......... [RUN]
[0m02:25:46.501199 [debug] [Thread-1  ]: Re-using an available connection from the pool (formerly list_postgres_public_pipedrive_analytics, now model.enpal_assessment_project.activity_types)
[0m02:25:46.502454 [debug] [Thread-1  ]: Began compiling node model.enpal_assessment_project.activity_types
[0m02:25:46.513854 [debug] [Thread-1  ]: Writing injected SQL for node "model.enpal_assessment_project.activity_types"
[0m02:25:46.514656 [debug] [Thread-1  ]: Began executing node model.enpal_assessment_project.activity_types
[0m02:25:46.544404 [debug] [Thread-1  ]: Writing runtime sql for node "model.enpal_assessment_project.activity_types"
[0m02:25:46.545273 [debug] [Thread-1  ]: Using postgres connection "model.enpal_assessment_project.activity_types"
[0m02:25:46.545529 [debug] [Thread-1  ]: On model.enpal_assessment_project.activity_types: BEGIN
[0m02:25:46.545717 [debug] [Thread-1  ]: Opening a new connection, currently in state closed
[0m02:25:46.553203 [debug] [Thread-1  ]: SQL status: BEGIN in 0.007 seconds
[0m02:25:46.553517 [debug] [Thread-1  ]: Using postgres connection "model.enpal_assessment_project.activity_types"
[0m02:25:46.553727 [debug] [Thread-1  ]: On model.enpal_assessment_project.activity_types: /* {"app": "dbt", "dbt_version": "1.10.19", "profile_name": "enpal_assessment_project", "target_name": "dev", "node_id": "model.enpal_assessment_project.activity_types"} */

  
    

  create  table "postgres"."public_pipedrive_analytics"."activity_types__dbt_tmp"
  
  
    as
  
  (
    SELECT 
    AP.id, 
    AP.name, 
    AP.active, 
    AP.type
FROM "postgres"."public"."activity_types" AP
  );
  
[0m02:25:46.555565 [debug] [Thread-1  ]: SQL status: SELECT 4 in 0.002 seconds
[0m02:25:46.562540 [debug] [Thread-1  ]: Using postgres connection "model.enpal_assessment_project.activity_types"
[0m02:25:46.562789 [debug] [Thread-1  ]: On model.enpal_assessment_project.activity_types: /* {"app": "dbt", "dbt_version": "1.10.19", "profile_name": "enpal_assessment_project", "target_name": "dev", "node_id": "model.enpal_assessment_project.activity_types"} */
alter table "postgres"."public_pipedrive_analytics"."activity_types" rename to "activity_types__dbt_backup"
[0m02:25:46.563601 [debug] [Thread-1  ]: SQL status: ALTER TABLE in 0.001 seconds
[0m02:25:46.565713 [debug] [Thread-1  ]: Using postgres connection "model.enpal_assessment_project.activity_types"
[0m02:25:46.565935 [debug] [Thread-1  ]: On model.enpal_assessment_project.activity_types: /* {"app": "dbt", "dbt_version": "1.10.19", "profile_name": "enpal_assessment_project", "target_name": "dev", "node_id": "model.enpal_assessment_project.activity_types"} */
alter table "postgres"."public_pipedrive_analytics"."activity_types__dbt_tmp" rename to "activity_types"
[0m02:25:46.566515 [debug] [Thread-1  ]: SQL status: ALTER TABLE in 0.000 seconds
[0m02:25:46.578526 [debug] [Thread-1  ]: On model.enpal_assessment_project.activity_types: COMMIT
[0m02:25:46.578850 [debug] [Thread-1  ]: Using postgres connection "model.enpal_assessment_project.activity_types"
[0m02:25:46.579073 [debug] [Thread-1  ]: On model.enpal_assessment_project.activity_types: COMMIT
[0m02:25:46.580488 [debug] [Thread-1  ]: SQL status: COMMIT in 0.001 seconds
[0m02:25:46.584964 [debug] [Thread-1  ]: Applying DROP to: "postgres"."public_pipedrive_analytics"."activity_types__dbt_backup"
[0m02:25:46.587794 [debug] [Thread-1  ]: Using postgres connection "model.enpal_assessment_project.activity_types"
[0m02:25:46.588015 [debug] [Thread-1  ]: On model.enpal_assessment_project.activity_types: /* {"app": "dbt", "dbt_version": "1.10.19", "profile_name": "enpal_assessment_project", "target_name": "dev", "node_id": "model.enpal_assessment_project.activity_types"} */
drop table if exists "postgres"."public_pipedrive_analytics"."activity_types__dbt_backup" cascade
[0m02:25:46.590064 [debug] [Thread-1  ]: SQL status: DROP TABLE in 0.002 seconds
[0m02:25:46.591660 [debug] [Thread-1  ]: On model.enpal_assessment_project.activity_types: Close
[0m02:25:46.592950 [debug] [Thread-1  ]: Sending event: {'category': 'dbt', 'action': 'run_model', 'label': '70d331bf-3bf6-4353-ba12-169f9305bd21', 'context': [<snowplow_tracker.self_describing_json.SelfDescribingJson object at 0x10a346d60>]}
[0m02:25:46.593378 [info ] [Thread-1  ]: 1 of 1 OK created sql table model public_pipedrive_analytics.activity_types .... [[32mSELECT 4[0m in 0.09s]
[0m02:25:46.593707 [debug] [Thread-1  ]: Finished running node model.enpal_assessment_project.activity_types
[0m02:25:46.594284 [debug] [MainThread]: Using postgres connection "master"
[0m02:25:46.594452 [debug] [MainThread]: On master: BEGIN
[0m02:25:46.594600 [debug] [MainThread]: Opening a new connection, currently in state closed
[0m02:25:46.602455 [debug] [MainThread]: SQL status: BEGIN in 0.008 seconds
[0m02:25:46.602719 [debug] [MainThread]: On master: COMMIT
[0m02:25:46.602892 [debug] [MainThread]: Using postgres connection "master"
[0m02:25:46.603052 [debug] [MainThread]: On master: COMMIT
[0m02:25:46.603435 [debug] [MainThread]: SQL status: COMMIT in 0.000 seconds
[0m02:25:46.603610 [debug] [MainThread]: On master: Close
[0m02:25:46.603869 [debug] [MainThread]: Connection 'master' was properly closed.
[0m02:25:46.604031 [debug] [MainThread]: Connection 'model.enpal_assessment_project.activity_types' was properly closed.
[0m02:25:46.604212 [info ] [MainThread]: 
[0m02:25:46.604403 [info ] [MainThread]: Finished running 1 table model in 0 hours 0 minutes and 0.25 seconds (0.25s).
[0m02:25:46.604818 [debug] [MainThread]: Command end result
[0m02:25:46.620664 [debug] [MainThread]: Wrote artifact WritableManifest to /Users/rajukaju/Projects/dbt_enpal_assessment/target/manifest.json
[0m02:25:46.621724 [debug] [MainThread]: Wrote artifact SemanticManifest to /Users/rajukaju/Projects/dbt_enpal_assessment/target/semantic_manifest.json
[0m02:25:46.625881 [debug] [MainThread]: Wrote artifact RunExecutionResult to /Users/rajukaju/Projects/dbt_enpal_assessment/target/run_results.json
[0m02:25:46.626068 [info ] [MainThread]: 
[0m02:25:46.626299 [info ] [MainThread]: [32mCompleted successfully[0m
[0m02:25:46.626468 [info ] [MainThread]: 
[0m02:25:46.626650 [info ] [MainThread]: Done. PASS=1 WARN=0 ERROR=0 SKIP=0 NO-OP=0 TOTAL=1
[0m02:25:46.629186 [debug] [MainThread]: Resource report: {"command_name": "run", "command_success": true, "command_wall_clock_time": 0.93245673, "process_in_blocks": "0", "process_kernel_time": 0.231633, "process_mem_max_rss": "128712704", "process_out_blocks": "0", "process_user_time": 1.440001}
[0m02:25:46.629594 [debug] [MainThread]: Command `dbt run` succeeded at 02:25:46.629510 after 0.93 seconds
[0m02:25:46.629953 [debug] [MainThread]: Sending event: {'category': 'dbt', 'action': 'invocation', 'label': 'end', 'context': [<snowplow_tracker.self_describing_json.SelfDescribingJson object at 0x107d95190>, <snowplow_tracker.self_describing_json.SelfDescribingJson object at 0x1094f8c70>, <snowplow_tracker.self_describing_json.SelfDescribingJson object at 0x10a368f70>]}
[0m02:25:46.630256 [debug] [MainThread]: Flushing usage events
[0m02:25:47.689327 [debug] [MainThread]: An error was encountered while trying to flush usage events
[0m02:27:49.272109 [debug] [MainThread]: Sending event: {'category': 'dbt', 'action': 'invocation', 'label': 'start', 'context': [<snowplow_tracker.self_describing_json.SelfDescribingJson object at 0x10a57d190>, <snowplow_tracker.self_describing_json.SelfDescribingJson object at 0x10b5faeb0>, <snowplow_tracker.self_describing_json.SelfDescribingJson object at 0x10b5fa130>]}


============================== 02:27:49.275206 | ee119603-8cea-4a61-9f64-6807eb1086f7 ==============================
[0m02:27:49.275206 [info ] [MainThread]: Running with dbt=1.10.19
[0m02:27:49.275558 [debug] [MainThread]: running dbt with arguments {'log_cache_events': 'False', 'partial_parse': 'True', 'debug': 'False', 'cache_selected_only': 'False', 'introspect': 'True', 'target_path': 'None', 'empty': 'False', 'use_colors': 'True', 'invocation_command': 'dbt run -s activity.sql', 'quiet': 'False', 'warn_error_options': 'WarnErrorOptionsV2(error=[], warn=[], silence=[])', 'fail_fast': 'False', 'printer_width': '80', 'log_path': '/Users/rajukaju/Projects/dbt_enpal_assessment/logs', 'send_anonymous_usage_stats': 'True', 'warn_error': 'None', 'log_format': 'default', 'static_parser': 'True', 'indirect_selection': 'eager', 'version_check': 'True', 'profiles_dir': '/Users/rajukaju/Projects/dbt_enpal_assessment', 'write_json': 'True', 'no_print': 'None', 'use_experimental_parser': 'False'}
[0m02:27:49.396907 [debug] [MainThread]: Sending event: {'category': 'dbt', 'action': 'project_id', 'label': 'ee119603-8cea-4a61-9f64-6807eb1086f7', 'context': [<snowplow_tracker.self_describing_json.SelfDescribingJson object at 0x10bc95040>]}
[0m02:27:49.433230 [debug] [MainThread]: Sending event: {'category': 'dbt', 'action': 'adapter_info', 'label': 'ee119603-8cea-4a61-9f64-6807eb1086f7', 'context': [<snowplow_tracker.self_describing_json.SelfDescribingJson object at 0x10b575430>]}
[0m02:27:49.433946 [info ] [MainThread]: Registered adapter: postgres=1.9.1
[0m02:27:49.506161 [debug] [MainThread]: checksum: c35ba6d374a0901ceb00688d5179d5550885e1756283b03e5e81c28e0d8d2248, vars: {}, profile: , target: , version: 1.10.19
[0m02:27:49.601333 [debug] [MainThread]: Partial parsing enabled: 0 files deleted, 0 files added, 1 files changed.
[0m02:27:49.601709 [debug] [MainThread]: Partial parsing: updated file: enpal_assessment_project://models/bronze_raw/activity.sql
[0m02:27:49.714796 [error] [MainThread]: Encountered an error:
Compilation Error
  Model 'model.enpal_assessment_project.activity' (models/bronze_raw/activity.sql) depends on a source named 'postgres_public.ACTIVITY' which was not found
[0m02:27:49.716955 [debug] [MainThread]: Resource report: {"command_name": "run", "command_success": false, "command_wall_clock_time": 0.4925713, "process_in_blocks": "0", "process_kernel_time": 0.200233, "process_mem_max_rss": "113786880", "process_out_blocks": "0", "process_user_time": 1.134412}
[0m02:27:49.717220 [debug] [MainThread]: Command `dbt run` failed at 02:27:49.717165 after 0.49 seconds
[0m02:27:49.717441 [debug] [MainThread]: Sending event: {'category': 'dbt', 'action': 'invocation', 'label': 'end', 'context': [<snowplow_tracker.self_describing_json.SelfDescribingJson object at 0x10a57d190>, <snowplow_tracker.self_describing_json.SelfDescribingJson object at 0x10bacabb0>, <snowplow_tracker.self_describing_json.SelfDescribingJson object at 0x10c5f1a30>]}
[0m02:27:49.717666 [debug] [MainThread]: Flushing usage events
[0m02:27:50.601889 [debug] [MainThread]: An error was encountered while trying to flush usage events
[0m02:28:21.733941 [debug] [MainThread]: Sending event: {'category': 'dbt', 'action': 'invocation', 'label': 'start', 'context': [<snowplow_tracker.self_describing_json.SelfDescribingJson object at 0x10bb851c0>, <snowplow_tracker.self_describing_json.SelfDescribingJson object at 0x10cc03f10>, <snowplow_tracker.self_describing_json.SelfDescribingJson object at 0x10cc03100>]}


============================== 02:28:21.736986 | ff29b8c6-f52b-4244-aec7-99b0eafe3e34 ==============================
[0m02:28:21.736986 [info ] [MainThread]: Running with dbt=1.10.19
[0m02:28:21.737342 [debug] [MainThread]: running dbt with arguments {'indirect_selection': 'eager', 'log_path': '/Users/rajukaju/Projects/dbt_enpal_assessment/logs', 'use_colors': 'True', 'fail_fast': 'False', 'send_anonymous_usage_stats': 'True', 'partial_parse': 'True', 'log_cache_events': 'False', 'empty': 'False', 'log_format': 'default', 'introspect': 'True', 'static_parser': 'True', 'no_print': 'None', 'write_json': 'True', 'warn_error_options': 'WarnErrorOptionsV2(error=[], warn=[], silence=[])', 'target_path': 'None', 'debug': 'False', 'use_experimental_parser': 'False', 'quiet': 'False', 'profiles_dir': '/Users/rajukaju/Projects/dbt_enpal_assessment', 'printer_width': '80', 'warn_error': 'None', 'cache_selected_only': 'False', 'invocation_command': 'dbt run -s activity.sql', 'version_check': 'True'}
[0m02:28:21.855532 [debug] [MainThread]: Sending event: {'category': 'dbt', 'action': 'project_id', 'label': 'ff29b8c6-f52b-4244-aec7-99b0eafe3e34', 'context': [<snowplow_tracker.self_describing_json.SelfDescribingJson object at 0x10a2d81c0>]}
[0m02:28:21.892289 [debug] [MainThread]: Sending event: {'category': 'dbt', 'action': 'adapter_info', 'label': 'ff29b8c6-f52b-4244-aec7-99b0eafe3e34', 'context': [<snowplow_tracker.self_describing_json.SelfDescribingJson object at 0x10cba51f0>]}
[0m02:28:21.893008 [info ] [MainThread]: Registered adapter: postgres=1.9.1
[0m02:28:21.966497 [debug] [MainThread]: checksum: c35ba6d374a0901ceb00688d5179d5550885e1756283b03e5e81c28e0d8d2248, vars: {}, profile: , target: , version: 1.10.19
[0m02:28:22.062325 [debug] [MainThread]: Partial parsing enabled: 0 files deleted, 0 files added, 1 files changed.
[0m02:28:22.062703 [debug] [MainThread]: Partial parsing: updated file: enpal_assessment_project://models/bronze_raw/activity.sql
[0m02:28:22.252474 [debug] [MainThread]: Sending event: {'category': 'dbt', 'action': 'load_project', 'label': 'ff29b8c6-f52b-4244-aec7-99b0eafe3e34', 'context': [<snowplow_tracker.self_describing_json.SelfDescribingJson object at 0x10dd956a0>]}
[0m02:28:22.305759 [debug] [MainThread]: Wrote artifact WritableManifest to /Users/rajukaju/Projects/dbt_enpal_assessment/target/manifest.json
[0m02:28:22.307486 [debug] [MainThread]: Wrote artifact SemanticManifest to /Users/rajukaju/Projects/dbt_enpal_assessment/target/semantic_manifest.json
[0m02:28:22.319851 [debug] [MainThread]: Sending event: {'category': 'dbt', 'action': 'resource_counts', 'label': 'ff29b8c6-f52b-4244-aec7-99b0eafe3e34', 'context': [<snowplow_tracker.self_describing_json.SelfDescribingJson object at 0x10d0ea370>]}
[0m02:28:22.320153 [info ] [MainThread]: Found 6 models, 6 sources, 447 macros
[0m02:28:22.320349 [debug] [MainThread]: Sending event: {'category': 'dbt', 'action': 'runnable_timing', 'label': 'ff29b8c6-f52b-4244-aec7-99b0eafe3e34', 'context': [<snowplow_tracker.self_describing_json.SelfDescribingJson object at 0x10d0fe6d0>]}
[0m02:28:22.321122 [info ] [MainThread]: 
[0m02:28:22.321311 [info ] [MainThread]: Concurrency: 1 threads (target='dev')
[0m02:28:22.321469 [info ] [MainThread]: 
[0m02:28:22.321743 [debug] [MainThread]: Acquiring new postgres connection 'master'
[0m02:28:22.322196 [debug] [ThreadPool]: Acquiring new postgres connection 'list_postgres'
[0m02:28:22.359329 [debug] [ThreadPool]: Using postgres connection "list_postgres"
[0m02:28:22.359583 [debug] [ThreadPool]: On list_postgres: /* {"app": "dbt", "dbt_version": "1.10.19", "profile_name": "enpal_assessment_project", "target_name": "dev", "connection_name": "list_postgres"} */

    select distinct nspname from pg_namespace
  
[0m02:28:22.359744 [debug] [ThreadPool]: Opening a new connection, currently in state init
[0m02:28:22.403841 [debug] [ThreadPool]: SQL status: SELECT 5 in 0.044 seconds
[0m02:28:22.404835 [debug] [ThreadPool]: On list_postgres: Close
[0m02:28:22.408487 [debug] [ThreadPool]: Re-using an available connection from the pool (formerly list_postgres, now list_postgres_public_pipedrive_analytics)
[0m02:28:22.413281 [debug] [ThreadPool]: Using postgres connection "list_postgres_public_pipedrive_analytics"
[0m02:28:22.413493 [debug] [ThreadPool]: On list_postgres_public_pipedrive_analytics: BEGIN
[0m02:28:22.413671 [debug] [ThreadPool]: Opening a new connection, currently in state closed
[0m02:28:22.427731 [debug] [ThreadPool]: SQL status: BEGIN in 0.014 seconds
[0m02:28:22.427993 [debug] [ThreadPool]: Using postgres connection "list_postgres_public_pipedrive_analytics"
[0m02:28:22.428219 [debug] [ThreadPool]: On list_postgres_public_pipedrive_analytics: /* {"app": "dbt", "dbt_version": "1.10.19", "profile_name": "enpal_assessment_project", "target_name": "dev", "connection_name": "list_postgres_public_pipedrive_analytics"} */
select
      'postgres' as database,
      tablename as name,
      schemaname as schema,
      'table' as type
    from pg_tables
    where schemaname ilike 'public_pipedrive_analytics'
    union all
    select
      'postgres' as database,
      viewname as name,
      schemaname as schema,
      'view' as type
    from pg_views
    where schemaname ilike 'public_pipedrive_analytics'
    union all
    select
      'postgres' as database,
      matviewname as name,
      schemaname as schema,
      'materialized_view' as type
    from pg_matviews
    where schemaname ilike 'public_pipedrive_analytics'
  
[0m02:28:22.431876 [debug] [ThreadPool]: SQL status: SELECT 6 in 0.003 seconds
[0m02:28:22.432879 [debug] [ThreadPool]: On list_postgres_public_pipedrive_analytics: ROLLBACK
[0m02:28:22.433373 [debug] [ThreadPool]: On list_postgres_public_pipedrive_analytics: Close
[0m02:28:22.438303 [debug] [MainThread]: Using postgres connection "master"
[0m02:28:22.438561 [debug] [MainThread]: On master: BEGIN
[0m02:28:22.438747 [debug] [MainThread]: Opening a new connection, currently in state init
[0m02:28:22.448640 [debug] [MainThread]: SQL status: BEGIN in 0.010 seconds
[0m02:28:22.448877 [debug] [MainThread]: Using postgres connection "master"
[0m02:28:22.449132 [debug] [MainThread]: On master: /* {"app": "dbt", "dbt_version": "1.10.19", "profile_name": "enpal_assessment_project", "target_name": "dev", "connection_name": "master"} */
select distinct
        dependent_namespace.nspname as dependent_schema,
        dependent_class.relname as dependent_name,
        referenced_namespace.nspname as referenced_schema,
        referenced_class.relname as referenced_name

    -- Query for views: views are entries in pg_class with an entry in pg_rewrite, but we avoid
    -- a seq scan on pg_rewrite by leveraging the fact there is an "internal" row in pg_depend for
    -- the view...
    from pg_class as dependent_class
    join pg_namespace as dependent_namespace on dependent_namespace.oid = dependent_class.relnamespace
    join pg_depend as dependent_depend on dependent_depend.refobjid = dependent_class.oid
        and dependent_depend.classid = 'pg_rewrite'::regclass
        and dependent_depend.refclassid = 'pg_class'::regclass
        and dependent_depend.deptype = 'i'

    -- ... and via pg_depend (that has a row per column, hence the need for "distinct" above, and
    -- making sure to exclude the internal row to avoid a view appearing to depend on itself)...
    join pg_depend as joining_depend on joining_depend.objid = dependent_depend.objid
        and joining_depend.classid = 'pg_rewrite'::regclass
        and joining_depend.refclassid = 'pg_class'::regclass
        and joining_depend.refobjid != dependent_depend.refobjid

    -- ... we can find the tables they query from in pg_class, but excluding system tables. Note we
    -- don't need need to exclude _dependent_ system tables, because they only query from other
    -- system tables, and so are automatically excluded by excluding _referenced_ system tables
    join pg_class as referenced_class on referenced_class.oid = joining_depend.refobjid
    join pg_namespace as referenced_namespace on referenced_namespace.oid = referenced_class.relnamespace
        and referenced_namespace.nspname != 'information_schema'
        and referenced_namespace.nspname not like 'pg\_%'

    order by
        dependent_schema, dependent_name, referenced_schema, referenced_name;
[0m02:28:22.452215 [debug] [MainThread]: SQL status: SELECT 0 in 0.003 seconds
[0m02:28:22.453053 [debug] [MainThread]: Sending event: {'category': 'dbt', 'action': 'runnable_timing', 'label': 'ff29b8c6-f52b-4244-aec7-99b0eafe3e34', 'context': [<snowplow_tracker.self_describing_json.SelfDescribingJson object at 0x10dce0bb0>]}
[0m02:28:22.453388 [debug] [MainThread]: On master: ROLLBACK
[0m02:28:22.453838 [debug] [MainThread]: Using postgres connection "master"
[0m02:28:22.454029 [debug] [MainThread]: On master: BEGIN
[0m02:28:22.454765 [debug] [MainThread]: SQL status: BEGIN in 0.001 seconds
[0m02:28:22.454963 [debug] [MainThread]: On master: COMMIT
[0m02:28:22.455149 [debug] [MainThread]: Using postgres connection "master"
[0m02:28:22.455325 [debug] [MainThread]: On master: COMMIT
[0m02:28:22.455769 [debug] [MainThread]: SQL status: COMMIT in 0.000 seconds
[0m02:28:22.455992 [debug] [MainThread]: On master: Close
[0m02:28:22.458342 [debug] [Thread-1  ]: Began running node model.enpal_assessment_project.activity
[0m02:28:22.458729 [info ] [Thread-1  ]: 1 of 1 START sql table model public_pipedrive_analytics.activity ............... [RUN]
[0m02:28:22.459041 [debug] [Thread-1  ]: Re-using an available connection from the pool (formerly list_postgres_public_pipedrive_analytics, now model.enpal_assessment_project.activity)
[0m02:28:22.459292 [debug] [Thread-1  ]: Began compiling node model.enpal_assessment_project.activity
[0m02:28:22.466003 [debug] [Thread-1  ]: Writing injected SQL for node "model.enpal_assessment_project.activity"
[0m02:28:22.466646 [debug] [Thread-1  ]: Began executing node model.enpal_assessment_project.activity
[0m02:28:22.496375 [debug] [Thread-1  ]: Writing runtime sql for node "model.enpal_assessment_project.activity"
[0m02:28:22.497203 [debug] [Thread-1  ]: Using postgres connection "model.enpal_assessment_project.activity"
[0m02:28:22.497426 [debug] [Thread-1  ]: On model.enpal_assessment_project.activity: BEGIN
[0m02:28:22.497617 [debug] [Thread-1  ]: Opening a new connection, currently in state closed
[0m02:28:22.512433 [debug] [Thread-1  ]: SQL status: BEGIN in 0.015 seconds
[0m02:28:22.512816 [debug] [Thread-1  ]: Using postgres connection "model.enpal_assessment_project.activity"
[0m02:28:22.513067 [debug] [Thread-1  ]: On model.enpal_assessment_project.activity: /* {"app": "dbt", "dbt_version": "1.10.19", "profile_name": "enpal_assessment_project", "target_name": "dev", "node_id": "model.enpal_assessment_project.activity"} */

  
    

  create  table "postgres"."public_pipedrive_analytics"."activity__dbt_tmp"
  
  
    as
  
  (
    SELECT 
    A.activity_id, 
    A.type,  
    A.assigned_to_user, 
    A.deal_id, 
    A.done, 
    A.due_to 
FROM "postgres"."public"."activity" A
  );
  
[0m02:28:22.521810 [debug] [Thread-1  ]: SQL status: SELECT 4579 in 0.008 seconds
[0m02:28:22.529901 [debug] [Thread-1  ]: Using postgres connection "model.enpal_assessment_project.activity"
[0m02:28:22.530182 [debug] [Thread-1  ]: On model.enpal_assessment_project.activity: /* {"app": "dbt", "dbt_version": "1.10.19", "profile_name": "enpal_assessment_project", "target_name": "dev", "node_id": "model.enpal_assessment_project.activity"} */
alter table "postgres"."public_pipedrive_analytics"."activity" rename to "activity__dbt_backup"
[0m02:28:22.531896 [debug] [Thread-1  ]: SQL status: ALTER TABLE in 0.001 seconds
[0m02:28:22.534533 [debug] [Thread-1  ]: Using postgres connection "model.enpal_assessment_project.activity"
[0m02:28:22.534790 [debug] [Thread-1  ]: On model.enpal_assessment_project.activity: /* {"app": "dbt", "dbt_version": "1.10.19", "profile_name": "enpal_assessment_project", "target_name": "dev", "node_id": "model.enpal_assessment_project.activity"} */
alter table "postgres"."public_pipedrive_analytics"."activity__dbt_tmp" rename to "activity"
[0m02:28:22.535471 [debug] [Thread-1  ]: SQL status: ALTER TABLE in 0.000 seconds
[0m02:28:22.548352 [debug] [Thread-1  ]: On model.enpal_assessment_project.activity: COMMIT
[0m02:28:22.548609 [debug] [Thread-1  ]: Using postgres connection "model.enpal_assessment_project.activity"
[0m02:28:22.548823 [debug] [Thread-1  ]: On model.enpal_assessment_project.activity: COMMIT
[0m02:28:22.551381 [debug] [Thread-1  ]: SQL status: COMMIT in 0.002 seconds
[0m02:28:22.555939 [debug] [Thread-1  ]: Applying DROP to: "postgres"."public_pipedrive_analytics"."activity__dbt_backup"
[0m02:28:22.559002 [debug] [Thread-1  ]: Using postgres connection "model.enpal_assessment_project.activity"
[0m02:28:22.559225 [debug] [Thread-1  ]: On model.enpal_assessment_project.activity: /* {"app": "dbt", "dbt_version": "1.10.19", "profile_name": "enpal_assessment_project", "target_name": "dev", "node_id": "model.enpal_assessment_project.activity"} */
drop table if exists "postgres"."public_pipedrive_analytics"."activity__dbt_backup" cascade
[0m02:28:22.563334 [debug] [Thread-1  ]: SQL status: DROP TABLE in 0.004 seconds
[0m02:28:22.565016 [debug] [Thread-1  ]: On model.enpal_assessment_project.activity: Close
[0m02:28:22.566424 [debug] [Thread-1  ]: Sending event: {'category': 'dbt', 'action': 'run_model', 'label': 'ff29b8c6-f52b-4244-aec7-99b0eafe3e34', 'context': [<snowplow_tracker.self_describing_json.SelfDescribingJson object at 0x10dbbf1c0>]}
[0m02:28:22.566866 [info ] [Thread-1  ]: 1 of 1 OK created sql table model public_pipedrive_analytics.activity .......... [[32mSELECT 4579[0m in 0.11s]
[0m02:28:22.567226 [debug] [Thread-1  ]: Finished running node model.enpal_assessment_project.activity
[0m02:28:22.567870 [debug] [MainThread]: Using postgres connection "master"
[0m02:28:22.568054 [debug] [MainThread]: On master: BEGIN
[0m02:28:22.568218 [debug] [MainThread]: Opening a new connection, currently in state closed
[0m02:28:22.578389 [debug] [MainThread]: SQL status: BEGIN in 0.010 seconds
[0m02:28:22.578835 [debug] [MainThread]: On master: COMMIT
[0m02:28:22.579064 [debug] [MainThread]: Using postgres connection "master"
[0m02:28:22.579254 [debug] [MainThread]: On master: COMMIT
[0m02:28:22.579886 [debug] [MainThread]: SQL status: COMMIT in 0.000 seconds
[0m02:28:22.580115 [debug] [MainThread]: On master: Close
[0m02:28:22.580417 [debug] [MainThread]: Connection 'master' was properly closed.
[0m02:28:22.580601 [debug] [MainThread]: Connection 'model.enpal_assessment_project.activity' was properly closed.
[0m02:28:22.580805 [info ] [MainThread]: 
[0m02:28:22.581017 [info ] [MainThread]: Finished running 1 table model in 0 hours 0 minutes and 0.26 seconds (0.26s).
[0m02:28:22.581487 [debug] [MainThread]: Command end result
[0m02:28:22.599131 [debug] [MainThread]: Wrote artifact WritableManifest to /Users/rajukaju/Projects/dbt_enpal_assessment/target/manifest.json
[0m02:28:22.600306 [debug] [MainThread]: Wrote artifact SemanticManifest to /Users/rajukaju/Projects/dbt_enpal_assessment/target/semantic_manifest.json
[0m02:28:22.605093 [debug] [MainThread]: Wrote artifact RunExecutionResult to /Users/rajukaju/Projects/dbt_enpal_assessment/target/run_results.json
[0m02:28:22.605352 [info ] [MainThread]: 
[0m02:28:22.605593 [info ] [MainThread]: [32mCompleted successfully[0m
[0m02:28:22.605766 [info ] [MainThread]: 
[0m02:28:22.605955 [info ] [MainThread]: Done. PASS=1 WARN=0 ERROR=0 SKIP=0 NO-OP=0 TOTAL=1
[0m02:28:22.607943 [debug] [MainThread]: Resource report: {"command_name": "run", "command_success": true, "command_wall_clock_time": 0.9199629, "process_in_blocks": "0", "process_kernel_time": 0.206613, "process_mem_max_rss": "130318336", "process_out_blocks": "0", "process_user_time": 1.446597}
[0m02:28:22.608228 [debug] [MainThread]: Command `dbt run` succeeded at 02:28:22.608173 after 0.92 seconds
[0m02:28:22.608448 [debug] [MainThread]: Sending event: {'category': 'dbt', 'action': 'invocation', 'label': 'end', 'context': [<snowplow_tracker.self_describing_json.SelfDescribingJson object at 0x10bb851c0>, <snowplow_tracker.self_describing_json.SelfDescribingJson object at 0x10d29e190>, <snowplow_tracker.self_describing_json.SelfDescribingJson object at 0x10d0ead90>]}
[0m02:28:22.608665 [debug] [MainThread]: Flushing usage events
[0m02:28:24.390096 [debug] [MainThread]: An error was encountered while trying to flush usage events
[0m02:29:51.761797 [debug] [MainThread]: Sending event: {'category': 'dbt', 'action': 'invocation', 'label': 'start', 'context': [<snowplow_tracker.self_describing_json.SelfDescribingJson object at 0x10c365250>, <snowplow_tracker.self_describing_json.SelfDescribingJson object at 0x10d3e3f10>, <snowplow_tracker.self_describing_json.SelfDescribingJson object at 0x10d3e3190>]}


============================== 02:29:51.764693 | a3f7419d-4dc4-4aff-a5d3-d91716876d3b ==============================
[0m02:29:51.764693 [info ] [MainThread]: Running with dbt=1.10.19
[0m02:29:51.765037 [debug] [MainThread]: running dbt with arguments {'warn_error_options': 'WarnErrorOptionsV2(error=[], warn=[], silence=[])', 'cache_selected_only': 'False', 'write_json': 'True', 'log_format': 'default', 'profiles_dir': '/Users/rajukaju/Projects/dbt_enpal_assessment', 'no_print': 'None', 'warn_error': 'None', 'log_path': '/Users/rajukaju/Projects/dbt_enpal_assessment/logs', 'fail_fast': 'False', 'indirect_selection': 'eager', 'partial_parse': 'True', 'static_parser': 'True', 'log_cache_events': 'False', 'send_anonymous_usage_stats': 'True', 'quiet': 'False', 'empty': 'False', 'use_colors': 'True', 'target_path': 'None', 'introspect': 'True', 'debug': 'False', 'invocation_command': 'dbt run -s deal_changes.sql', 'version_check': 'True', 'printer_width': '80', 'use_experimental_parser': 'False'}
[0m02:29:51.885526 [debug] [MainThread]: Sending event: {'category': 'dbt', 'action': 'project_id', 'label': 'a3f7419d-4dc4-4aff-a5d3-d91716876d3b', 'context': [<snowplow_tracker.self_describing_json.SelfDescribingJson object at 0x10aab88b0>]}
[0m02:29:51.921806 [debug] [MainThread]: Sending event: {'category': 'dbt', 'action': 'adapter_info', 'label': 'a3f7419d-4dc4-4aff-a5d3-d91716876d3b', 'context': [<snowplow_tracker.self_describing_json.SelfDescribingJson object at 0x10d3be4c0>]}
[0m02:29:51.922517 [info ] [MainThread]: Registered adapter: postgres=1.9.1
[0m02:29:51.993276 [debug] [MainThread]: checksum: c35ba6d374a0901ceb00688d5179d5550885e1756283b03e5e81c28e0d8d2248, vars: {}, profile: , target: , version: 1.10.19
[0m02:29:52.089044 [debug] [MainThread]: Partial parsing enabled: 0 files deleted, 0 files added, 3 files changed.
[0m02:29:52.089434 [debug] [MainThread]: Partial parsing: updated file: enpal_assessment_project://models/bronze_raw/activity.sql
[0m02:29:52.089660 [debug] [MainThread]: Partial parsing: updated file: enpal_assessment_project://models/bronze_raw/activity_types.sql
[0m02:29:52.089870 [debug] [MainThread]: Partial parsing: updated file: enpal_assessment_project://models/bronze_raw/deal_changes.sql
[0m02:29:52.278863 [debug] [MainThread]: Sending event: {'category': 'dbt', 'action': 'load_project', 'label': 'a3f7419d-4dc4-4aff-a5d3-d91716876d3b', 'context': [<snowplow_tracker.self_describing_json.SelfDescribingJson object at 0x10e47b2b0>]}
[0m02:29:52.331791 [debug] [MainThread]: Wrote artifact WritableManifest to /Users/rajukaju/Projects/dbt_enpal_assessment/target/manifest.json
[0m02:29:52.333101 [debug] [MainThread]: Wrote artifact SemanticManifest to /Users/rajukaju/Projects/dbt_enpal_assessment/target/semantic_manifest.json
[0m02:29:52.344490 [debug] [MainThread]: Sending event: {'category': 'dbt', 'action': 'resource_counts', 'label': 'a3f7419d-4dc4-4aff-a5d3-d91716876d3b', 'context': [<snowplow_tracker.self_describing_json.SelfDescribingJson object at 0x10daa05b0>]}
[0m02:29:52.344786 [info ] [MainThread]: Found 6 models, 6 sources, 447 macros
[0m02:29:52.344984 [debug] [MainThread]: Sending event: {'category': 'dbt', 'action': 'runnable_timing', 'label': 'a3f7419d-4dc4-4aff-a5d3-d91716876d3b', 'context': [<snowplow_tracker.self_describing_json.SelfDescribingJson object at 0x10d344a30>]}
[0m02:29:52.345770 [info ] [MainThread]: 
[0m02:29:52.345957 [info ] [MainThread]: Concurrency: 1 threads (target='dev')
[0m02:29:52.346116 [info ] [MainThread]: 
[0m02:29:52.346384 [debug] [MainThread]: Acquiring new postgres connection 'master'
[0m02:29:52.346835 [debug] [ThreadPool]: Acquiring new postgres connection 'list_postgres'
[0m02:29:52.384026 [debug] [ThreadPool]: Using postgres connection "list_postgres"
[0m02:29:52.384292 [debug] [ThreadPool]: On list_postgres: /* {"app": "dbt", "dbt_version": "1.10.19", "profile_name": "enpal_assessment_project", "target_name": "dev", "connection_name": "list_postgres"} */

    select distinct nspname from pg_namespace
  
[0m02:29:52.384450 [debug] [ThreadPool]: Opening a new connection, currently in state init
[0m02:29:52.427905 [debug] [ThreadPool]: SQL status: SELECT 5 in 0.043 seconds
[0m02:29:52.428771 [debug] [ThreadPool]: On list_postgres: Close
[0m02:29:52.432009 [debug] [ThreadPool]: Re-using an available connection from the pool (formerly list_postgres, now list_postgres_public_pipedrive_analytics)
[0m02:29:52.436790 [debug] [ThreadPool]: Using postgres connection "list_postgres_public_pipedrive_analytics"
[0m02:29:52.437018 [debug] [ThreadPool]: On list_postgres_public_pipedrive_analytics: BEGIN
[0m02:29:52.437195 [debug] [ThreadPool]: Opening a new connection, currently in state closed
[0m02:29:52.446051 [debug] [ThreadPool]: SQL status: BEGIN in 0.009 seconds
[0m02:29:52.446334 [debug] [ThreadPool]: Using postgres connection "list_postgres_public_pipedrive_analytics"
[0m02:29:52.446543 [debug] [ThreadPool]: On list_postgres_public_pipedrive_analytics: /* {"app": "dbt", "dbt_version": "1.10.19", "profile_name": "enpal_assessment_project", "target_name": "dev", "connection_name": "list_postgres_public_pipedrive_analytics"} */
select
      'postgres' as database,
      tablename as name,
      schemaname as schema,
      'table' as type
    from pg_tables
    where schemaname ilike 'public_pipedrive_analytics'
    union all
    select
      'postgres' as database,
      viewname as name,
      schemaname as schema,
      'view' as type
    from pg_views
    where schemaname ilike 'public_pipedrive_analytics'
    union all
    select
      'postgres' as database,
      matviewname as name,
      schemaname as schema,
      'materialized_view' as type
    from pg_matviews
    where schemaname ilike 'public_pipedrive_analytics'
  
[0m02:29:52.449632 [debug] [ThreadPool]: SQL status: SELECT 6 in 0.003 seconds
[0m02:29:52.450614 [debug] [ThreadPool]: On list_postgres_public_pipedrive_analytics: ROLLBACK
[0m02:29:52.451131 [debug] [ThreadPool]: On list_postgres_public_pipedrive_analytics: Close
[0m02:29:52.455569 [debug] [MainThread]: Using postgres connection "master"
[0m02:29:52.455827 [debug] [MainThread]: On master: BEGIN
[0m02:29:52.456002 [debug] [MainThread]: Opening a new connection, currently in state init
[0m02:29:52.463507 [debug] [MainThread]: SQL status: BEGIN in 0.007 seconds
[0m02:29:52.463756 [debug] [MainThread]: Using postgres connection "master"
[0m02:29:52.464001 [debug] [MainThread]: On master: /* {"app": "dbt", "dbt_version": "1.10.19", "profile_name": "enpal_assessment_project", "target_name": "dev", "connection_name": "master"} */
select distinct
        dependent_namespace.nspname as dependent_schema,
        dependent_class.relname as dependent_name,
        referenced_namespace.nspname as referenced_schema,
        referenced_class.relname as referenced_name

    -- Query for views: views are entries in pg_class with an entry in pg_rewrite, but we avoid
    -- a seq scan on pg_rewrite by leveraging the fact there is an "internal" row in pg_depend for
    -- the view...
    from pg_class as dependent_class
    join pg_namespace as dependent_namespace on dependent_namespace.oid = dependent_class.relnamespace
    join pg_depend as dependent_depend on dependent_depend.refobjid = dependent_class.oid
        and dependent_depend.classid = 'pg_rewrite'::regclass
        and dependent_depend.refclassid = 'pg_class'::regclass
        and dependent_depend.deptype = 'i'

    -- ... and via pg_depend (that has a row per column, hence the need for "distinct" above, and
    -- making sure to exclude the internal row to avoid a view appearing to depend on itself)...
    join pg_depend as joining_depend on joining_depend.objid = dependent_depend.objid
        and joining_depend.classid = 'pg_rewrite'::regclass
        and joining_depend.refclassid = 'pg_class'::regclass
        and joining_depend.refobjid != dependent_depend.refobjid

    -- ... we can find the tables they query from in pg_class, but excluding system tables. Note we
    -- don't need need to exclude _dependent_ system tables, because they only query from other
    -- system tables, and so are automatically excluded by excluding _referenced_ system tables
    join pg_class as referenced_class on referenced_class.oid = joining_depend.refobjid
    join pg_namespace as referenced_namespace on referenced_namespace.oid = referenced_class.relnamespace
        and referenced_namespace.nspname != 'information_schema'
        and referenced_namespace.nspname not like 'pg\_%'

    order by
        dependent_schema, dependent_name, referenced_schema, referenced_name;
[0m02:29:52.466585 [debug] [MainThread]: SQL status: SELECT 0 in 0.002 seconds
[0m02:29:52.467401 [debug] [MainThread]: Sending event: {'category': 'dbt', 'action': 'runnable_timing', 'label': 'a3f7419d-4dc4-4aff-a5d3-d91716876d3b', 'context': [<snowplow_tracker.self_describing_json.SelfDescribingJson object at 0x10e4b6f40>]}
[0m02:29:52.467718 [debug] [MainThread]: On master: ROLLBACK
[0m02:29:52.468199 [debug] [MainThread]: Using postgres connection "master"
[0m02:29:52.468386 [debug] [MainThread]: On master: BEGIN
[0m02:29:52.469104 [debug] [MainThread]: SQL status: BEGIN in 0.001 seconds
[0m02:29:52.469330 [debug] [MainThread]: On master: COMMIT
[0m02:29:52.469530 [debug] [MainThread]: Using postgres connection "master"
[0m02:29:52.469714 [debug] [MainThread]: On master: COMMIT
[0m02:29:52.470180 [debug] [MainThread]: SQL status: COMMIT in 0.000 seconds
[0m02:29:52.470371 [debug] [MainThread]: On master: Close
[0m02:29:52.472098 [debug] [Thread-1  ]: Began running node model.enpal_assessment_project.deal_changes
[0m02:29:52.472475 [info ] [Thread-1  ]: 1 of 1 START sql table model public_pipedrive_analytics.deal_changes ........... [RUN]
[0m02:29:52.472787 [debug] [Thread-1  ]: Re-using an available connection from the pool (formerly list_postgres_public_pipedrive_analytics, now model.enpal_assessment_project.deal_changes)
[0m02:29:52.473034 [debug] [Thread-1  ]: Began compiling node model.enpal_assessment_project.deal_changes
[0m02:29:52.479634 [debug] [Thread-1  ]: Writing injected SQL for node "model.enpal_assessment_project.deal_changes"
[0m02:29:52.480110 [debug] [Thread-1  ]: Began executing node model.enpal_assessment_project.deal_changes
[0m02:29:52.506533 [debug] [Thread-1  ]: Writing runtime sql for node "model.enpal_assessment_project.deal_changes"
[0m02:29:52.507263 [debug] [Thread-1  ]: Using postgres connection "model.enpal_assessment_project.deal_changes"
[0m02:29:52.507483 [debug] [Thread-1  ]: On model.enpal_assessment_project.deal_changes: BEGIN
[0m02:29:52.507686 [debug] [Thread-1  ]: Opening a new connection, currently in state closed
[0m02:29:52.522749 [debug] [Thread-1  ]: SQL status: BEGIN in 0.015 seconds
[0m02:29:52.523129 [debug] [Thread-1  ]: Using postgres connection "model.enpal_assessment_project.deal_changes"
[0m02:29:52.523379 [debug] [Thread-1  ]: On model.enpal_assessment_project.deal_changes: /* {"app": "dbt", "dbt_version": "1.10.19", "profile_name": "enpal_assessment_project", "target_name": "dev", "node_id": "model.enpal_assessment_project.deal_changes"} */

  
    

  create  table "postgres"."public_pipedrive_analytics"."deal_changes__dbt_tmp"
  
  
    as
  
  (
    


SELECT 
    DC.deal_id, 
    DC.change_time, 
    DC.changed_field_key, 
    DC.new_value 
FROM "postgres"."public"."deal_changes"DC
  );
  
[0m02:29:52.538714 [debug] [Thread-1  ]: SQL status: SELECT 15406 in 0.015 seconds
[0m02:29:52.547299 [debug] [Thread-1  ]: Using postgres connection "model.enpal_assessment_project.deal_changes"
[0m02:29:52.547621 [debug] [Thread-1  ]: On model.enpal_assessment_project.deal_changes: /* {"app": "dbt", "dbt_version": "1.10.19", "profile_name": "enpal_assessment_project", "target_name": "dev", "node_id": "model.enpal_assessment_project.deal_changes"} */
alter table "postgres"."public_pipedrive_analytics"."deal_changes" rename to "deal_changes__dbt_backup"
[0m02:29:52.548714 [debug] [Thread-1  ]: SQL status: ALTER TABLE in 0.001 seconds
[0m02:29:52.552028 [debug] [Thread-1  ]: Using postgres connection "model.enpal_assessment_project.deal_changes"
[0m02:29:52.552318 [debug] [Thread-1  ]: On model.enpal_assessment_project.deal_changes: /* {"app": "dbt", "dbt_version": "1.10.19", "profile_name": "enpal_assessment_project", "target_name": "dev", "node_id": "model.enpal_assessment_project.deal_changes"} */
alter table "postgres"."public_pipedrive_analytics"."deal_changes__dbt_tmp" rename to "deal_changes"
[0m02:29:52.553514 [debug] [Thread-1  ]: SQL status: ALTER TABLE in 0.001 seconds
[0m02:29:52.565631 [debug] [Thread-1  ]: On model.enpal_assessment_project.deal_changes: COMMIT
[0m02:29:52.565904 [debug] [Thread-1  ]: Using postgres connection "model.enpal_assessment_project.deal_changes"
[0m02:29:52.566124 [debug] [Thread-1  ]: On model.enpal_assessment_project.deal_changes: COMMIT
[0m02:29:52.569059 [debug] [Thread-1  ]: SQL status: COMMIT in 0.003 seconds
[0m02:29:52.573955 [debug] [Thread-1  ]: Applying DROP to: "postgres"."public_pipedrive_analytics"."deal_changes__dbt_backup"
[0m02:29:52.576999 [debug] [Thread-1  ]: Using postgres connection "model.enpal_assessment_project.deal_changes"
[0m02:29:52.577243 [debug] [Thread-1  ]: On model.enpal_assessment_project.deal_changes: /* {"app": "dbt", "dbt_version": "1.10.19", "profile_name": "enpal_assessment_project", "target_name": "dev", "node_id": "model.enpal_assessment_project.deal_changes"} */
drop table if exists "postgres"."public_pipedrive_analytics"."deal_changes__dbt_backup" cascade
[0m02:29:52.581046 [debug] [Thread-1  ]: SQL status: DROP TABLE in 0.004 seconds
[0m02:29:52.582769 [debug] [Thread-1  ]: On model.enpal_assessment_project.deal_changes: Close
[0m02:29:52.584218 [debug] [Thread-1  ]: Sending event: {'category': 'dbt', 'action': 'run_model', 'label': 'a3f7419d-4dc4-4aff-a5d3-d91716876d3b', 'context': [<snowplow_tracker.self_describing_json.SelfDescribingJson object at 0x10e957580>]}
[0m02:29:52.584658 [info ] [Thread-1  ]: 1 of 1 OK created sql table model public_pipedrive_analytics.deal_changes ...... [[32mSELECT 15406[0m in 0.11s]
[0m02:29:52.585111 [debug] [Thread-1  ]: Finished running node model.enpal_assessment_project.deal_changes
[0m02:29:52.585790 [debug] [MainThread]: Using postgres connection "master"
[0m02:29:52.585993 [debug] [MainThread]: On master: BEGIN
[0m02:29:52.586161 [debug] [MainThread]: Opening a new connection, currently in state closed
[0m02:29:52.594734 [debug] [MainThread]: SQL status: BEGIN in 0.009 seconds
[0m02:29:52.595005 [debug] [MainThread]: On master: COMMIT
[0m02:29:52.595198 [debug] [MainThread]: Using postgres connection "master"
[0m02:29:52.595376 [debug] [MainThread]: On master: COMMIT
[0m02:29:52.595871 [debug] [MainThread]: SQL status: COMMIT in 0.000 seconds
[0m02:29:52.596078 [debug] [MainThread]: On master: Close
[0m02:29:52.596360 [debug] [MainThread]: Connection 'master' was properly closed.
[0m02:29:52.596542 [debug] [MainThread]: Connection 'model.enpal_assessment_project.deal_changes' was properly closed.
[0m02:29:52.596736 [info ] [MainThread]: 
[0m02:29:52.596946 [info ] [MainThread]: Finished running 1 table model in 0 hours 0 minutes and 0.25 seconds (0.25s).
[0m02:29:52.597398 [debug] [MainThread]: Command end result
[0m02:29:52.614624 [debug] [MainThread]: Wrote artifact WritableManifest to /Users/rajukaju/Projects/dbt_enpal_assessment/target/manifest.json
[0m02:29:52.616029 [debug] [MainThread]: Wrote artifact SemanticManifest to /Users/rajukaju/Projects/dbt_enpal_assessment/target/semantic_manifest.json
[0m02:29:52.621998 [debug] [MainThread]: Wrote artifact RunExecutionResult to /Users/rajukaju/Projects/dbt_enpal_assessment/target/run_results.json
[0m02:29:52.622264 [info ] [MainThread]: 
[0m02:29:52.622512 [info ] [MainThread]: [32mCompleted successfully[0m
[0m02:29:52.622687 [info ] [MainThread]: 
[0m02:29:52.622873 [info ] [MainThread]: Done. PASS=1 WARN=0 ERROR=0 SKIP=0 NO-OP=0 TOTAL=1
[0m02:29:52.625086 [debug] [MainThread]: Resource report: {"command_name": "run", "command_success": true, "command_wall_clock_time": 0.9107308, "process_in_blocks": "0", "process_kernel_time": 0.233568, "process_mem_max_rss": "129646592", "process_out_blocks": "0", "process_user_time": 1.440804}
[0m02:29:52.625369 [debug] [MainThread]: Command `dbt run` succeeded at 02:29:52.625315 after 0.91 seconds
[0m02:29:52.625598 [debug] [MainThread]: Sending event: {'category': 'dbt', 'action': 'invocation', 'label': 'end', 'context': [<snowplow_tracker.self_describing_json.SelfDescribingJson object at 0x10c365250>, <snowplow_tracker.self_describing_json.SelfDescribingJson object at 0x10d8f78e0>, <snowplow_tracker.self_describing_json.SelfDescribingJson object at 0x10daa0100>]}
[0m02:29:52.625823 [debug] [MainThread]: Flushing usage events
[0m02:29:54.178379 [debug] [MainThread]: An error was encountered while trying to flush usage events
[0m02:31:06.505953 [debug] [MainThread]: Sending event: {'category': 'dbt', 'action': 'invocation', 'label': 'start', 'context': [<snowplow_tracker.self_describing_json.SelfDescribingJson object at 0x10bb15250>, <snowplow_tracker.self_describing_json.SelfDescribingJson object at 0x10cb93f10>, <snowplow_tracker.self_describing_json.SelfDescribingJson object at 0x10cb93190>]}


============================== 02:31:06.508967 | df470b4f-106e-4398-bfe2-2bae02f4d485 ==============================
[0m02:31:06.508967 [info ] [MainThread]: Running with dbt=1.10.19
[0m02:31:06.509325 [debug] [MainThread]: running dbt with arguments {'log_cache_events': 'False', 'warn_error_options': 'WarnErrorOptionsV2(error=[], warn=[], silence=[])', 'printer_width': '80', 'warn_error': 'None', 'indirect_selection': 'eager', 'version_check': 'True', 'log_path': '/Users/rajukaju/Projects/dbt_enpal_assessment/logs', 'profiles_dir': '/Users/rajukaju/Projects/dbt_enpal_assessment', 'no_print': 'None', 'debug': 'False', 'partial_parse': 'True', 'cache_selected_only': 'False', 'use_experimental_parser': 'False', 'use_colors': 'True', 'static_parser': 'True', 'invocation_command': 'dbt run -s fields.sql', 'write_json': 'True', 'send_anonymous_usage_stats': 'True', 'introspect': 'True', 'target_path': 'None', 'quiet': 'False', 'fail_fast': 'False', 'empty': 'False', 'log_format': 'default'}
[0m02:31:06.636779 [debug] [MainThread]: Sending event: {'category': 'dbt', 'action': 'project_id', 'label': 'df470b4f-106e-4398-bfe2-2bae02f4d485', 'context': [<snowplow_tracker.self_describing_json.SelfDescribingJson object at 0x10a2688b0>]}
[0m02:31:06.673928 [debug] [MainThread]: Sending event: {'category': 'dbt', 'action': 'adapter_info', 'label': 'df470b4f-106e-4398-bfe2-2bae02f4d485', 'context': [<snowplow_tracker.self_describing_json.SelfDescribingJson object at 0x10cb6e4c0>]}
[0m02:31:06.674661 [info ] [MainThread]: Registered adapter: postgres=1.9.1
[0m02:31:06.749842 [debug] [MainThread]: checksum: c35ba6d374a0901ceb00688d5179d5550885e1756283b03e5e81c28e0d8d2248, vars: {}, profile: , target: , version: 1.10.19
[0m02:31:06.845276 [debug] [MainThread]: Partial parsing enabled: 0 files deleted, 0 files added, 1 files changed.
[0m02:31:06.845655 [debug] [MainThread]: Partial parsing: updated file: enpal_assessment_project://models/bronze_raw/fields.sql
[0m02:31:07.029999 [debug] [MainThread]: Sending event: {'category': 'dbt', 'action': 'load_project', 'label': 'df470b4f-106e-4398-bfe2-2bae02f4d485', 'context': [<snowplow_tracker.self_describing_json.SelfDescribingJson object at 0x10a62c640>]}
[0m02:31:07.082628 [debug] [MainThread]: Wrote artifact WritableManifest to /Users/rajukaju/Projects/dbt_enpal_assessment/target/manifest.json
[0m02:31:07.083921 [debug] [MainThread]: Wrote artifact SemanticManifest to /Users/rajukaju/Projects/dbt_enpal_assessment/target/semantic_manifest.json
[0m02:31:07.095513 [debug] [MainThread]: Sending event: {'category': 'dbt', 'action': 'resource_counts', 'label': 'df470b4f-106e-4398-bfe2-2bae02f4d485', 'context': [<snowplow_tracker.self_describing_json.SelfDescribingJson object at 0x10d076910>]}
[0m02:31:07.095808 [info ] [MainThread]: Found 6 models, 6 sources, 447 macros
[0m02:31:07.096000 [debug] [MainThread]: Sending event: {'category': 'dbt', 'action': 'runnable_timing', 'label': 'df470b4f-106e-4398-bfe2-2bae02f4d485', 'context': [<snowplow_tracker.self_describing_json.SelfDescribingJson object at 0x10d099910>]}
[0m02:31:07.096760 [info ] [MainThread]: 
[0m02:31:07.096951 [info ] [MainThread]: Concurrency: 1 threads (target='dev')
[0m02:31:07.097112 [info ] [MainThread]: 
[0m02:31:07.097380 [debug] [MainThread]: Acquiring new postgres connection 'master'
[0m02:31:07.097832 [debug] [ThreadPool]: Acquiring new postgres connection 'list_postgres'
[0m02:31:07.134650 [debug] [ThreadPool]: Using postgres connection "list_postgres"
[0m02:31:07.134897 [debug] [ThreadPool]: On list_postgres: /* {"app": "dbt", "dbt_version": "1.10.19", "profile_name": "enpal_assessment_project", "target_name": "dev", "connection_name": "list_postgres"} */

    select distinct nspname from pg_namespace
  
[0m02:31:07.135053 [debug] [ThreadPool]: Opening a new connection, currently in state init
[0m02:31:07.179854 [debug] [ThreadPool]: SQL status: SELECT 5 in 0.045 seconds
[0m02:31:07.180758 [debug] [ThreadPool]: On list_postgres: Close
[0m02:31:07.184266 [debug] [ThreadPool]: Re-using an available connection from the pool (formerly list_postgres, now list_postgres_public_pipedrive_analytics)
[0m02:31:07.188865 [debug] [ThreadPool]: Using postgres connection "list_postgres_public_pipedrive_analytics"
[0m02:31:07.189073 [debug] [ThreadPool]: On list_postgres_public_pipedrive_analytics: BEGIN
[0m02:31:07.189243 [debug] [ThreadPool]: Opening a new connection, currently in state closed
[0m02:31:07.200833 [debug] [ThreadPool]: SQL status: BEGIN in 0.012 seconds
[0m02:31:07.201110 [debug] [ThreadPool]: Using postgres connection "list_postgres_public_pipedrive_analytics"
[0m02:31:07.201334 [debug] [ThreadPool]: On list_postgres_public_pipedrive_analytics: /* {"app": "dbt", "dbt_version": "1.10.19", "profile_name": "enpal_assessment_project", "target_name": "dev", "connection_name": "list_postgres_public_pipedrive_analytics"} */
select
      'postgres' as database,
      tablename as name,
      schemaname as schema,
      'table' as type
    from pg_tables
    where schemaname ilike 'public_pipedrive_analytics'
    union all
    select
      'postgres' as database,
      viewname as name,
      schemaname as schema,
      'view' as type
    from pg_views
    where schemaname ilike 'public_pipedrive_analytics'
    union all
    select
      'postgres' as database,
      matviewname as name,
      schemaname as schema,
      'materialized_view' as type
    from pg_matviews
    where schemaname ilike 'public_pipedrive_analytics'
  
[0m02:31:07.204550 [debug] [ThreadPool]: SQL status: SELECT 6 in 0.003 seconds
[0m02:31:07.205534 [debug] [ThreadPool]: On list_postgres_public_pipedrive_analytics: ROLLBACK
[0m02:31:07.206020 [debug] [ThreadPool]: On list_postgres_public_pipedrive_analytics: Close
[0m02:31:07.210950 [debug] [MainThread]: Using postgres connection "master"
[0m02:31:07.211228 [debug] [MainThread]: On master: BEGIN
[0m02:31:07.211415 [debug] [MainThread]: Opening a new connection, currently in state init
[0m02:31:07.219624 [debug] [MainThread]: SQL status: BEGIN in 0.008 seconds
[0m02:31:07.219897 [debug] [MainThread]: Using postgres connection "master"
[0m02:31:07.220164 [debug] [MainThread]: On master: /* {"app": "dbt", "dbt_version": "1.10.19", "profile_name": "enpal_assessment_project", "target_name": "dev", "connection_name": "master"} */
select distinct
        dependent_namespace.nspname as dependent_schema,
        dependent_class.relname as dependent_name,
        referenced_namespace.nspname as referenced_schema,
        referenced_class.relname as referenced_name

    -- Query for views: views are entries in pg_class with an entry in pg_rewrite, but we avoid
    -- a seq scan on pg_rewrite by leveraging the fact there is an "internal" row in pg_depend for
    -- the view...
    from pg_class as dependent_class
    join pg_namespace as dependent_namespace on dependent_namespace.oid = dependent_class.relnamespace
    join pg_depend as dependent_depend on dependent_depend.refobjid = dependent_class.oid
        and dependent_depend.classid = 'pg_rewrite'::regclass
        and dependent_depend.refclassid = 'pg_class'::regclass
        and dependent_depend.deptype = 'i'

    -- ... and via pg_depend (that has a row per column, hence the need for "distinct" above, and
    -- making sure to exclude the internal row to avoid a view appearing to depend on itself)...
    join pg_depend as joining_depend on joining_depend.objid = dependent_depend.objid
        and joining_depend.classid = 'pg_rewrite'::regclass
        and joining_depend.refclassid = 'pg_class'::regclass
        and joining_depend.refobjid != dependent_depend.refobjid

    -- ... we can find the tables they query from in pg_class, but excluding system tables. Note we
    -- don't need need to exclude _dependent_ system tables, because they only query from other
    -- system tables, and so are automatically excluded by excluding _referenced_ system tables
    join pg_class as referenced_class on referenced_class.oid = joining_depend.refobjid
    join pg_namespace as referenced_namespace on referenced_namespace.oid = referenced_class.relnamespace
        and referenced_namespace.nspname != 'information_schema'
        and referenced_namespace.nspname not like 'pg\_%'

    order by
        dependent_schema, dependent_name, referenced_schema, referenced_name;
[0m02:31:07.223395 [debug] [MainThread]: SQL status: SELECT 0 in 0.003 seconds
[0m02:31:07.224220 [debug] [MainThread]: Sending event: {'category': 'dbt', 'action': 'runnable_timing', 'label': 'df470b4f-106e-4398-bfe2-2bae02f4d485', 'context': [<snowplow_tracker.self_describing_json.SelfDescribingJson object at 0x10db22d00>]}
[0m02:31:07.224525 [debug] [MainThread]: On master: ROLLBACK
[0m02:31:07.225038 [debug] [MainThread]: Using postgres connection "master"
[0m02:31:07.225228 [debug] [MainThread]: On master: BEGIN
[0m02:31:07.225896 [debug] [MainThread]: SQL status: BEGIN in 0.000 seconds
[0m02:31:07.226083 [debug] [MainThread]: On master: COMMIT
[0m02:31:07.226260 [debug] [MainThread]: Using postgres connection "master"
[0m02:31:07.226430 [debug] [MainThread]: On master: COMMIT
[0m02:31:07.226820 [debug] [MainThread]: SQL status: COMMIT in 0.000 seconds
[0m02:31:07.227031 [debug] [MainThread]: On master: Close
[0m02:31:07.229348 [debug] [Thread-1  ]: Began running node model.enpal_assessment_project.fields
[0m02:31:07.229738 [info ] [Thread-1  ]: 1 of 1 START sql table model public_pipedrive_analytics.fields ................. [RUN]
[0m02:31:07.230047 [debug] [Thread-1  ]: Re-using an available connection from the pool (formerly list_postgres_public_pipedrive_analytics, now model.enpal_assessment_project.fields)
[0m02:31:07.230282 [debug] [Thread-1  ]: Began compiling node model.enpal_assessment_project.fields
[0m02:31:07.236732 [debug] [Thread-1  ]: Writing injected SQL for node "model.enpal_assessment_project.fields"
[0m02:31:07.237360 [debug] [Thread-1  ]: Began executing node model.enpal_assessment_project.fields
[0m02:31:07.265080 [debug] [Thread-1  ]: Writing runtime sql for node "model.enpal_assessment_project.fields"
[0m02:31:07.265781 [debug] [Thread-1  ]: Using postgres connection "model.enpal_assessment_project.fields"
[0m02:31:07.266034 [debug] [Thread-1  ]: On model.enpal_assessment_project.fields: BEGIN
[0m02:31:07.266262 [debug] [Thread-1  ]: Opening a new connection, currently in state closed
[0m02:31:07.279371 [debug] [Thread-1  ]: SQL status: BEGIN in 0.013 seconds
[0m02:31:07.279701 [debug] [Thread-1  ]: Using postgres connection "model.enpal_assessment_project.fields"
[0m02:31:07.279934 [debug] [Thread-1  ]: On model.enpal_assessment_project.fields: /* {"app": "dbt", "dbt_version": "1.10.19", "profile_name": "enpal_assessment_project", "target_name": "dev", "node_id": "model.enpal_assessment_project.fields"} */

  
    

  create  table "postgres"."public_pipedrive_analytics"."fields__dbt_tmp"
  
  
    as
  
  (
    SELECT 
    F.id, 
    F.field_key, 
    F.name, 
    F.field_value_options 
FROM "postgres"."public"."fields" F
  );
  
[0m02:31:07.294698 [debug] [Thread-1  ]: SQL status: SELECT 4 in 0.014 seconds
[0m02:31:07.302235 [debug] [Thread-1  ]: Using postgres connection "model.enpal_assessment_project.fields"
[0m02:31:07.302529 [debug] [Thread-1  ]: On model.enpal_assessment_project.fields: /* {"app": "dbt", "dbt_version": "1.10.19", "profile_name": "enpal_assessment_project", "target_name": "dev", "node_id": "model.enpal_assessment_project.fields"} */
alter table "postgres"."public_pipedrive_analytics"."fields" rename to "fields__dbt_backup"
[0m02:31:07.303541 [debug] [Thread-1  ]: SQL status: ALTER TABLE in 0.001 seconds
[0m02:31:07.306090 [debug] [Thread-1  ]: Using postgres connection "model.enpal_assessment_project.fields"
[0m02:31:07.306339 [debug] [Thread-1  ]: On model.enpal_assessment_project.fields: /* {"app": "dbt", "dbt_version": "1.10.19", "profile_name": "enpal_assessment_project", "target_name": "dev", "node_id": "model.enpal_assessment_project.fields"} */
alter table "postgres"."public_pipedrive_analytics"."fields__dbt_tmp" rename to "fields"
[0m02:31:07.306982 [debug] [Thread-1  ]: SQL status: ALTER TABLE in 0.000 seconds
[0m02:31:07.320062 [debug] [Thread-1  ]: On model.enpal_assessment_project.fields: COMMIT
[0m02:31:07.320337 [debug] [Thread-1  ]: Using postgres connection "model.enpal_assessment_project.fields"
[0m02:31:07.320565 [debug] [Thread-1  ]: On model.enpal_assessment_project.fields: COMMIT
[0m02:31:07.322735 [debug] [Thread-1  ]: SQL status: COMMIT in 0.002 seconds
[0m02:31:07.327248 [debug] [Thread-1  ]: Applying DROP to: "postgres"."public_pipedrive_analytics"."fields__dbt_backup"
[0m02:31:07.330284 [debug] [Thread-1  ]: Using postgres connection "model.enpal_assessment_project.fields"
[0m02:31:07.330519 [debug] [Thread-1  ]: On model.enpal_assessment_project.fields: /* {"app": "dbt", "dbt_version": "1.10.19", "profile_name": "enpal_assessment_project", "target_name": "dev", "node_id": "model.enpal_assessment_project.fields"} */
drop table if exists "postgres"."public_pipedrive_analytics"."fields__dbt_backup" cascade
[0m02:31:07.334702 [debug] [Thread-1  ]: SQL status: DROP TABLE in 0.004 seconds
[0m02:31:07.336324 [debug] [Thread-1  ]: On model.enpal_assessment_project.fields: Close
[0m02:31:07.337706 [debug] [Thread-1  ]: Sending event: {'category': 'dbt', 'action': 'run_model', 'label': 'df470b4f-106e-4398-bfe2-2bae02f4d485', 'context': [<snowplow_tracker.self_describing_json.SelfDescribingJson object at 0x10e0c8e20>]}
[0m02:31:07.338152 [info ] [Thread-1  ]: 1 of 1 OK created sql table model public_pipedrive_analytics.fields ............ [[32mSELECT 4[0m in 0.11s]
[0m02:31:07.338506 [debug] [Thread-1  ]: Finished running node model.enpal_assessment_project.fields
[0m02:31:07.339127 [debug] [MainThread]: Using postgres connection "master"
[0m02:31:07.339335 [debug] [MainThread]: On master: BEGIN
[0m02:31:07.339505 [debug] [MainThread]: Opening a new connection, currently in state closed
[0m02:31:07.348943 [debug] [MainThread]: SQL status: BEGIN in 0.009 seconds
[0m02:31:07.349177 [debug] [MainThread]: On master: COMMIT
[0m02:31:07.349363 [debug] [MainThread]: Using postgres connection "master"
[0m02:31:07.349536 [debug] [MainThread]: On master: COMMIT
[0m02:31:07.349952 [debug] [MainThread]: SQL status: COMMIT in 0.000 seconds
[0m02:31:07.350138 [debug] [MainThread]: On master: Close
[0m02:31:07.350408 [debug] [MainThread]: Connection 'master' was properly closed.
[0m02:31:07.350592 [debug] [MainThread]: Connection 'model.enpal_assessment_project.fields' was properly closed.
[0m02:31:07.350784 [info ] [MainThread]: 
[0m02:31:07.350988 [info ] [MainThread]: Finished running 1 table model in 0 hours 0 minutes and 0.25 seconds (0.25s).
[0m02:31:07.351426 [debug] [MainThread]: Command end result
[0m02:31:07.404398 [debug] [MainThread]: Wrote artifact WritableManifest to /Users/rajukaju/Projects/dbt_enpal_assessment/target/manifest.json
[0m02:31:07.408145 [debug] [MainThread]: Wrote artifact SemanticManifest to /Users/rajukaju/Projects/dbt_enpal_assessment/target/semantic_manifest.json
[0m02:31:07.413464 [debug] [MainThread]: Wrote artifact RunExecutionResult to /Users/rajukaju/Projects/dbt_enpal_assessment/target/run_results.json
[0m02:31:07.413730 [info ] [MainThread]: 
[0m02:31:07.413986 [info ] [MainThread]: [32mCompleted successfully[0m
[0m02:31:07.414172 [info ] [MainThread]: 
[0m02:31:07.414370 [info ] [MainThread]: Done. PASS=1 WARN=0 ERROR=0 SKIP=0 NO-OP=0 TOTAL=1
[0m02:31:07.416683 [debug] [MainThread]: Resource report: {"command_name": "run", "command_success": true, "command_wall_clock_time": 0.9584477, "process_in_blocks": "0", "process_kernel_time": 0.228366, "process_mem_max_rss": "128221184", "process_out_blocks": "0", "process_user_time": 1.442439}
[0m02:31:07.416944 [debug] [MainThread]: Command `dbt run` succeeded at 02:31:07.416893 after 0.96 seconds
[0m02:31:07.417175 [debug] [MainThread]: Sending event: {'category': 'dbt', 'action': 'invocation', 'label': 'end', 'context': [<snowplow_tracker.self_describing_json.SelfDescribingJson object at 0x10bb15250>, <snowplow_tracker.self_describing_json.SelfDescribingJson object at 0x10d0a78e0>, <snowplow_tracker.self_describing_json.SelfDescribingJson object at 0x10d076e20>]}
[0m02:31:07.417414 [debug] [MainThread]: Flushing usage events
[0m02:31:08.267311 [debug] [MainThread]: An error was encountered while trying to flush usage events
[0m02:32:44.504633 [debug] [MainThread]: Sending event: {'category': 'dbt', 'action': 'invocation', 'label': 'start', 'context': [<snowplow_tracker.self_describing_json.SelfDescribingJson object at 0x10c3d5250>, <snowplow_tracker.self_describing_json.SelfDescribingJson object at 0x10d453f10>, <snowplow_tracker.self_describing_json.SelfDescribingJson object at 0x10d453190>]}


============================== 02:32:44.507650 | 68016dc3-0d40-447a-94fd-94912a7a071c ==============================
[0m02:32:44.507650 [info ] [MainThread]: Running with dbt=1.10.19
[0m02:32:44.508002 [debug] [MainThread]: running dbt with arguments {'invocation_command': 'dbt run -s stages.sql', 'cache_selected_only': 'False', 'fail_fast': 'False', 'static_parser': 'True', 'empty': 'False', 'profiles_dir': '/Users/rajukaju/Projects/dbt_enpal_assessment', 'no_print': 'None', 'quiet': 'False', 'debug': 'False', 'use_colors': 'True', 'log_path': '/Users/rajukaju/Projects/dbt_enpal_assessment/logs', 'indirect_selection': 'eager', 'send_anonymous_usage_stats': 'True', 'log_cache_events': 'False', 'version_check': 'True', 'target_path': 'None', 'log_format': 'default', 'warn_error': 'None', 'use_experimental_parser': 'False', 'write_json': 'True', 'introspect': 'True', 'warn_error_options': 'WarnErrorOptionsV2(error=[], warn=[], silence=[])', 'partial_parse': 'True', 'printer_width': '80'}
[0m02:32:44.626898 [debug] [MainThread]: Sending event: {'category': 'dbt', 'action': 'project_id', 'label': '68016dc3-0d40-447a-94fd-94912a7a071c', 'context': [<snowplow_tracker.self_describing_json.SelfDescribingJson object at 0x10ab288b0>]}
[0m02:32:44.663391 [debug] [MainThread]: Sending event: {'category': 'dbt', 'action': 'adapter_info', 'label': '68016dc3-0d40-447a-94fd-94912a7a071c', 'context': [<snowplow_tracker.self_describing_json.SelfDescribingJson object at 0x10d42e4c0>]}
[0m02:32:44.664120 [info ] [MainThread]: Registered adapter: postgres=1.9.1
[0m02:32:44.736974 [debug] [MainThread]: checksum: c35ba6d374a0901ceb00688d5179d5550885e1756283b03e5e81c28e0d8d2248, vars: {}, profile: , target: , version: 1.10.19
[0m02:32:44.832169 [debug] [MainThread]: Partial parsing enabled: 0 files deleted, 0 files added, 2 files changed.
[0m02:32:44.832537 [debug] [MainThread]: Partial parsing: updated file: enpal_assessment_project://models/bronze_raw/stages.sql
[0m02:32:44.832763 [debug] [MainThread]: Partial parsing: updated file: enpal_assessment_project://models/bronze_raw/users.sql
[0m02:32:45.021731 [debug] [MainThread]: Sending event: {'category': 'dbt', 'action': 'load_project', 'label': '68016dc3-0d40-447a-94fd-94912a7a071c', 'context': [<snowplow_tracker.self_describing_json.SelfDescribingJson object at 0x10e3f05b0>]}
[0m02:32:45.075140 [debug] [MainThread]: Wrote artifact WritableManifest to /Users/rajukaju/Projects/dbt_enpal_assessment/target/manifest.json
[0m02:32:45.076945 [debug] [MainThread]: Wrote artifact SemanticManifest to /Users/rajukaju/Projects/dbt_enpal_assessment/target/semantic_manifest.json
[0m02:32:45.088504 [debug] [MainThread]: Sending event: {'category': 'dbt', 'action': 'resource_counts', 'label': '68016dc3-0d40-447a-94fd-94912a7a071c', 'context': [<snowplow_tracker.self_describing_json.SelfDescribingJson object at 0x10db2bb80>]}
[0m02:32:45.088798 [info ] [MainThread]: Found 6 models, 6 sources, 447 macros
[0m02:32:45.088991 [debug] [MainThread]: Sending event: {'category': 'dbt', 'action': 'runnable_timing', 'label': '68016dc3-0d40-447a-94fd-94912a7a071c', 'context': [<snowplow_tracker.self_describing_json.SelfDescribingJson object at 0x10d3b42e0>]}
[0m02:32:45.089752 [info ] [MainThread]: 
[0m02:32:45.089944 [info ] [MainThread]: Concurrency: 1 threads (target='dev')
[0m02:32:45.090108 [info ] [MainThread]: 
[0m02:32:45.090381 [debug] [MainThread]: Acquiring new postgres connection 'master'
[0m02:32:45.090832 [debug] [ThreadPool]: Acquiring new postgres connection 'list_postgres'
[0m02:32:45.127756 [debug] [ThreadPool]: Using postgres connection "list_postgres"
[0m02:32:45.128015 [debug] [ThreadPool]: On list_postgres: /* {"app": "dbt", "dbt_version": "1.10.19", "profile_name": "enpal_assessment_project", "target_name": "dev", "connection_name": "list_postgres"} */

    select distinct nspname from pg_namespace
  
[0m02:32:45.128175 [debug] [ThreadPool]: Opening a new connection, currently in state init
[0m02:32:45.278090 [debug] [ThreadPool]: SQL status: SELECT 5 in 0.150 seconds
[0m02:32:45.279686 [debug] [ThreadPool]: On list_postgres: Close
[0m02:32:45.285748 [debug] [ThreadPool]: Re-using an available connection from the pool (formerly list_postgres, now list_postgres_public_pipedrive_analytics)
[0m02:32:45.293560 [debug] [ThreadPool]: Using postgres connection "list_postgres_public_pipedrive_analytics"
[0m02:32:45.293941 [debug] [ThreadPool]: On list_postgres_public_pipedrive_analytics: BEGIN
[0m02:32:45.294189 [debug] [ThreadPool]: Opening a new connection, currently in state closed
[0m02:32:45.306945 [debug] [ThreadPool]: SQL status: BEGIN in 0.013 seconds
[0m02:32:45.307315 [debug] [ThreadPool]: Using postgres connection "list_postgres_public_pipedrive_analytics"
[0m02:32:45.307590 [debug] [ThreadPool]: On list_postgres_public_pipedrive_analytics: /* {"app": "dbt", "dbt_version": "1.10.19", "profile_name": "enpal_assessment_project", "target_name": "dev", "connection_name": "list_postgres_public_pipedrive_analytics"} */
select
      'postgres' as database,
      tablename as name,
      schemaname as schema,
      'table' as type
    from pg_tables
    where schemaname ilike 'public_pipedrive_analytics'
    union all
    select
      'postgres' as database,
      viewname as name,
      schemaname as schema,
      'view' as type
    from pg_views
    where schemaname ilike 'public_pipedrive_analytics'
    union all
    select
      'postgres' as database,
      matviewname as name,
      schemaname as schema,
      'materialized_view' as type
    from pg_matviews
    where schemaname ilike 'public_pipedrive_analytics'
  
[0m02:32:45.313145 [debug] [ThreadPool]: SQL status: SELECT 6 in 0.005 seconds
[0m02:32:45.314498 [debug] [ThreadPool]: On list_postgres_public_pipedrive_analytics: ROLLBACK
[0m02:32:45.315178 [debug] [ThreadPool]: On list_postgres_public_pipedrive_analytics: Close
[0m02:32:45.321713 [debug] [MainThread]: Using postgres connection "master"
[0m02:32:45.322034 [debug] [MainThread]: On master: BEGIN
[0m02:32:45.322242 [debug] [MainThread]: Opening a new connection, currently in state init
[0m02:32:45.331110 [debug] [MainThread]: SQL status: BEGIN in 0.009 seconds
[0m02:32:45.331585 [debug] [MainThread]: Using postgres connection "master"
[0m02:32:45.331873 [debug] [MainThread]: On master: /* {"app": "dbt", "dbt_version": "1.10.19", "profile_name": "enpal_assessment_project", "target_name": "dev", "connection_name": "master"} */
select distinct
        dependent_namespace.nspname as dependent_schema,
        dependent_class.relname as dependent_name,
        referenced_namespace.nspname as referenced_schema,
        referenced_class.relname as referenced_name

    -- Query for views: views are entries in pg_class with an entry in pg_rewrite, but we avoid
    -- a seq scan on pg_rewrite by leveraging the fact there is an "internal" row in pg_depend for
    -- the view...
    from pg_class as dependent_class
    join pg_namespace as dependent_namespace on dependent_namespace.oid = dependent_class.relnamespace
    join pg_depend as dependent_depend on dependent_depend.refobjid = dependent_class.oid
        and dependent_depend.classid = 'pg_rewrite'::regclass
        and dependent_depend.refclassid = 'pg_class'::regclass
        and dependent_depend.deptype = 'i'

    -- ... and via pg_depend (that has a row per column, hence the need for "distinct" above, and
    -- making sure to exclude the internal row to avoid a view appearing to depend on itself)...
    join pg_depend as joining_depend on joining_depend.objid = dependent_depend.objid
        and joining_depend.classid = 'pg_rewrite'::regclass
        and joining_depend.refclassid = 'pg_class'::regclass
        and joining_depend.refobjid != dependent_depend.refobjid

    -- ... we can find the tables they query from in pg_class, but excluding system tables. Note we
    -- don't need need to exclude _dependent_ system tables, because they only query from other
    -- system tables, and so are automatically excluded by excluding _referenced_ system tables
    join pg_class as referenced_class on referenced_class.oid = joining_depend.refobjid
    join pg_namespace as referenced_namespace on referenced_namespace.oid = referenced_class.relnamespace
        and referenced_namespace.nspname != 'information_schema'
        and referenced_namespace.nspname not like 'pg\_%'

    order by
        dependent_schema, dependent_name, referenced_schema, referenced_name;
[0m02:32:45.336142 [debug] [MainThread]: SQL status: SELECT 0 in 0.004 seconds
[0m02:32:45.337151 [debug] [MainThread]: Sending event: {'category': 'dbt', 'action': 'runnable_timing', 'label': '68016dc3-0d40-447a-94fd-94912a7a071c', 'context': [<snowplow_tracker.self_describing_json.SelfDescribingJson object at 0x10e3f08b0>]}
[0m02:32:45.337497 [debug] [MainThread]: On master: ROLLBACK
[0m02:32:45.338200 [debug] [MainThread]: Using postgres connection "master"
[0m02:32:45.338441 [debug] [MainThread]: On master: BEGIN
[0m02:32:45.339216 [debug] [MainThread]: SQL status: BEGIN in 0.001 seconds
[0m02:32:45.339432 [debug] [MainThread]: On master: COMMIT
[0m02:32:45.339615 [debug] [MainThread]: Using postgres connection "master"
[0m02:32:45.339784 [debug] [MainThread]: On master: COMMIT
[0m02:32:45.340196 [debug] [MainThread]: SQL status: COMMIT in 0.000 seconds
[0m02:32:45.340386 [debug] [MainThread]: On master: Close
[0m02:32:45.342143 [debug] [Thread-1  ]: Began running node model.enpal_assessment_project.stages
[0m02:32:45.342511 [info ] [Thread-1  ]: 1 of 1 START sql table model public_pipedrive_analytics.stages ................. [RUN]
[0m02:32:45.342804 [debug] [Thread-1  ]: Re-using an available connection from the pool (formerly list_postgres_public_pipedrive_analytics, now model.enpal_assessment_project.stages)
[0m02:32:45.343008 [debug] [Thread-1  ]: Began compiling node model.enpal_assessment_project.stages
[0m02:32:45.349118 [debug] [Thread-1  ]: Writing injected SQL for node "model.enpal_assessment_project.stages"
[0m02:32:45.349752 [debug] [Thread-1  ]: Began executing node model.enpal_assessment_project.stages
[0m02:32:45.377829 [debug] [Thread-1  ]: Writing runtime sql for node "model.enpal_assessment_project.stages"
[0m02:32:45.378959 [debug] [Thread-1  ]: Using postgres connection "model.enpal_assessment_project.stages"
[0m02:32:45.379893 [debug] [Thread-1  ]: On model.enpal_assessment_project.stages: BEGIN
[0m02:32:45.380586 [debug] [Thread-1  ]: Opening a new connection, currently in state closed
[0m02:32:45.396099 [debug] [Thread-1  ]: SQL status: BEGIN in 0.015 seconds
[0m02:32:45.396460 [debug] [Thread-1  ]: Using postgres connection "model.enpal_assessment_project.stages"
[0m02:32:45.396681 [debug] [Thread-1  ]: On model.enpal_assessment_project.stages: /* {"app": "dbt", "dbt_version": "1.10.19", "profile_name": "enpal_assessment_project", "target_name": "dev", "node_id": "model.enpal_assessment_project.stages"} */

  
    

  create  table "postgres"."public_pipedrive_analytics"."stages__dbt_tmp"
  
  
    as
  
  (
    SELECT 
    S.stage_id, 
    S.stage_name
FROM "postgres"."public"."stages" S
  );
  
[0m02:32:45.398995 [debug] [Thread-1  ]: SQL status: SELECT 9 in 0.002 seconds
[0m02:32:45.459274 [debug] [Thread-1  ]: Using postgres connection "model.enpal_assessment_project.stages"
[0m02:32:45.476453 [debug] [Thread-1  ]: On model.enpal_assessment_project.stages: /* {"app": "dbt", "dbt_version": "1.10.19", "profile_name": "enpal_assessment_project", "target_name": "dev", "node_id": "model.enpal_assessment_project.stages"} */
alter table "postgres"."public_pipedrive_analytics"."stages" rename to "stages__dbt_backup"
[0m02:32:45.488520 [debug] [Thread-1  ]: SQL status: ALTER TABLE in 0.009 seconds
[0m02:32:45.502592 [debug] [Thread-1  ]: Using postgres connection "model.enpal_assessment_project.stages"
[0m02:32:45.503044 [debug] [Thread-1  ]: On model.enpal_assessment_project.stages: /* {"app": "dbt", "dbt_version": "1.10.19", "profile_name": "enpal_assessment_project", "target_name": "dev", "node_id": "model.enpal_assessment_project.stages"} */
alter table "postgres"."public_pipedrive_analytics"."stages__dbt_tmp" rename to "stages"
[0m02:32:45.505818 [debug] [Thread-1  ]: SQL status: ALTER TABLE in 0.002 seconds
[0m02:32:45.516955 [debug] [Thread-1  ]: On model.enpal_assessment_project.stages: COMMIT
[0m02:32:45.517214 [debug] [Thread-1  ]: Using postgres connection "model.enpal_assessment_project.stages"
[0m02:32:45.517415 [debug] [Thread-1  ]: On model.enpal_assessment_project.stages: COMMIT
[0m02:32:45.522925 [debug] [Thread-1  ]: SQL status: COMMIT in 0.005 seconds
[0m02:32:45.527216 [debug] [Thread-1  ]: Applying DROP to: "postgres"."public_pipedrive_analytics"."stages__dbt_backup"
[0m02:32:45.530121 [debug] [Thread-1  ]: Using postgres connection "model.enpal_assessment_project.stages"
[0m02:32:45.530371 [debug] [Thread-1  ]: On model.enpal_assessment_project.stages: /* {"app": "dbt", "dbt_version": "1.10.19", "profile_name": "enpal_assessment_project", "target_name": "dev", "node_id": "model.enpal_assessment_project.stages"} */
drop table if exists "postgres"."public_pipedrive_analytics"."stages__dbt_backup" cascade
[0m02:32:45.534616 [debug] [Thread-1  ]: SQL status: DROP TABLE in 0.004 seconds
[0m02:32:45.536161 [debug] [Thread-1  ]: On model.enpal_assessment_project.stages: Close
[0m02:32:45.537432 [debug] [Thread-1  ]: Sending event: {'category': 'dbt', 'action': 'run_model', 'label': '68016dc3-0d40-447a-94fd-94912a7a071c', 'context': [<snowplow_tracker.self_describing_json.SelfDescribingJson object at 0x10e9ca520>]}
[0m02:32:45.537819 [info ] [Thread-1  ]: 1 of 1 OK created sql table model public_pipedrive_analytics.stages ............ [[32mSELECT 9[0m in 0.19s]
[0m02:32:45.538143 [debug] [Thread-1  ]: Finished running node model.enpal_assessment_project.stages
[0m02:32:45.538768 [debug] [MainThread]: Using postgres connection "master"
[0m02:32:45.538932 [debug] [MainThread]: On master: BEGIN
[0m02:32:45.539079 [debug] [MainThread]: Opening a new connection, currently in state closed
[0m02:32:45.550241 [debug] [MainThread]: SQL status: BEGIN in 0.011 seconds
[0m02:32:45.550528 [debug] [MainThread]: On master: COMMIT
[0m02:32:45.550701 [debug] [MainThread]: Using postgres connection "master"
[0m02:32:45.550856 [debug] [MainThread]: On master: COMMIT
[0m02:32:45.551316 [debug] [MainThread]: SQL status: COMMIT in 0.000 seconds
[0m02:32:45.551495 [debug] [MainThread]: On master: Close
[0m02:32:45.551741 [debug] [MainThread]: Connection 'master' was properly closed.
[0m02:32:45.551908 [debug] [MainThread]: Connection 'model.enpal_assessment_project.stages' was properly closed.
[0m02:32:45.552080 [info ] [MainThread]: 
[0m02:32:45.552289 [info ] [MainThread]: Finished running 1 table model in 0 hours 0 minutes and 0.46 seconds (0.46s).
[0m02:32:45.552735 [debug] [MainThread]: Command end result
[0m02:32:45.568275 [debug] [MainThread]: Wrote artifact WritableManifest to /Users/rajukaju/Projects/dbt_enpal_assessment/target/manifest.json
[0m02:32:45.569311 [debug] [MainThread]: Wrote artifact SemanticManifest to /Users/rajukaju/Projects/dbt_enpal_assessment/target/semantic_manifest.json
[0m02:32:45.573461 [debug] [MainThread]: Wrote artifact RunExecutionResult to /Users/rajukaju/Projects/dbt_enpal_assessment/target/run_results.json
[0m02:32:45.573661 [info ] [MainThread]: 
[0m02:32:45.573895 [info ] [MainThread]: [32mCompleted successfully[0m
[0m02:32:45.574084 [info ] [MainThread]: 
[0m02:32:45.574270 [info ] [MainThread]: Done. PASS=1 WARN=0 ERROR=0 SKIP=0 NO-OP=0 TOTAL=1
[0m02:32:45.576792 [debug] [MainThread]: Resource report: {"command_name": "run", "command_success": true, "command_wall_clock_time": 1.1194406, "process_in_blocks": "0", "process_kernel_time": 0.231666, "process_mem_max_rss": "128483328", "process_out_blocks": "0", "process_user_time": 1.444573}
[0m02:32:45.577058 [debug] [MainThread]: Command `dbt run` succeeded at 02:32:45.577004 after 1.12 seconds
[0m02:32:45.577285 [debug] [MainThread]: Sending event: {'category': 'dbt', 'action': 'invocation', 'label': 'end', 'context': [<snowplow_tracker.self_describing_json.SelfDescribingJson object at 0x10c3d5250>, <snowplow_tracker.self_describing_json.SelfDescribingJson object at 0x10d9678e0>, <snowplow_tracker.self_describing_json.SelfDescribingJson object at 0x10db2b100>]}
[0m02:32:45.577508 [debug] [MainThread]: Flushing usage events
[0m02:32:46.813596 [debug] [MainThread]: An error was encountered while trying to flush usage events
[0m02:32:51.873869 [debug] [MainThread]: Sending event: {'category': 'dbt', 'action': 'invocation', 'label': 'start', 'context': [<snowplow_tracker.self_describing_json.SelfDescribingJson object at 0x10a64d190>, <snowplow_tracker.self_describing_json.SelfDescribingJson object at 0x10b6cbeb0>, <snowplow_tracker.self_describing_json.SelfDescribingJson object at 0x10b6cb130>]}


============================== 02:32:51.876488 | 72d15441-ed46-40ba-9f78-6354b8cad4fe ==============================
[0m02:32:51.876488 [info ] [MainThread]: Running with dbt=1.10.19
[0m02:32:51.876813 [debug] [MainThread]: running dbt with arguments {'printer_width': '80', 'static_parser': 'True', 'target_path': 'None', 'quiet': 'False', 'send_anonymous_usage_stats': 'True', 'partial_parse': 'True', 'warn_error_options': 'WarnErrorOptionsV2(error=[], warn=[], silence=[])', 'use_experimental_parser': 'False', 'fail_fast': 'False', 'profiles_dir': '/Users/rajukaju/Projects/dbt_enpal_assessment', 'introspect': 'True', 'write_json': 'True', 'log_cache_events': 'False', 'log_path': '/Users/rajukaju/Projects/dbt_enpal_assessment/logs', 'indirect_selection': 'eager', 'cache_selected_only': 'False', 'use_colors': 'True', 'invocation_command': 'dbt run -s users.sql', 'version_check': 'True', 'warn_error': 'None', 'log_format': 'default', 'no_print': 'None', 'empty': 'False', 'debug': 'False'}
[0m02:32:51.981125 [debug] [MainThread]: Sending event: {'category': 'dbt', 'action': 'project_id', 'label': '72d15441-ed46-40ba-9f78-6354b8cad4fe', 'context': [<snowplow_tracker.self_describing_json.SelfDescribingJson object at 0x10bd6c040>]}
[0m02:32:52.017360 [debug] [MainThread]: Sending event: {'category': 'dbt', 'action': 'adapter_info', 'label': '72d15441-ed46-40ba-9f78-6354b8cad4fe', 'context': [<snowplow_tracker.self_describing_json.SelfDescribingJson object at 0x10b645430>]}
[0m02:32:52.018656 [info ] [MainThread]: Registered adapter: postgres=1.9.1
[0m02:32:52.089672 [debug] [MainThread]: checksum: c35ba6d374a0901ceb00688d5179d5550885e1756283b03e5e81c28e0d8d2248, vars: {}, profile: , target: , version: 1.10.19
[0m02:32:52.183208 [debug] [MainThread]: Partial parsing enabled: 0 files deleted, 0 files added, 0 files changed.
[0m02:32:52.183452 [debug] [MainThread]: Partial parsing enabled, no changes found, skipping parsing
[0m02:32:52.208701 [debug] [MainThread]: Sending event: {'category': 'dbt', 'action': 'load_project', 'label': '72d15441-ed46-40ba-9f78-6354b8cad4fe', 'context': [<snowplow_tracker.self_describing_json.SelfDescribingJson object at 0x10c72e130>]}
[0m02:32:52.263575 [debug] [MainThread]: Wrote artifact WritableManifest to /Users/rajukaju/Projects/dbt_enpal_assessment/target/manifest.json
[0m02:32:52.264665 [debug] [MainThread]: Wrote artifact SemanticManifest to /Users/rajukaju/Projects/dbt_enpal_assessment/target/semantic_manifest.json
[0m02:32:52.275141 [debug] [MainThread]: Sending event: {'category': 'dbt', 'action': 'resource_counts', 'label': '72d15441-ed46-40ba-9f78-6354b8cad4fe', 'context': [<snowplow_tracker.self_describing_json.SelfDescribingJson object at 0x10c68ba30>]}
[0m02:32:52.275443 [info ] [MainThread]: Found 6 models, 6 sources, 447 macros
[0m02:32:52.275633 [debug] [MainThread]: Sending event: {'category': 'dbt', 'action': 'runnable_timing', 'label': '72d15441-ed46-40ba-9f78-6354b8cad4fe', 'context': [<snowplow_tracker.self_describing_json.SelfDescribingJson object at 0x10c710460>]}
[0m02:32:52.276425 [info ] [MainThread]: 
[0m02:32:52.276621 [info ] [MainThread]: Concurrency: 1 threads (target='dev')
[0m02:32:52.276782 [info ] [MainThread]: 
[0m02:32:52.277060 [debug] [MainThread]: Acquiring new postgres connection 'master'
[0m02:32:52.277543 [debug] [ThreadPool]: Acquiring new postgres connection 'list_postgres'
[0m02:32:52.336237 [debug] [ThreadPool]: Using postgres connection "list_postgres"
[0m02:32:52.336480 [debug] [ThreadPool]: On list_postgres: /* {"app": "dbt", "dbt_version": "1.10.19", "profile_name": "enpal_assessment_project", "target_name": "dev", "connection_name": "list_postgres"} */

    select distinct nspname from pg_namespace
  
[0m02:32:52.336637 [debug] [ThreadPool]: Opening a new connection, currently in state init
[0m02:32:52.364019 [debug] [ThreadPool]: SQL status: SELECT 5 in 0.027 seconds
[0m02:32:52.364960 [debug] [ThreadPool]: On list_postgres: Close
[0m02:32:52.368290 [debug] [ThreadPool]: Re-using an available connection from the pool (formerly list_postgres, now list_postgres_public_pipedrive_analytics)
[0m02:32:52.372941 [debug] [ThreadPool]: Using postgres connection "list_postgres_public_pipedrive_analytics"
[0m02:32:52.373157 [debug] [ThreadPool]: On list_postgres_public_pipedrive_analytics: BEGIN
[0m02:32:52.373322 [debug] [ThreadPool]: Opening a new connection, currently in state closed
[0m02:32:52.383084 [debug] [ThreadPool]: SQL status: BEGIN in 0.010 seconds
[0m02:32:52.383333 [debug] [ThreadPool]: Using postgres connection "list_postgres_public_pipedrive_analytics"
[0m02:32:52.383521 [debug] [ThreadPool]: On list_postgres_public_pipedrive_analytics: /* {"app": "dbt", "dbt_version": "1.10.19", "profile_name": "enpal_assessment_project", "target_name": "dev", "connection_name": "list_postgres_public_pipedrive_analytics"} */
select
      'postgres' as database,
      tablename as name,
      schemaname as schema,
      'table' as type
    from pg_tables
    where schemaname ilike 'public_pipedrive_analytics'
    union all
    select
      'postgres' as database,
      viewname as name,
      schemaname as schema,
      'view' as type
    from pg_views
    where schemaname ilike 'public_pipedrive_analytics'
    union all
    select
      'postgres' as database,
      matviewname as name,
      schemaname as schema,
      'materialized_view' as type
    from pg_matviews
    where schemaname ilike 'public_pipedrive_analytics'
  
[0m02:32:52.386093 [debug] [ThreadPool]: SQL status: SELECT 6 in 0.002 seconds
[0m02:32:52.386985 [debug] [ThreadPool]: On list_postgres_public_pipedrive_analytics: ROLLBACK
[0m02:32:52.387463 [debug] [ThreadPool]: On list_postgres_public_pipedrive_analytics: Close
[0m02:32:52.391954 [debug] [MainThread]: Using postgres connection "master"
[0m02:32:52.392207 [debug] [MainThread]: On master: BEGIN
[0m02:32:52.392393 [debug] [MainThread]: Opening a new connection, currently in state init
[0m02:32:52.401706 [debug] [MainThread]: SQL status: BEGIN in 0.009 seconds
[0m02:32:52.401960 [debug] [MainThread]: Using postgres connection "master"
[0m02:32:52.402216 [debug] [MainThread]: On master: /* {"app": "dbt", "dbt_version": "1.10.19", "profile_name": "enpal_assessment_project", "target_name": "dev", "connection_name": "master"} */
select distinct
        dependent_namespace.nspname as dependent_schema,
        dependent_class.relname as dependent_name,
        referenced_namespace.nspname as referenced_schema,
        referenced_class.relname as referenced_name

    -- Query for views: views are entries in pg_class with an entry in pg_rewrite, but we avoid
    -- a seq scan on pg_rewrite by leveraging the fact there is an "internal" row in pg_depend for
    -- the view...
    from pg_class as dependent_class
    join pg_namespace as dependent_namespace on dependent_namespace.oid = dependent_class.relnamespace
    join pg_depend as dependent_depend on dependent_depend.refobjid = dependent_class.oid
        and dependent_depend.classid = 'pg_rewrite'::regclass
        and dependent_depend.refclassid = 'pg_class'::regclass
        and dependent_depend.deptype = 'i'

    -- ... and via pg_depend (that has a row per column, hence the need for "distinct" above, and
    -- making sure to exclude the internal row to avoid a view appearing to depend on itself)...
    join pg_depend as joining_depend on joining_depend.objid = dependent_depend.objid
        and joining_depend.classid = 'pg_rewrite'::regclass
        and joining_depend.refclassid = 'pg_class'::regclass
        and joining_depend.refobjid != dependent_depend.refobjid

    -- ... we can find the tables they query from in pg_class, but excluding system tables. Note we
    -- don't need need to exclude _dependent_ system tables, because they only query from other
    -- system tables, and so are automatically excluded by excluding _referenced_ system tables
    join pg_class as referenced_class on referenced_class.oid = joining_depend.refobjid
    join pg_namespace as referenced_namespace on referenced_namespace.oid = referenced_class.relnamespace
        and referenced_namespace.nspname != 'information_schema'
        and referenced_namespace.nspname not like 'pg\_%'

    order by
        dependent_schema, dependent_name, referenced_schema, referenced_name;
[0m02:32:52.406490 [debug] [MainThread]: SQL status: SELECT 0 in 0.004 seconds
[0m02:32:52.407347 [debug] [MainThread]: Sending event: {'category': 'dbt', 'action': 'runnable_timing', 'label': '72d15441-ed46-40ba-9f78-6354b8cad4fe', 'context': [<snowplow_tracker.self_describing_json.SelfDescribingJson object at 0x1090b9550>]}
[0m02:32:52.407671 [debug] [MainThread]: On master: ROLLBACK
[0m02:32:52.408204 [debug] [MainThread]: Using postgres connection "master"
[0m02:32:52.408424 [debug] [MainThread]: On master: BEGIN
[0m02:32:52.409109 [debug] [MainThread]: SQL status: BEGIN in 0.000 seconds
[0m02:32:52.409307 [debug] [MainThread]: On master: COMMIT
[0m02:32:52.409491 [debug] [MainThread]: Using postgres connection "master"
[0m02:32:52.409670 [debug] [MainThread]: On master: COMMIT
[0m02:32:52.410101 [debug] [MainThread]: SQL status: COMMIT in 0.000 seconds
[0m02:32:52.410323 [debug] [MainThread]: On master: Close
[0m02:32:52.412037 [debug] [Thread-1  ]: Began running node model.enpal_assessment_project.users
[0m02:32:52.412405 [info ] [Thread-1  ]: 1 of 1 START sql table model public_pipedrive_analytics.users .................. [RUN]
[0m02:32:52.412715 [debug] [Thread-1  ]: Re-using an available connection from the pool (formerly list_postgres_public_pipedrive_analytics, now model.enpal_assessment_project.users)
[0m02:32:52.412962 [debug] [Thread-1  ]: Began compiling node model.enpal_assessment_project.users
[0m02:32:52.419462 [debug] [Thread-1  ]: Writing injected SQL for node "model.enpal_assessment_project.users"
[0m02:32:52.419932 [debug] [Thread-1  ]: Began executing node model.enpal_assessment_project.users
[0m02:32:52.446099 [debug] [Thread-1  ]: Writing runtime sql for node "model.enpal_assessment_project.users"
[0m02:32:52.446550 [debug] [Thread-1  ]: Using postgres connection "model.enpal_assessment_project.users"
[0m02:32:52.446746 [debug] [Thread-1  ]: On model.enpal_assessment_project.users: BEGIN
[0m02:32:52.446923 [debug] [Thread-1  ]: Opening a new connection, currently in state closed
[0m02:32:52.460127 [debug] [Thread-1  ]: SQL status: BEGIN in 0.013 seconds
[0m02:32:52.460414 [debug] [Thread-1  ]: Using postgres connection "model.enpal_assessment_project.users"
[0m02:32:52.460638 [debug] [Thread-1  ]: On model.enpal_assessment_project.users: /* {"app": "dbt", "dbt_version": "1.10.19", "profile_name": "enpal_assessment_project", "target_name": "dev", "node_id": "model.enpal_assessment_project.users"} */

  
    

  create  table "postgres"."public_pipedrive_analytics"."users__dbt_tmp"
  
  
    as
  
  (
    SELECT 
    U.id, 
    U.name, 
    U.email, 
    U.modified 
FROM "postgres"."public"."users" U
  );
  
[0m02:32:52.464012 [debug] [Thread-1  ]: SQL status: SELECT 1787 in 0.003 seconds
[0m02:32:52.472455 [debug] [Thread-1  ]: Using postgres connection "model.enpal_assessment_project.users"
[0m02:32:52.472770 [debug] [Thread-1  ]: On model.enpal_assessment_project.users: /* {"app": "dbt", "dbt_version": "1.10.19", "profile_name": "enpal_assessment_project", "target_name": "dev", "node_id": "model.enpal_assessment_project.users"} */
alter table "postgres"."public_pipedrive_analytics"."users" rename to "users__dbt_backup"
[0m02:32:52.473641 [debug] [Thread-1  ]: SQL status: ALTER TABLE in 0.001 seconds
[0m02:32:52.476055 [debug] [Thread-1  ]: Using postgres connection "model.enpal_assessment_project.users"
[0m02:32:52.476309 [debug] [Thread-1  ]: On model.enpal_assessment_project.users: /* {"app": "dbt", "dbt_version": "1.10.19", "profile_name": "enpal_assessment_project", "target_name": "dev", "node_id": "model.enpal_assessment_project.users"} */
alter table "postgres"."public_pipedrive_analytics"."users__dbt_tmp" rename to "users"
[0m02:32:52.477116 [debug] [Thread-1  ]: SQL status: ALTER TABLE in 0.001 seconds
[0m02:32:52.489304 [debug] [Thread-1  ]: On model.enpal_assessment_project.users: COMMIT
[0m02:32:52.489657 [debug] [Thread-1  ]: Using postgres connection "model.enpal_assessment_project.users"
[0m02:32:52.489892 [debug] [Thread-1  ]: On model.enpal_assessment_project.users: COMMIT
[0m02:32:52.491936 [debug] [Thread-1  ]: SQL status: COMMIT in 0.002 seconds
[0m02:32:52.496601 [debug] [Thread-1  ]: Applying DROP to: "postgres"."public_pipedrive_analytics"."users__dbt_backup"
[0m02:32:52.499479 [debug] [Thread-1  ]: Using postgres connection "model.enpal_assessment_project.users"
[0m02:32:52.499713 [debug] [Thread-1  ]: On model.enpal_assessment_project.users: /* {"app": "dbt", "dbt_version": "1.10.19", "profile_name": "enpal_assessment_project", "target_name": "dev", "node_id": "model.enpal_assessment_project.users"} */
drop table if exists "postgres"."public_pipedrive_analytics"."users__dbt_backup" cascade
[0m02:32:52.507994 [debug] [Thread-1  ]: SQL status: DROP TABLE in 0.008 seconds
[0m02:32:52.539220 [debug] [Thread-1  ]: On model.enpal_assessment_project.users: Close
[0m02:32:52.541334 [debug] [Thread-1  ]: Sending event: {'category': 'dbt', 'action': 'run_model', 'label': '72d15441-ed46-40ba-9f78-6354b8cad4fe', 'context': [<snowplow_tracker.self_describing_json.SelfDescribingJson object at 0x10cb44f40>]}
[0m02:32:52.541937 [info ] [Thread-1  ]: 1 of 1 OK created sql table model public_pipedrive_analytics.users ............. [[32mSELECT 1787[0m in 0.13s]
[0m02:32:52.542316 [debug] [Thread-1  ]: Finished running node model.enpal_assessment_project.users
[0m02:32:52.543177 [debug] [MainThread]: Using postgres connection "master"
[0m02:32:52.543637 [debug] [MainThread]: On master: BEGIN
[0m02:32:52.543824 [debug] [MainThread]: Opening a new connection, currently in state closed
[0m02:32:52.561473 [debug] [MainThread]: SQL status: BEGIN in 0.018 seconds
[0m02:32:52.561776 [debug] [MainThread]: On master: COMMIT
[0m02:32:52.561964 [debug] [MainThread]: Using postgres connection "master"
[0m02:32:52.562128 [debug] [MainThread]: On master: COMMIT
[0m02:32:52.562954 [debug] [MainThread]: SQL status: COMMIT in 0.001 seconds
[0m02:32:52.563364 [debug] [MainThread]: On master: Close
[0m02:32:52.563671 [debug] [MainThread]: Connection 'master' was properly closed.
[0m02:32:52.563839 [debug] [MainThread]: Connection 'model.enpal_assessment_project.users' was properly closed.
[0m02:32:52.564030 [info ] [MainThread]: 
[0m02:32:52.564560 [info ] [MainThread]: Finished running 1 table model in 0 hours 0 minutes and 0.29 seconds (0.29s).
[0m02:32:52.565143 [debug] [MainThread]: Command end result
[0m02:32:52.582067 [debug] [MainThread]: Wrote artifact WritableManifest to /Users/rajukaju/Projects/dbt_enpal_assessment/target/manifest.json
[0m02:32:52.583192 [debug] [MainThread]: Wrote artifact SemanticManifest to /Users/rajukaju/Projects/dbt_enpal_assessment/target/semantic_manifest.json
[0m02:32:52.587345 [debug] [MainThread]: Wrote artifact RunExecutionResult to /Users/rajukaju/Projects/dbt_enpal_assessment/target/run_results.json
[0m02:32:52.587537 [info ] [MainThread]: 
[0m02:32:52.587767 [info ] [MainThread]: [32mCompleted successfully[0m
[0m02:32:52.587938 [info ] [MainThread]: 
[0m02:32:52.588121 [info ] [MainThread]: Done. PASS=1 WARN=0 ERROR=0 SKIP=0 NO-OP=0 TOTAL=1
[0m02:32:52.589901 [debug] [MainThread]: Resource report: {"command_name": "run", "command_success": true, "command_wall_clock_time": 0.7598272, "process_in_blocks": "0", "process_kernel_time": 0.16874, "process_mem_max_rss": "126271488", "process_out_blocks": "0", "process_user_time": 1.30808}
[0m02:32:52.590129 [debug] [MainThread]: Command `dbt run` succeeded at 02:32:52.590081 after 0.76 seconds
[0m02:32:52.590334 [debug] [MainThread]: Sending event: {'category': 'dbt', 'action': 'invocation', 'label': 'end', 'context': [<snowplow_tracker.self_describing_json.SelfDescribingJson object at 0x10a64d190>, <snowplow_tracker.self_describing_json.SelfDescribingJson object at 0x10b645430>, <snowplow_tracker.self_describing_json.SelfDescribingJson object at 0x10c6bc6d0>]}
[0m02:32:52.590540 [debug] [MainThread]: Flushing usage events
[0m02:32:53.442043 [debug] [MainThread]: An error was encountered while trying to flush usage events
[0m02:36:49.719306 [debug] [MainThread]: Sending event: {'category': 'dbt', 'action': 'invocation', 'label': 'start', 'context': [<snowplow_tracker.self_describing_json.SelfDescribingJson object at 0x10a2fd1f0>, <snowplow_tracker.self_describing_json.SelfDescribingJson object at 0x10b37be20>, <snowplow_tracker.self_describing_json.SelfDescribingJson object at 0x10b37b220>]}


============================== 02:36:49.722295 | c1df79b5-f80d-4c2b-a517-0f6536f5f6a1 ==============================
[0m02:36:49.722295 [info ] [MainThread]: Running with dbt=1.10.19
[0m02:36:49.722629 [debug] [MainThread]: running dbt with arguments {'profiles_dir': '/Users/rajukaju/Projects/dbt_enpal_assessment', 'cache_selected_only': 'False', 'printer_width': '80', 'log_cache_events': 'False', 'target_path': 'None', 'quiet': 'False', 'send_anonymous_usage_stats': 'True', 'debug': 'False', 'indirect_selection': 'eager', 'warn_error_options': 'WarnErrorOptionsV2(error=[], warn=[], silence=[])', 'log_format': 'default', 'warn_error': 'None', 'invocation_command': 'dbt run -s users.sql', 'no_print': 'None', 'empty': 'False', 'use_colors': 'True', 'use_experimental_parser': 'False', 'write_json': 'True', 'static_parser': 'True', 'fail_fast': 'False', 'version_check': 'True', 'log_path': '/Users/rajukaju/Projects/dbt_enpal_assessment/logs', 'introspect': 'True', 'partial_parse': 'True'}
[0m02:36:49.842916 [debug] [MainThread]: Sending event: {'category': 'dbt', 'action': 'project_id', 'label': 'c1df79b5-f80d-4c2b-a517-0f6536f5f6a1', 'context': [<snowplow_tracker.self_describing_json.SelfDescribingJson object at 0x108a50220>]}
[0m02:36:49.879397 [debug] [MainThread]: Sending event: {'category': 'dbt', 'action': 'adapter_info', 'label': 'c1df79b5-f80d-4c2b-a517-0f6536f5f6a1', 'context': [<snowplow_tracker.self_describing_json.SelfDescribingJson object at 0x10b332b80>]}
[0m02:36:49.880041 [info ] [MainThread]: Registered adapter: postgres=1.9.1
[0m02:36:49.951632 [debug] [MainThread]: checksum: c35ba6d374a0901ceb00688d5179d5550885e1756283b03e5e81c28e0d8d2248, vars: {}, profile: , target: , version: 1.10.19
[0m02:36:50.046968 [debug] [MainThread]: Partial parsing enabled: 0 files deleted, 0 files added, 1 files changed.
[0m02:36:50.047581 [debug] [MainThread]: Partial parsing: updated file: enpal_assessment_project://models/sources.yml
[0m02:36:50.236881 [error] [MainThread]: Encountered an error:
Parsing Error
  Invalid sources config given in models/sources.yml @ sources: {'name': 'postgres_public', 'database': 'postgres', 'schema': 'public', 'tables': [{'name': 'activity'}, {'name': 'activity_types'}, {'name': 'deal_changes'}, {'name': 'fields'}, {'name': 'stages'}, {'name': 'users', 'columns': {'loaded_at_field': {'freshness': {'warn_after': {'count': 12, 'period': 'hour'}, 'error_after': {'count': 24, 'period': 'hour'}}}}}]} - at path ['tables'][5]['columns']: {'loaded_at_field': {'freshness': {'warn_after': {'count': 12, 'period': 'hour'}, 'error_after': {'count': 24, 'period': 'hour'}}}} is not of type 'array'
[0m02:36:50.238983 [debug] [MainThread]: Resource report: {"command_name": "run", "command_success": false, "command_wall_clock_time": 0.5665493, "process_in_blocks": "0", "process_kernel_time": 0.193495, "process_mem_max_rss": "114884608", "process_out_blocks": "0", "process_user_time": 1.212108}
[0m02:36:50.239222 [debug] [MainThread]: Command `dbt run` failed at 02:36:50.239170 after 0.57 seconds
[0m02:36:50.239430 [debug] [MainThread]: Sending event: {'category': 'dbt', 'action': 'invocation', 'label': 'end', 'context': [<snowplow_tracker.self_describing_json.SelfDescribingJson object at 0x10a2fd1f0>, <snowplow_tracker.self_describing_json.SelfDescribingJson object at 0x10babe520>, <snowplow_tracker.self_describing_json.SelfDescribingJson object at 0x10b84a3a0>]}
[0m02:36:50.239631 [debug] [MainThread]: Flushing usage events
[0m02:36:51.348237 [debug] [MainThread]: An error was encountered while trying to flush usage events
[0m02:38:52.786900 [debug] [MainThread]: Sending event: {'category': 'dbt', 'action': 'invocation', 'label': 'start', 'context': [<snowplow_tracker.self_describing_json.SelfDescribingJson object at 0x109b85280>, <snowplow_tracker.self_describing_json.SelfDescribingJson object at 0x10ac03fa0>, <snowplow_tracker.self_describing_json.SelfDescribingJson object at 0x10ac03100>]}


============================== 02:38:52.789899 | be183206-2c94-415c-88bb-1792716039c9 ==============================
[0m02:38:52.789899 [info ] [MainThread]: Running with dbt=1.10.19
[0m02:38:52.790248 [debug] [MainThread]: running dbt with arguments {'indirect_selection': 'eager', 'static_parser': 'True', 'cache_selected_only': 'False', 'quiet': 'False', 'use_colors': 'True', 'log_cache_events': 'False', 'write_json': 'True', 'printer_width': '80', 'empty': 'False', 'debug': 'False', 'use_experimental_parser': 'False', 'log_format': 'default', 'warn_error_options': 'WarnErrorOptionsV2(error=[], warn=[], silence=[])', 'no_print': 'None', 'log_path': '/Users/rajukaju/Projects/dbt_enpal_assessment/logs', 'fail_fast': 'False', 'version_check': 'True', 'warn_error': 'None', 'partial_parse': 'True', 'profiles_dir': '/Users/rajukaju/Projects/dbt_enpal_assessment', 'send_anonymous_usage_stats': 'True', 'target_path': 'None', 'invocation_command': 'dbt run -s users.sql', 'introspect': 'True'}
[0m02:38:52.907327 [debug] [MainThread]: Sending event: {'category': 'dbt', 'action': 'project_id', 'label': 'be183206-2c94-415c-88bb-1792716039c9', 'context': [<snowplow_tracker.self_describing_json.SelfDescribingJson object at 0x10abdea60>]}
[0m02:38:52.943781 [debug] [MainThread]: Sending event: {'category': 'dbt', 'action': 'adapter_info', 'label': 'be183206-2c94-415c-88bb-1792716039c9', 'context': [<snowplow_tracker.self_describing_json.SelfDescribingJson object at 0x109e7a3a0>]}
[0m02:38:52.944527 [info ] [MainThread]: Registered adapter: postgres=1.9.1
[0m02:38:53.015887 [debug] [MainThread]: checksum: c35ba6d374a0901ceb00688d5179d5550885e1756283b03e5e81c28e0d8d2248, vars: {}, profile: , target: , version: 1.10.19
[0m02:38:53.112537 [debug] [MainThread]: Partial parsing enabled: 0 files deleted, 0 files added, 1 files changed.
[0m02:38:53.112949 [debug] [MainThread]: Partial parsing: updated file: enpal_assessment_project://models/sources.yml
[0m02:38:53.179008 [debug] [MainThread]: Sending event: {'category': 'dbt', 'action': 'load_project', 'label': 'be183206-2c94-415c-88bb-1792716039c9', 'context': [<snowplow_tracker.self_describing_json.SelfDescribingJson object at 0x10bcee130>]}
[0m02:38:53.258235 [debug] [MainThread]: Wrote artifact WritableManifest to /Users/rajukaju/Projects/dbt_enpal_assessment/target/manifest.json
[0m02:38:53.259476 [debug] [MainThread]: Wrote artifact SemanticManifest to /Users/rajukaju/Projects/dbt_enpal_assessment/target/semantic_manifest.json
[0m02:38:53.271009 [debug] [MainThread]: Sending event: {'category': 'dbt', 'action': 'resource_counts', 'label': 'be183206-2c94-415c-88bb-1792716039c9', 'context': [<snowplow_tracker.self_describing_json.SelfDescribingJson object at 0x10b3abb50>]}
[0m02:38:53.271305 [info ] [MainThread]: Found 6 models, 6 sources, 447 macros
[0m02:38:53.271499 [debug] [MainThread]: Sending event: {'category': 'dbt', 'action': 'runnable_timing', 'label': 'be183206-2c94-415c-88bb-1792716039c9', 'context': [<snowplow_tracker.self_describing_json.SelfDescribingJson object at 0x10bceecd0>]}
[0m02:38:53.272252 [info ] [MainThread]: 
[0m02:38:53.272446 [info ] [MainThread]: Concurrency: 1 threads (target='dev')
[0m02:38:53.272606 [info ] [MainThread]: 
[0m02:38:53.272869 [debug] [MainThread]: Acquiring new postgres connection 'master'
[0m02:38:53.273313 [debug] [ThreadPool]: Acquiring new postgres connection 'list_postgres'
[0m02:38:53.313166 [debug] [ThreadPool]: Using postgres connection "list_postgres"
[0m02:38:53.313424 [debug] [ThreadPool]: On list_postgres: /* {"app": "dbt", "dbt_version": "1.10.19", "profile_name": "enpal_assessment_project", "target_name": "dev", "connection_name": "list_postgres"} */

    select distinct nspname from pg_namespace
  
[0m02:38:53.313583 [debug] [ThreadPool]: Opening a new connection, currently in state init
[0m02:38:53.363614 [debug] [ThreadPool]: SQL status: SELECT 5 in 0.050 seconds
[0m02:38:53.364618 [debug] [ThreadPool]: On list_postgres: Close
[0m02:38:53.368438 [debug] [ThreadPool]: Re-using an available connection from the pool (formerly list_postgres, now list_postgres_public_pipedrive_analytics)
[0m02:38:53.373341 [debug] [ThreadPool]: Using postgres connection "list_postgres_public_pipedrive_analytics"
[0m02:38:53.373570 [debug] [ThreadPool]: On list_postgres_public_pipedrive_analytics: BEGIN
[0m02:38:53.373747 [debug] [ThreadPool]: Opening a new connection, currently in state closed
[0m02:38:53.384311 [debug] [ThreadPool]: SQL status: BEGIN in 0.011 seconds
[0m02:38:53.384576 [debug] [ThreadPool]: Using postgres connection "list_postgres_public_pipedrive_analytics"
[0m02:38:53.384798 [debug] [ThreadPool]: On list_postgres_public_pipedrive_analytics: /* {"app": "dbt", "dbt_version": "1.10.19", "profile_name": "enpal_assessment_project", "target_name": "dev", "connection_name": "list_postgres_public_pipedrive_analytics"} */
select
      'postgres' as database,
      tablename as name,
      schemaname as schema,
      'table' as type
    from pg_tables
    where schemaname ilike 'public_pipedrive_analytics'
    union all
    select
      'postgres' as database,
      viewname as name,
      schemaname as schema,
      'view' as type
    from pg_views
    where schemaname ilike 'public_pipedrive_analytics'
    union all
    select
      'postgres' as database,
      matviewname as name,
      schemaname as schema,
      'materialized_view' as type
    from pg_matviews
    where schemaname ilike 'public_pipedrive_analytics'
  
[0m02:38:53.387985 [debug] [ThreadPool]: SQL status: SELECT 6 in 0.003 seconds
[0m02:38:53.388920 [debug] [ThreadPool]: On list_postgres_public_pipedrive_analytics: ROLLBACK
[0m02:38:53.389385 [debug] [ThreadPool]: On list_postgres_public_pipedrive_analytics: Close
[0m02:38:53.393809 [debug] [MainThread]: Using postgres connection "master"
[0m02:38:53.394065 [debug] [MainThread]: On master: BEGIN
[0m02:38:53.394250 [debug] [MainThread]: Opening a new connection, currently in state init
[0m02:38:53.402296 [debug] [MainThread]: SQL status: BEGIN in 0.008 seconds
[0m02:38:53.402542 [debug] [MainThread]: Using postgres connection "master"
[0m02:38:53.402794 [debug] [MainThread]: On master: /* {"app": "dbt", "dbt_version": "1.10.19", "profile_name": "enpal_assessment_project", "target_name": "dev", "connection_name": "master"} */
select distinct
        dependent_namespace.nspname as dependent_schema,
        dependent_class.relname as dependent_name,
        referenced_namespace.nspname as referenced_schema,
        referenced_class.relname as referenced_name

    -- Query for views: views are entries in pg_class with an entry in pg_rewrite, but we avoid
    -- a seq scan on pg_rewrite by leveraging the fact there is an "internal" row in pg_depend for
    -- the view...
    from pg_class as dependent_class
    join pg_namespace as dependent_namespace on dependent_namespace.oid = dependent_class.relnamespace
    join pg_depend as dependent_depend on dependent_depend.refobjid = dependent_class.oid
        and dependent_depend.classid = 'pg_rewrite'::regclass
        and dependent_depend.refclassid = 'pg_class'::regclass
        and dependent_depend.deptype = 'i'

    -- ... and via pg_depend (that has a row per column, hence the need for "distinct" above, and
    -- making sure to exclude the internal row to avoid a view appearing to depend on itself)...
    join pg_depend as joining_depend on joining_depend.objid = dependent_depend.objid
        and joining_depend.classid = 'pg_rewrite'::regclass
        and joining_depend.refclassid = 'pg_class'::regclass
        and joining_depend.refobjid != dependent_depend.refobjid

    -- ... we can find the tables they query from in pg_class, but excluding system tables. Note we
    -- don't need need to exclude _dependent_ system tables, because they only query from other
    -- system tables, and so are automatically excluded by excluding _referenced_ system tables
    join pg_class as referenced_class on referenced_class.oid = joining_depend.refobjid
    join pg_namespace as referenced_namespace on referenced_namespace.oid = referenced_class.relnamespace
        and referenced_namespace.nspname != 'information_schema'
        and referenced_namespace.nspname not like 'pg\_%'

    order by
        dependent_schema, dependent_name, referenced_schema, referenced_name;
[0m02:38:53.406105 [debug] [MainThread]: SQL status: SELECT 0 in 0.003 seconds
[0m02:38:53.406915 [debug] [MainThread]: Sending event: {'category': 'dbt', 'action': 'runnable_timing', 'label': 'be183206-2c94-415c-88bb-1792716039c9', 'context': [<snowplow_tracker.self_describing_json.SelfDescribingJson object at 0x10a435eb0>]}
[0m02:38:53.407229 [debug] [MainThread]: On master: ROLLBACK
[0m02:38:53.407704 [debug] [MainThread]: Using postgres connection "master"
[0m02:38:53.407891 [debug] [MainThread]: On master: BEGIN
[0m02:38:53.408578 [debug] [MainThread]: SQL status: BEGIN in 0.000 seconds
[0m02:38:53.408823 [debug] [MainThread]: On master: COMMIT
[0m02:38:53.409025 [debug] [MainThread]: Using postgres connection "master"
[0m02:38:53.409211 [debug] [MainThread]: On master: COMMIT
[0m02:38:53.409624 [debug] [MainThread]: SQL status: COMMIT in 0.000 seconds
[0m02:38:53.409818 [debug] [MainThread]: On master: Close
[0m02:38:53.411543 [debug] [Thread-1  ]: Began running node model.enpal_assessment_project.users
[0m02:38:53.411936 [info ] [Thread-1  ]: 1 of 1 START sql table model public_pipedrive_analytics.users .................. [RUN]
[0m02:38:53.412248 [debug] [Thread-1  ]: Re-using an available connection from the pool (formerly list_postgres_public_pipedrive_analytics, now model.enpal_assessment_project.users)
[0m02:38:53.412483 [debug] [Thread-1  ]: Began compiling node model.enpal_assessment_project.users
[0m02:38:53.419129 [debug] [Thread-1  ]: Writing injected SQL for node "model.enpal_assessment_project.users"
[0m02:38:53.419777 [debug] [Thread-1  ]: Began executing node model.enpal_assessment_project.users
[0m02:38:53.459285 [debug] [Thread-1  ]: Writing runtime sql for node "model.enpal_assessment_project.users"
[0m02:38:53.459934 [debug] [Thread-1  ]: Using postgres connection "model.enpal_assessment_project.users"
[0m02:38:53.460147 [debug] [Thread-1  ]: On model.enpal_assessment_project.users: BEGIN
[0m02:38:53.460430 [debug] [Thread-1  ]: Opening a new connection, currently in state closed
[0m02:38:53.474757 [debug] [Thread-1  ]: SQL status: BEGIN in 0.014 seconds
[0m02:38:53.475080 [debug] [Thread-1  ]: Using postgres connection "model.enpal_assessment_project.users"
[0m02:38:53.475314 [debug] [Thread-1  ]: On model.enpal_assessment_project.users: /* {"app": "dbt", "dbt_version": "1.10.19", "profile_name": "enpal_assessment_project", "target_name": "dev", "node_id": "model.enpal_assessment_project.users"} */

  
    

  create  table "postgres"."public_pipedrive_analytics"."users__dbt_tmp"
  
  
    as
  
  (
    SELECT 
    U.id, 
    U.name, 
    U.email, 
    U.modified 
FROM "postgres"."public"."users" U
  );
  
[0m02:38:53.481090 [debug] [Thread-1  ]: SQL status: SELECT 1787 in 0.006 seconds
[0m02:38:53.488935 [debug] [Thread-1  ]: Using postgres connection "model.enpal_assessment_project.users"
[0m02:38:53.489208 [debug] [Thread-1  ]: On model.enpal_assessment_project.users: /* {"app": "dbt", "dbt_version": "1.10.19", "profile_name": "enpal_assessment_project", "target_name": "dev", "node_id": "model.enpal_assessment_project.users"} */
alter table "postgres"."public_pipedrive_analytics"."users" rename to "users__dbt_backup"
[0m02:38:53.490048 [debug] [Thread-1  ]: SQL status: ALTER TABLE in 0.001 seconds
[0m02:38:53.492336 [debug] [Thread-1  ]: Using postgres connection "model.enpal_assessment_project.users"
[0m02:38:53.492570 [debug] [Thread-1  ]: On model.enpal_assessment_project.users: /* {"app": "dbt", "dbt_version": "1.10.19", "profile_name": "enpal_assessment_project", "target_name": "dev", "node_id": "model.enpal_assessment_project.users"} */
alter table "postgres"."public_pipedrive_analytics"."users__dbt_tmp" rename to "users"
[0m02:38:53.493202 [debug] [Thread-1  ]: SQL status: ALTER TABLE in 0.000 seconds
[0m02:38:53.505000 [debug] [Thread-1  ]: On model.enpal_assessment_project.users: COMMIT
[0m02:38:53.505232 [debug] [Thread-1  ]: Using postgres connection "model.enpal_assessment_project.users"
[0m02:38:53.505436 [debug] [Thread-1  ]: On model.enpal_assessment_project.users: COMMIT
[0m02:38:53.508229 [debug] [Thread-1  ]: SQL status: COMMIT in 0.003 seconds
[0m02:38:53.512745 [debug] [Thread-1  ]: Applying DROP to: "postgres"."public_pipedrive_analytics"."users__dbt_backup"
[0m02:38:53.515706 [debug] [Thread-1  ]: Using postgres connection "model.enpal_assessment_project.users"
[0m02:38:53.515926 [debug] [Thread-1  ]: On model.enpal_assessment_project.users: /* {"app": "dbt", "dbt_version": "1.10.19", "profile_name": "enpal_assessment_project", "target_name": "dev", "node_id": "model.enpal_assessment_project.users"} */
drop table if exists "postgres"."public_pipedrive_analytics"."users__dbt_backup" cascade
[0m02:38:53.521572 [debug] [Thread-1  ]: SQL status: DROP TABLE in 0.005 seconds
[0m02:38:53.523302 [debug] [Thread-1  ]: On model.enpal_assessment_project.users: Close
[0m02:38:53.524789 [debug] [Thread-1  ]: Sending event: {'category': 'dbt', 'action': 'run_model', 'label': 'be183206-2c94-415c-88bb-1792716039c9', 'context': [<snowplow_tracker.self_describing_json.SelfDescribingJson object at 0x10c0452b0>]}
[0m02:38:53.525243 [info ] [Thread-1  ]: 1 of 1 OK created sql table model public_pipedrive_analytics.users ............. [[32mSELECT 1787[0m in 0.11s]
[0m02:38:53.525600 [debug] [Thread-1  ]: Finished running node model.enpal_assessment_project.users
[0m02:38:53.526303 [debug] [MainThread]: Using postgres connection "master"
[0m02:38:53.526511 [debug] [MainThread]: On master: BEGIN
[0m02:38:53.526687 [debug] [MainThread]: Opening a new connection, currently in state closed
[0m02:38:53.536062 [debug] [MainThread]: SQL status: BEGIN in 0.009 seconds
[0m02:38:53.536329 [debug] [MainThread]: On master: COMMIT
[0m02:38:53.536526 [debug] [MainThread]: Using postgres connection "master"
[0m02:38:53.536706 [debug] [MainThread]: On master: COMMIT
[0m02:38:53.537158 [debug] [MainThread]: SQL status: COMMIT in 0.000 seconds
[0m02:38:53.537366 [debug] [MainThread]: On master: Close
[0m02:38:53.537634 [debug] [MainThread]: Connection 'master' was properly closed.
[0m02:38:53.537811 [debug] [MainThread]: Connection 'model.enpal_assessment_project.users' was properly closed.
[0m02:38:53.538058 [info ] [MainThread]: 
[0m02:38:53.538265 [info ] [MainThread]: Finished running 1 table model in 0 hours 0 minutes and 0.27 seconds (0.27s).
[0m02:38:53.538706 [debug] [MainThread]: Command end result
[0m02:38:53.556200 [debug] [MainThread]: Wrote artifact WritableManifest to /Users/rajukaju/Projects/dbt_enpal_assessment/target/manifest.json
[0m02:38:53.557404 [debug] [MainThread]: Wrote artifact SemanticManifest to /Users/rajukaju/Projects/dbt_enpal_assessment/target/semantic_manifest.json
[0m02:38:53.561809 [debug] [MainThread]: Wrote artifact RunExecutionResult to /Users/rajukaju/Projects/dbt_enpal_assessment/target/run_results.json
[0m02:38:53.562104 [info ] [MainThread]: 
[0m02:38:53.562448 [info ] [MainThread]: [32mCompleted successfully[0m
[0m02:38:53.562661 [info ] [MainThread]: 
[0m02:38:53.562853 [info ] [MainThread]: Done. PASS=1 WARN=0 ERROR=0 SKIP=0 NO-OP=0 TOTAL=1
[0m02:38:53.565038 [debug] [MainThread]: Resource report: {"command_name": "run", "command_success": true, "command_wall_clock_time": 0.82482564, "process_in_blocks": "0", "process_kernel_time": 0.234438, "process_mem_max_rss": "126648320", "process_out_blocks": "0", "process_user_time": 1.353703}
[0m02:38:53.565286 [debug] [MainThread]: Command `dbt run` succeeded at 02:38:53.565235 after 0.83 seconds
[0m02:38:53.565508 [debug] [MainThread]: Sending event: {'category': 'dbt', 'action': 'invocation', 'label': 'end', 'context': [<snowplow_tracker.self_describing_json.SelfDescribingJson object at 0x109b85280>, <snowplow_tracker.self_describing_json.SelfDescribingJson object at 0x109e58b50>, <snowplow_tracker.self_describing_json.SelfDescribingJson object at 0x10b3ab220>]}
[0m02:38:53.565729 [debug] [MainThread]: Flushing usage events
[0m02:38:54.740030 [debug] [MainThread]: An error was encountered while trying to flush usage events
[0m05:14:53.806199 [debug] [MainThread]: Sending event: {'category': 'dbt', 'action': 'invocation', 'label': 'start', 'context': [<snowplow_tracker.self_describing_json.SelfDescribingJson object at 0x107dfd2b0>, <snowplow_tracker.self_describing_json.SelfDescribingJson object at 0x108e7bfa0>, <snowplow_tracker.self_describing_json.SelfDescribingJson object at 0x108e7b130>]}


============================== 05:14:53.809522 | 3212cfee-534e-4479-8a5c-144ea44728ac ==============================
[0m05:14:53.809522 [info ] [MainThread]: Running with dbt=1.10.19
[0m05:14:53.809888 [debug] [MainThread]: running dbt with arguments {'log_format': 'default', 'invocation_command': 'dbt run -s stage_lost_reasons.sql', 'static_parser': 'True', 'no_print': 'None', 'fail_fast': 'False', 'cache_selected_only': 'False', 'printer_width': '80', 'partial_parse': 'True', 'send_anonymous_usage_stats': 'True', 'indirect_selection': 'eager', 'quiet': 'False', 'introspect': 'True', 'log_cache_events': 'False', 'write_json': 'True', 'warn_error': 'None', 'warn_error_options': 'WarnErrorOptionsV2(error=[], warn=[], silence=[])', 'use_experimental_parser': 'False', 'use_colors': 'True', 'log_path': '/Users/rajukaju/Projects/dbt_enpal_assessment/logs', 'profiles_dir': '/Users/rajukaju/Projects/dbt_enpal_assessment', 'debug': 'False', 'empty': 'False', 'target_path': 'None', 'version_check': 'True'}
[0m05:14:53.980055 [debug] [MainThread]: Sending event: {'category': 'dbt', 'action': 'project_id', 'label': '3212cfee-534e-4479-8a5c-144ea44728ac', 'context': [<snowplow_tracker.self_describing_json.SelfDescribingJson object at 0x108731190>]}
[0m05:14:54.016379 [debug] [MainThread]: Sending event: {'category': 'dbt', 'action': 'adapter_info', 'label': '3212cfee-534e-4479-8a5c-144ea44728ac', 'context': [<snowplow_tracker.self_describing_json.SelfDescribingJson object at 0x1065508e0>]}
[0m05:14:54.017109 [info ] [MainThread]: Registered adapter: postgres=1.9.1
[0m05:14:54.090766 [debug] [MainThread]: checksum: c35ba6d374a0901ceb00688d5179d5550885e1756283b03e5e81c28e0d8d2248, vars: {}, profile: , target: , version: 1.10.19
[0m05:14:54.185554 [debug] [MainThread]: Partial parsing enabled: 0 files deleted, 1 files added, 0 files changed.
[0m05:14:54.185901 [debug] [MainThread]: Partial parsing: added file: enpal_assessment_project://models/silver_stage/stg_lost_reasons.sql
[0m05:14:54.372995 [debug] [MainThread]: Sending event: {'category': 'dbt', 'action': 'load_project', 'label': '3212cfee-534e-4479-8a5c-144ea44728ac', 'context': [<snowplow_tracker.self_describing_json.SelfDescribingJson object at 0x10a00a190>]}
[0m05:14:54.426658 [debug] [MainThread]: Wrote artifact WritableManifest to /Users/rajukaju/Projects/dbt_enpal_assessment/target/manifest.json
[0m05:14:54.428658 [debug] [MainThread]: Wrote artifact SemanticManifest to /Users/rajukaju/Projects/dbt_enpal_assessment/target/semantic_manifest.json
[0m05:14:54.440782 [debug] [MainThread]: Sending event: {'category': 'dbt', 'action': 'resource_counts', 'label': '3212cfee-534e-4479-8a5c-144ea44728ac', 'context': [<snowplow_tracker.self_describing_json.SelfDescribingJson object at 0x109572c10>]}
[0m05:14:54.441075 [info ] [MainThread]: Found 7 models, 6 sources, 447 macros
[0m05:14:54.441265 [debug] [MainThread]: Sending event: {'category': 'dbt', 'action': 'runnable_timing', 'label': '3212cfee-534e-4479-8a5c-144ea44728ac', 'context': [<snowplow_tracker.self_describing_json.SelfDescribingJson object at 0x109e91640>]}
[0m05:14:54.441745 [warn ] [MainThread]: The selection criterion 'stage_lost_reasons.sql' does not match any enabled nodes
[0m05:14:54.442196 [warn ] [MainThread]: Nothing to do. Try checking your model configs and model specification args
[0m05:14:54.442489 [debug] [MainThread]: Command end result
[0m05:14:54.457328 [debug] [MainThread]: Wrote artifact WritableManifest to /Users/rajukaju/Projects/dbt_enpal_assessment/target/manifest.json
[0m05:14:54.458246 [debug] [MainThread]: Wrote artifact SemanticManifest to /Users/rajukaju/Projects/dbt_enpal_assessment/target/semantic_manifest.json
[0m05:14:54.460185 [debug] [MainThread]: Wrote artifact RunExecutionResult to /Users/rajukaju/Projects/dbt_enpal_assessment/target/run_results.json
[0m05:14:54.462400 [debug] [MainThread]: Resource report: {"command_name": "run", "command_success": true, "command_wall_clock_time": 0.7074162, "process_in_blocks": "0", "process_kernel_time": 0.244502, "process_mem_max_rss": "115294208", "process_out_blocks": "0", "process_user_time": 1.298061}
[0m05:14:54.462634 [debug] [MainThread]: Command `dbt run` succeeded at 05:14:54.462585 after 0.71 seconds
[0m05:14:54.462831 [debug] [MainThread]: Sending event: {'category': 'dbt', 'action': 'invocation', 'label': 'end', 'context': [<snowplow_tracker.self_describing_json.SelfDescribingJson object at 0x107dfd2b0>, <snowplow_tracker.self_describing_json.SelfDescribingJson object at 0x108ebbeb0>, <snowplow_tracker.self_describing_json.SelfDescribingJson object at 0x108ebb5e0>]}
[0m05:14:54.463024 [debug] [MainThread]: Flushing usage events
[0m05:14:55.693281 [debug] [MainThread]: An error was encountered while trying to flush usage events
[0m05:16:54.881194 [debug] [MainThread]: Sending event: {'category': 'dbt', 'action': 'invocation', 'label': 'start', 'context': [<snowplow_tracker.self_describing_json.SelfDescribingJson object at 0x107951280>, <snowplow_tracker.self_describing_json.SelfDescribingJson object at 0x1089cfe80>, <snowplow_tracker.self_describing_json.SelfDescribingJson object at 0x1089cf250>]}


============================== 05:16:54.884217 | 4fb0745b-39f1-4a1b-8f66-293b61738208 ==============================
[0m05:16:54.884217 [info ] [MainThread]: Running with dbt=1.10.19
[0m05:16:54.884579 [debug] [MainThread]: running dbt with arguments {'printer_width': '80', 'debug': 'False', 'empty': 'False', 'log_format': 'default', 'use_experimental_parser': 'False', 'static_parser': 'True', 'log_cache_events': 'False', 'profiles_dir': '/Users/rajukaju/Projects/dbt_enpal_assessment', 'fail_fast': 'False', 'quiet': 'False', 'introspect': 'True', 'indirect_selection': 'eager', 'partial_parse': 'True', 'log_path': '/Users/rajukaju/Projects/dbt_enpal_assessment/logs', 'send_anonymous_usage_stats': 'True', 'write_json': 'True', 'cache_selected_only': 'False', 'use_colors': 'True', 'warn_error': 'None', 'no_print': 'None', 'version_check': 'True', 'warn_error_options': 'WarnErrorOptionsV2(error=[], warn=[], silence=[])', 'target_path': 'None', 'invocation_command': 'dbt run -s stage_lost_reasons.sql'}
[0m05:16:55.002686 [debug] [MainThread]: Sending event: {'category': 'dbt', 'action': 'project_id', 'label': '4fb0745b-39f1-4a1b-8f66-293b61738208', 'context': [<snowplow_tracker.self_describing_json.SelfDescribingJson object at 0x1089aa460>]}
[0m05:16:55.039270 [debug] [MainThread]: Sending event: {'category': 'dbt', 'action': 'adapter_info', 'label': '4fb0745b-39f1-4a1b-8f66-293b61738208', 'context': [<snowplow_tracker.self_describing_json.SelfDescribingJson object at 0x108242670>]}
[0m05:16:55.039993 [info ] [MainThread]: Registered adapter: postgres=1.9.1
[0m05:16:55.113152 [debug] [MainThread]: checksum: c35ba6d374a0901ceb00688d5179d5550885e1756283b03e5e81c28e0d8d2248, vars: {}, profile: , target: , version: 1.10.19
[0m05:16:55.207107 [debug] [MainThread]: Partial parsing enabled: 0 files deleted, 0 files added, 1 files changed.
[0m05:16:55.207480 [debug] [MainThread]: Partial parsing: updated file: enpal_assessment_project://models/silver_stage/stg_lost_reasons.sql
[0m05:16:55.394368 [debug] [MainThread]: Sending event: {'category': 'dbt', 'action': 'load_project', 'label': '4fb0745b-39f1-4a1b-8f66-293b61738208', 'context': [<snowplow_tracker.self_describing_json.SelfDescribingJson object at 0x109a93550>]}
[0m05:16:55.447487 [debug] [MainThread]: Wrote artifact WritableManifest to /Users/rajukaju/Projects/dbt_enpal_assessment/target/manifest.json
[0m05:16:55.448707 [debug] [MainThread]: Wrote artifact SemanticManifest to /Users/rajukaju/Projects/dbt_enpal_assessment/target/semantic_manifest.json
[0m05:16:55.460596 [debug] [MainThread]: Sending event: {'category': 'dbt', 'action': 'resource_counts', 'label': '4fb0745b-39f1-4a1b-8f66-293b61738208', 'context': [<snowplow_tracker.self_describing_json.SelfDescribingJson object at 0x10908dd90>]}
[0m05:16:55.460893 [info ] [MainThread]: Found 7 models, 6 sources, 447 macros
[0m05:16:55.461084 [debug] [MainThread]: Sending event: {'category': 'dbt', 'action': 'runnable_timing', 'label': '4fb0745b-39f1-4a1b-8f66-293b61738208', 'context': [<snowplow_tracker.self_describing_json.SelfDescribingJson object at 0x109bb34c0>]}
[0m05:16:55.461564 [warn ] [MainThread]: The selection criterion 'stage_lost_reasons.sql' does not match any enabled nodes
[0m05:16:55.462024 [warn ] [MainThread]: Nothing to do. Try checking your model configs and model specification args
[0m05:16:55.462315 [debug] [MainThread]: Command end result
[0m05:16:55.476875 [debug] [MainThread]: Wrote artifact WritableManifest to /Users/rajukaju/Projects/dbt_enpal_assessment/target/manifest.json
[0m05:16:55.477800 [debug] [MainThread]: Wrote artifact SemanticManifest to /Users/rajukaju/Projects/dbt_enpal_assessment/target/semantic_manifest.json
[0m05:16:55.479762 [debug] [MainThread]: Wrote artifact RunExecutionResult to /Users/rajukaju/Projects/dbt_enpal_assessment/target/run_results.json
[0m05:16:55.481336 [debug] [MainThread]: Resource report: {"command_name": "run", "command_success": true, "command_wall_clock_time": 0.64641964, "process_in_blocks": "0", "process_kernel_time": 0.179008, "process_mem_max_rss": "115277824", "process_out_blocks": "0", "process_user_time": 1.286598}
[0m05:16:55.481565 [debug] [MainThread]: Command `dbt run` succeeded at 05:16:55.481517 after 0.65 seconds
[0m05:16:55.481763 [debug] [MainThread]: Sending event: {'category': 'dbt', 'action': 'invocation', 'label': 'end', 'context': [<snowplow_tracker.self_describing_json.SelfDescribingJson object at 0x107951280>, <snowplow_tracker.self_describing_json.SelfDescribingJson object at 0x109b52b80>, <snowplow_tracker.self_describing_json.SelfDescribingJson object at 0x108949e50>]}
[0m05:16:55.481955 [debug] [MainThread]: Flushing usage events
[0m05:16:56.628961 [debug] [MainThread]: An error was encountered while trying to flush usage events
[0m05:17:33.126068 [debug] [MainThread]: Sending event: {'category': 'dbt', 'action': 'invocation', 'label': 'start', 'context': [<snowplow_tracker.self_describing_json.SelfDescribingJson object at 0x10be51220>, <snowplow_tracker.self_describing_json.SelfDescribingJson object at 0x10cecff10>, <snowplow_tracker.self_describing_json.SelfDescribingJson object at 0x10cecf130>]}


============================== 05:17:33.128947 | 1858eebf-ac45-442a-a433-cddaa663747e ==============================
[0m05:17:33.128947 [info ] [MainThread]: Running with dbt=1.10.19
[0m05:17:33.129280 [debug] [MainThread]: running dbt with arguments {'debug': 'False', 'introspect': 'True', 'use_experimental_parser': 'False', 'target_path': 'None', 'fail_fast': 'False', 'log_format': 'default', 'cache_selected_only': 'False', 'indirect_selection': 'eager', 'profiles_dir': '/Users/rajukaju/Projects/dbt_enpal_assessment', 'write_json': 'True', 'partial_parse': 'True', 'log_path': '/Users/rajukaju/Projects/dbt_enpal_assessment/logs', 'static_parser': 'True', 'send_anonymous_usage_stats': 'True', 'log_cache_events': 'False', 'warn_error': 'None', 'printer_width': '80', 'use_colors': 'True', 'warn_error_options': 'WarnErrorOptionsV2(error=[], warn=[], silence=[])', 'invocation_command': 'dbt run -s activity.sql', 'no_print': 'None', 'quiet': 'False', 'version_check': 'True', 'empty': 'False'}
[0m05:17:33.234033 [debug] [MainThread]: Sending event: {'category': 'dbt', 'action': 'project_id', 'label': '1858eebf-ac45-442a-a433-cddaa663747e', 'context': [<snowplow_tracker.self_describing_json.SelfDescribingJson object at 0x10ceab040>]}
[0m05:17:33.270465 [debug] [MainThread]: Sending event: {'category': 'dbt', 'action': 'adapter_info', 'label': '1858eebf-ac45-442a-a433-cddaa663747e', 'context': [<snowplow_tracker.self_describing_json.SelfDescribingJson object at 0x10d3b2430>]}
[0m05:17:33.271290 [info ] [MainThread]: Registered adapter: postgres=1.9.1
[0m05:17:33.340884 [debug] [MainThread]: checksum: c35ba6d374a0901ceb00688d5179d5550885e1756283b03e5e81c28e0d8d2248, vars: {}, profile: , target: , version: 1.10.19
[0m05:17:33.432465 [debug] [MainThread]: Partial parsing enabled: 0 files deleted, 0 files added, 0 files changed.
[0m05:17:33.432702 [debug] [MainThread]: Partial parsing enabled, no changes found, skipping parsing
[0m05:17:33.457913 [debug] [MainThread]: Sending event: {'category': 'dbt', 'action': 'load_project', 'label': '1858eebf-ac45-442a-a433-cddaa663747e', 'context': [<snowplow_tracker.self_describing_json.SelfDescribingJson object at 0x10df33a00>]}
[0m05:17:33.512840 [debug] [MainThread]: Wrote artifact WritableManifest to /Users/rajukaju/Projects/dbt_enpal_assessment/target/manifest.json
[0m05:17:33.514190 [debug] [MainThread]: Wrote artifact SemanticManifest to /Users/rajukaju/Projects/dbt_enpal_assessment/target/semantic_manifest.json
[0m05:17:33.524862 [debug] [MainThread]: Sending event: {'category': 'dbt', 'action': 'resource_counts', 'label': '1858eebf-ac45-442a-a433-cddaa663747e', 'context': [<snowplow_tracker.self_describing_json.SelfDescribingJson object at 0x10de94a60>]}
[0m05:17:33.525163 [info ] [MainThread]: Found 7 models, 6 sources, 447 macros
[0m05:17:33.525356 [debug] [MainThread]: Sending event: {'category': 'dbt', 'action': 'runnable_timing', 'label': '1858eebf-ac45-442a-a433-cddaa663747e', 'context': [<snowplow_tracker.self_describing_json.SelfDescribingJson object at 0x10d69fd00>]}
[0m05:17:33.526155 [info ] [MainThread]: 
[0m05:17:33.526350 [info ] [MainThread]: Concurrency: 1 threads (target='dev')
[0m05:17:33.526509 [info ] [MainThread]: 
[0m05:17:33.526786 [debug] [MainThread]: Acquiring new postgres connection 'master'
[0m05:17:33.527270 [debug] [ThreadPool]: Acquiring new postgres connection 'list_postgres'
[0m05:17:33.600366 [debug] [ThreadPool]: Using postgres connection "list_postgres"
[0m05:17:33.600613 [debug] [ThreadPool]: On list_postgres: /* {"app": "dbt", "dbt_version": "1.10.19", "profile_name": "enpal_assessment_project", "target_name": "dev", "connection_name": "list_postgres"} */

    select distinct nspname from pg_namespace
  
[0m05:17:33.600772 [debug] [ThreadPool]: Opening a new connection, currently in state init
[0m05:17:33.762711 [debug] [ThreadPool]: SQL status: SELECT 5 in 0.162 seconds
[0m05:17:33.764258 [debug] [ThreadPool]: On list_postgres: Close
[0m05:17:33.769870 [debug] [ThreadPool]: Re-using an available connection from the pool (formerly list_postgres, now list_postgres_public_pipedrive_analytics)
[0m05:17:33.776953 [debug] [ThreadPool]: Using postgres connection "list_postgres_public_pipedrive_analytics"
[0m05:17:33.777261 [debug] [ThreadPool]: On list_postgres_public_pipedrive_analytics: BEGIN
[0m05:17:33.777504 [debug] [ThreadPool]: Opening a new connection, currently in state closed
[0m05:17:33.790370 [debug] [ThreadPool]: SQL status: BEGIN in 0.013 seconds
[0m05:17:33.790663 [debug] [ThreadPool]: Using postgres connection "list_postgres_public_pipedrive_analytics"
[0m05:17:33.790961 [debug] [ThreadPool]: On list_postgres_public_pipedrive_analytics: /* {"app": "dbt", "dbt_version": "1.10.19", "profile_name": "enpal_assessment_project", "target_name": "dev", "connection_name": "list_postgres_public_pipedrive_analytics"} */
select
      'postgres' as database,
      tablename as name,
      schemaname as schema,
      'table' as type
    from pg_tables
    where schemaname ilike 'public_pipedrive_analytics'
    union all
    select
      'postgres' as database,
      viewname as name,
      schemaname as schema,
      'view' as type
    from pg_views
    where schemaname ilike 'public_pipedrive_analytics'
    union all
    select
      'postgres' as database,
      matviewname as name,
      schemaname as schema,
      'materialized_view' as type
    from pg_matviews
    where schemaname ilike 'public_pipedrive_analytics'
  
[0m05:17:33.798076 [debug] [ThreadPool]: SQL status: SELECT 6 in 0.007 seconds
[0m05:17:33.799340 [debug] [ThreadPool]: On list_postgres_public_pipedrive_analytics: ROLLBACK
[0m05:17:33.799960 [debug] [ThreadPool]: On list_postgres_public_pipedrive_analytics: Close
[0m05:17:33.805985 [debug] [MainThread]: Using postgres connection "master"
[0m05:17:33.806308 [debug] [MainThread]: On master: BEGIN
[0m05:17:33.806555 [debug] [MainThread]: Opening a new connection, currently in state init
[0m05:17:33.816072 [debug] [MainThread]: SQL status: BEGIN in 0.009 seconds
[0m05:17:33.816366 [debug] [MainThread]: Using postgres connection "master"
[0m05:17:33.816670 [debug] [MainThread]: On master: /* {"app": "dbt", "dbt_version": "1.10.19", "profile_name": "enpal_assessment_project", "target_name": "dev", "connection_name": "master"} */
select distinct
        dependent_namespace.nspname as dependent_schema,
        dependent_class.relname as dependent_name,
        referenced_namespace.nspname as referenced_schema,
        referenced_class.relname as referenced_name

    -- Query for views: views are entries in pg_class with an entry in pg_rewrite, but we avoid
    -- a seq scan on pg_rewrite by leveraging the fact there is an "internal" row in pg_depend for
    -- the view...
    from pg_class as dependent_class
    join pg_namespace as dependent_namespace on dependent_namespace.oid = dependent_class.relnamespace
    join pg_depend as dependent_depend on dependent_depend.refobjid = dependent_class.oid
        and dependent_depend.classid = 'pg_rewrite'::regclass
        and dependent_depend.refclassid = 'pg_class'::regclass
        and dependent_depend.deptype = 'i'

    -- ... and via pg_depend (that has a row per column, hence the need for "distinct" above, and
    -- making sure to exclude the internal row to avoid a view appearing to depend on itself)...
    join pg_depend as joining_depend on joining_depend.objid = dependent_depend.objid
        and joining_depend.classid = 'pg_rewrite'::regclass
        and joining_depend.refclassid = 'pg_class'::regclass
        and joining_depend.refobjid != dependent_depend.refobjid

    -- ... we can find the tables they query from in pg_class, but excluding system tables. Note we
    -- don't need need to exclude _dependent_ system tables, because they only query from other
    -- system tables, and so are automatically excluded by excluding _referenced_ system tables
    join pg_class as referenced_class on referenced_class.oid = joining_depend.refobjid
    join pg_namespace as referenced_namespace on referenced_namespace.oid = referenced_class.relnamespace
        and referenced_namespace.nspname != 'information_schema'
        and referenced_namespace.nspname not like 'pg\_%'

    order by
        dependent_schema, dependent_name, referenced_schema, referenced_name;
[0m05:17:33.821529 [debug] [MainThread]: SQL status: SELECT 0 in 0.005 seconds
[0m05:17:33.822685 [debug] [MainThread]: Sending event: {'category': 'dbt', 'action': 'runnable_timing', 'label': '1858eebf-ac45-442a-a433-cddaa663747e', 'context': [<snowplow_tracker.self_describing_json.SelfDescribingJson object at 0x10a8bd8e0>]}
[0m05:17:33.823119 [debug] [MainThread]: On master: ROLLBACK
[0m05:17:33.823752 [debug] [MainThread]: Using postgres connection "master"
[0m05:17:33.824023 [debug] [MainThread]: On master: BEGIN
[0m05:17:33.824896 [debug] [MainThread]: SQL status: BEGIN in 0.001 seconds
[0m05:17:33.825218 [debug] [MainThread]: On master: COMMIT
[0m05:17:33.825490 [debug] [MainThread]: Using postgres connection "master"
[0m05:17:33.825734 [debug] [MainThread]: On master: COMMIT
[0m05:17:33.826239 [debug] [MainThread]: SQL status: COMMIT in 0.000 seconds
[0m05:17:33.826511 [debug] [MainThread]: On master: Close
[0m05:17:33.828739 [debug] [Thread-1  ]: Began running node model.enpal_assessment_project.activity
[0m05:17:33.829250 [info ] [Thread-1  ]: 1 of 1 START sql table model public_pipedrive_analytics.activity ............... [RUN]
[0m05:17:33.829653 [debug] [Thread-1  ]: Re-using an available connection from the pool (formerly list_postgres_public_pipedrive_analytics, now model.enpal_assessment_project.activity)
[0m05:17:33.829971 [debug] [Thread-1  ]: Began compiling node model.enpal_assessment_project.activity
[0m05:17:33.838032 [debug] [Thread-1  ]: Writing injected SQL for node "model.enpal_assessment_project.activity"
[0m05:17:33.839007 [debug] [Thread-1  ]: Began executing node model.enpal_assessment_project.activity
[0m05:17:33.868297 [debug] [Thread-1  ]: Writing runtime sql for node "model.enpal_assessment_project.activity"
[0m05:17:33.868885 [debug] [Thread-1  ]: Using postgres connection "model.enpal_assessment_project.activity"
[0m05:17:33.869100 [debug] [Thread-1  ]: On model.enpal_assessment_project.activity: BEGIN
[0m05:17:33.869292 [debug] [Thread-1  ]: Opening a new connection, currently in state closed
[0m05:17:33.881790 [debug] [Thread-1  ]: SQL status: BEGIN in 0.012 seconds
[0m05:17:33.882056 [debug] [Thread-1  ]: Using postgres connection "model.enpal_assessment_project.activity"
[0m05:17:33.882298 [debug] [Thread-1  ]: On model.enpal_assessment_project.activity: /* {"app": "dbt", "dbt_version": "1.10.19", "profile_name": "enpal_assessment_project", "target_name": "dev", "node_id": "model.enpal_assessment_project.activity"} */

  
    

  create  table "postgres"."public_pipedrive_analytics"."activity__dbt_tmp"
  
  
    as
  
  (
    SELECT 
    A.activity_id, 
    A.type,  
    A.assigned_to_user, 
    A.deal_id, 
    A.done, 
    A.due_to 
FROM "postgres"."public"."activity" A
  );
  
[0m05:17:33.893394 [debug] [Thread-1  ]: SQL status: SELECT 4579 in 0.011 seconds
[0m05:17:33.902097 [debug] [Thread-1  ]: Using postgres connection "model.enpal_assessment_project.activity"
[0m05:17:33.902441 [debug] [Thread-1  ]: On model.enpal_assessment_project.activity: /* {"app": "dbt", "dbt_version": "1.10.19", "profile_name": "enpal_assessment_project", "target_name": "dev", "node_id": "model.enpal_assessment_project.activity"} */
alter table "postgres"."public_pipedrive_analytics"."activity" rename to "activity__dbt_backup"
[0m05:17:33.903750 [debug] [Thread-1  ]: SQL status: ALTER TABLE in 0.001 seconds
[0m05:17:33.906226 [debug] [Thread-1  ]: Using postgres connection "model.enpal_assessment_project.activity"
[0m05:17:33.906479 [debug] [Thread-1  ]: On model.enpal_assessment_project.activity: /* {"app": "dbt", "dbt_version": "1.10.19", "profile_name": "enpal_assessment_project", "target_name": "dev", "node_id": "model.enpal_assessment_project.activity"} */
alter table "postgres"."public_pipedrive_analytics"."activity__dbt_tmp" rename to "activity"
[0m05:17:33.907095 [debug] [Thread-1  ]: SQL status: ALTER TABLE in 0.000 seconds
[0m05:17:33.919154 [debug] [Thread-1  ]: On model.enpal_assessment_project.activity: COMMIT
[0m05:17:33.919402 [debug] [Thread-1  ]: Using postgres connection "model.enpal_assessment_project.activity"
[0m05:17:33.919614 [debug] [Thread-1  ]: On model.enpal_assessment_project.activity: COMMIT
[0m05:17:33.921495 [debug] [Thread-1  ]: SQL status: COMMIT in 0.002 seconds
[0m05:17:33.926034 [debug] [Thread-1  ]: Applying DROP to: "postgres"."public_pipedrive_analytics"."activity__dbt_backup"
[0m05:17:33.929060 [debug] [Thread-1  ]: Using postgres connection "model.enpal_assessment_project.activity"
[0m05:17:33.929280 [debug] [Thread-1  ]: On model.enpal_assessment_project.activity: /* {"app": "dbt", "dbt_version": "1.10.19", "profile_name": "enpal_assessment_project", "target_name": "dev", "node_id": "model.enpal_assessment_project.activity"} */
drop table if exists "postgres"."public_pipedrive_analytics"."activity__dbt_backup" cascade
[0m05:17:33.933866 [debug] [Thread-1  ]: SQL status: DROP TABLE in 0.004 seconds
[0m05:17:33.935529 [debug] [Thread-1  ]: On model.enpal_assessment_project.activity: Close
[0m05:17:33.936924 [debug] [Thread-1  ]: Sending event: {'category': 'dbt', 'action': 'run_model', 'label': '1858eebf-ac45-442a-a433-cddaa663747e', 'context': [<snowplow_tracker.self_describing_json.SelfDescribingJson object at 0x10e338ca0>]}
[0m05:17:33.937366 [info ] [Thread-1  ]: 1 of 1 OK created sql table model public_pipedrive_analytics.activity .......... [[32mSELECT 4579[0m in 0.11s]
[0m05:17:33.937725 [debug] [Thread-1  ]: Finished running node model.enpal_assessment_project.activity
[0m05:17:33.938343 [debug] [MainThread]: Using postgres connection "master"
[0m05:17:33.938536 [debug] [MainThread]: On master: BEGIN
[0m05:17:33.938704 [debug] [MainThread]: Opening a new connection, currently in state closed
[0m05:17:33.946972 [debug] [MainThread]: SQL status: BEGIN in 0.008 seconds
[0m05:17:33.947199 [debug] [MainThread]: On master: COMMIT
[0m05:17:33.947390 [debug] [MainThread]: Using postgres connection "master"
[0m05:17:33.947566 [debug] [MainThread]: On master: COMMIT
[0m05:17:33.947937 [debug] [MainThread]: SQL status: COMMIT in 0.000 seconds
[0m05:17:33.948158 [debug] [MainThread]: On master: Close
[0m05:17:33.948424 [debug] [MainThread]: Connection 'master' was properly closed.
[0m05:17:33.948606 [debug] [MainThread]: Connection 'model.enpal_assessment_project.activity' was properly closed.
[0m05:17:33.948801 [info ] [MainThread]: 
[0m05:17:33.949006 [info ] [MainThread]: Finished running 1 table model in 0 hours 0 minutes and 0.42 seconds (0.42s).
[0m05:17:33.949447 [debug] [MainThread]: Command end result
[0m05:17:33.966874 [debug] [MainThread]: Wrote artifact WritableManifest to /Users/rajukaju/Projects/dbt_enpal_assessment/target/manifest.json
[0m05:17:33.967900 [debug] [MainThread]: Wrote artifact SemanticManifest to /Users/rajukaju/Projects/dbt_enpal_assessment/target/semantic_manifest.json
[0m05:17:33.971992 [debug] [MainThread]: Wrote artifact RunExecutionResult to /Users/rajukaju/Projects/dbt_enpal_assessment/target/run_results.json
[0m05:17:33.972180 [info ] [MainThread]: 
[0m05:17:33.972411 [info ] [MainThread]: [32mCompleted successfully[0m
[0m05:17:33.972581 [info ] [MainThread]: 
[0m05:17:33.972766 [info ] [MainThread]: Done. PASS=1 WARN=0 ERROR=0 SKIP=0 NO-OP=0 TOTAL=1
[0m05:17:33.974581 [debug] [MainThread]: Resource report: {"command_name": "run", "command_success": true, "command_wall_clock_time": 0.89330405, "process_in_blocks": "0", "process_kernel_time": 0.192572, "process_mem_max_rss": "126812160", "process_out_blocks": "0", "process_user_time": 1.315549}
[0m05:17:33.974908 [debug] [MainThread]: Command `dbt run` succeeded at 05:17:33.974855 after 0.89 seconds
[0m05:17:33.975135 [debug] [MainThread]: Sending event: {'category': 'dbt', 'action': 'invocation', 'label': 'end', 'context': [<snowplow_tracker.self_describing_json.SelfDescribingJson object at 0x10be51220>, <snowplow_tracker.self_describing_json.SelfDescribingJson object at 0x10df391c0>, <snowplow_tracker.self_describing_json.SelfDescribingJson object at 0x10de94b20>]}
[0m05:17:33.975360 [debug] [MainThread]: Flushing usage events
[0m05:17:34.847353 [debug] [MainThread]: An error was encountered while trying to flush usage events
[0m05:20:19.600400 [debug] [MainThread]: Sending event: {'category': 'dbt', 'action': 'invocation', 'label': 'start', 'context': [<snowplow_tracker.self_describing_json.SelfDescribingJson object at 0x107d15250>, <snowplow_tracker.self_describing_json.SelfDescribingJson object at 0x108d93f10>, <snowplow_tracker.self_describing_json.SelfDescribingJson object at 0x108d93190>]}


============================== 05:20:19.603464 | 192591f8-42e0-49b1-b69e-7ab5fb0023f7 ==============================
[0m05:20:19.603464 [info ] [MainThread]: Running with dbt=1.10.19
[0m05:20:19.603818 [debug] [MainThread]: running dbt with arguments {'empty': 'False', 'warn_error': 'None', 'static_parser': 'True', 'use_experimental_parser': 'False', 'use_colors': 'True', 'log_path': '/Users/rajukaju/Projects/dbt_enpal_assessment/logs', 'warn_error_options': 'WarnErrorOptionsV2(error=[], warn=[], silence=[])', 'cache_selected_only': 'False', 'profiles_dir': '/Users/rajukaju/Projects/dbt_enpal_assessment', 'target_path': 'None', 'log_cache_events': 'False', 'send_anonymous_usage_stats': 'True', 'version_check': 'True', 'indirect_selection': 'eager', 'write_json': 'True', 'fail_fast': 'False', 'printer_width': '80', 'introspect': 'True', 'debug': 'False', 'quiet': 'False', 'log_format': 'default', 'partial_parse': 'True', 'invocation_command': 'dbt run -s stg_lost_reasons.sql', 'no_print': 'None'}
[0m05:20:19.722009 [debug] [MainThread]: Sending event: {'category': 'dbt', 'action': 'project_id', 'label': '192591f8-42e0-49b1-b69e-7ab5fb0023f7', 'context': [<snowplow_tracker.self_describing_json.SelfDescribingJson object at 0x1064688b0>]}
[0m05:20:19.758726 [debug] [MainThread]: Sending event: {'category': 'dbt', 'action': 'adapter_info', 'label': '192591f8-42e0-49b1-b69e-7ab5fb0023f7', 'context': [<snowplow_tracker.self_describing_json.SelfDescribingJson object at 0x108d6e4c0>]}
[0m05:20:19.759559 [info ] [MainThread]: Registered adapter: postgres=1.9.1
[0m05:20:19.831070 [debug] [MainThread]: checksum: c35ba6d374a0901ceb00688d5179d5550885e1756283b03e5e81c28e0d8d2248, vars: {}, profile: , target: , version: 1.10.19
[0m05:20:19.926257 [debug] [MainThread]: Partial parsing enabled: 0 files deleted, 0 files added, 0 files changed.
[0m05:20:19.926498 [debug] [MainThread]: Partial parsing enabled, no changes found, skipping parsing
[0m05:20:19.951990 [debug] [MainThread]: Sending event: {'category': 'dbt', 'action': 'load_project', 'label': '192591f8-42e0-49b1-b69e-7ab5fb0023f7', 'context': [<snowplow_tracker.self_describing_json.SelfDescribingJson object at 0x109df9f10>]}
[0m05:20:20.007232 [debug] [MainThread]: Wrote artifact WritableManifest to /Users/rajukaju/Projects/dbt_enpal_assessment/target/manifest.json
[0m05:20:20.008503 [debug] [MainThread]: Wrote artifact SemanticManifest to /Users/rajukaju/Projects/dbt_enpal_assessment/target/semantic_manifest.json
[0m05:20:20.019816 [debug] [MainThread]: Sending event: {'category': 'dbt', 'action': 'resource_counts', 'label': '192591f8-42e0-49b1-b69e-7ab5fb0023f7', 'context': [<snowplow_tracker.self_describing_json.SelfDescribingJson object at 0x109dd8a90>]}
[0m05:20:20.020119 [info ] [MainThread]: Found 7 models, 6 sources, 447 macros
[0m05:20:20.020314 [debug] [MainThread]: Sending event: {'category': 'dbt', 'action': 'runnable_timing', 'label': '192591f8-42e0-49b1-b69e-7ab5fb0023f7', 'context': [<snowplow_tracker.self_describing_json.SelfDescribingJson object at 0x109e0ec70>]}
[0m05:20:20.021135 [info ] [MainThread]: 
[0m05:20:20.021334 [info ] [MainThread]: Concurrency: 1 threads (target='dev')
[0m05:20:20.021494 [info ] [MainThread]: 
[0m05:20:20.021776 [debug] [MainThread]: Acquiring new postgres connection 'master'
[0m05:20:20.022263 [debug] [ThreadPool]: Acquiring new postgres connection 'list_postgres'
[0m05:20:20.090196 [debug] [ThreadPool]: Using postgres connection "list_postgres"
[0m05:20:20.090440 [debug] [ThreadPool]: On list_postgres: /* {"app": "dbt", "dbt_version": "1.10.19", "profile_name": "enpal_assessment_project", "target_name": "dev", "connection_name": "list_postgres"} */

    select distinct nspname from pg_namespace
  
[0m05:20:20.090596 [debug] [ThreadPool]: Opening a new connection, currently in state init
[0m05:20:20.130511 [debug] [ThreadPool]: SQL status: SELECT 5 in 0.040 seconds
[0m05:20:20.131350 [debug] [ThreadPool]: On list_postgres: Close
[0m05:20:20.134592 [debug] [ThreadPool]: Re-using an available connection from the pool (formerly list_postgres, now list_postgres_public_pipedrive_analytics)
[0m05:20:20.138819 [debug] [ThreadPool]: Using postgres connection "list_postgres_public_pipedrive_analytics"
[0m05:20:20.139017 [debug] [ThreadPool]: On list_postgres_public_pipedrive_analytics: BEGIN
[0m05:20:20.139175 [debug] [ThreadPool]: Opening a new connection, currently in state closed
[0m05:20:20.149184 [debug] [ThreadPool]: SQL status: BEGIN in 0.010 seconds
[0m05:20:20.149419 [debug] [ThreadPool]: Using postgres connection "list_postgres_public_pipedrive_analytics"
[0m05:20:20.149624 [debug] [ThreadPool]: On list_postgres_public_pipedrive_analytics: /* {"app": "dbt", "dbt_version": "1.10.19", "profile_name": "enpal_assessment_project", "target_name": "dev", "connection_name": "list_postgres_public_pipedrive_analytics"} */
select
      'postgres' as database,
      tablename as name,
      schemaname as schema,
      'table' as type
    from pg_tables
    where schemaname ilike 'public_pipedrive_analytics'
    union all
    select
      'postgres' as database,
      viewname as name,
      schemaname as schema,
      'view' as type
    from pg_views
    where schemaname ilike 'public_pipedrive_analytics'
    union all
    select
      'postgres' as database,
      matviewname as name,
      schemaname as schema,
      'materialized_view' as type
    from pg_matviews
    where schemaname ilike 'public_pipedrive_analytics'
  
[0m05:20:20.152113 [debug] [ThreadPool]: SQL status: SELECT 6 in 0.002 seconds
[0m05:20:20.152999 [debug] [ThreadPool]: On list_postgres_public_pipedrive_analytics: ROLLBACK
[0m05:20:20.153526 [debug] [ThreadPool]: On list_postgres_public_pipedrive_analytics: Close
[0m05:20:20.158018 [debug] [MainThread]: Using postgres connection "master"
[0m05:20:20.158258 [debug] [MainThread]: On master: BEGIN
[0m05:20:20.158439 [debug] [MainThread]: Opening a new connection, currently in state init
[0m05:20:20.167056 [debug] [MainThread]: SQL status: BEGIN in 0.009 seconds
[0m05:20:20.167308 [debug] [MainThread]: Using postgres connection "master"
[0m05:20:20.167563 [debug] [MainThread]: On master: /* {"app": "dbt", "dbt_version": "1.10.19", "profile_name": "enpal_assessment_project", "target_name": "dev", "connection_name": "master"} */
select distinct
        dependent_namespace.nspname as dependent_schema,
        dependent_class.relname as dependent_name,
        referenced_namespace.nspname as referenced_schema,
        referenced_class.relname as referenced_name

    -- Query for views: views are entries in pg_class with an entry in pg_rewrite, but we avoid
    -- a seq scan on pg_rewrite by leveraging the fact there is an "internal" row in pg_depend for
    -- the view...
    from pg_class as dependent_class
    join pg_namespace as dependent_namespace on dependent_namespace.oid = dependent_class.relnamespace
    join pg_depend as dependent_depend on dependent_depend.refobjid = dependent_class.oid
        and dependent_depend.classid = 'pg_rewrite'::regclass
        and dependent_depend.refclassid = 'pg_class'::regclass
        and dependent_depend.deptype = 'i'

    -- ... and via pg_depend (that has a row per column, hence the need for "distinct" above, and
    -- making sure to exclude the internal row to avoid a view appearing to depend on itself)...
    join pg_depend as joining_depend on joining_depend.objid = dependent_depend.objid
        and joining_depend.classid = 'pg_rewrite'::regclass
        and joining_depend.refclassid = 'pg_class'::regclass
        and joining_depend.refobjid != dependent_depend.refobjid

    -- ... we can find the tables they query from in pg_class, but excluding system tables. Note we
    -- don't need need to exclude _dependent_ system tables, because they only query from other
    -- system tables, and so are automatically excluded by excluding _referenced_ system tables
    join pg_class as referenced_class on referenced_class.oid = joining_depend.refobjid
    join pg_namespace as referenced_namespace on referenced_namespace.oid = referenced_class.relnamespace
        and referenced_namespace.nspname != 'information_schema'
        and referenced_namespace.nspname not like 'pg\_%'

    order by
        dependent_schema, dependent_name, referenced_schema, referenced_name;
[0m05:20:20.170188 [debug] [MainThread]: SQL status: SELECT 0 in 0.002 seconds
[0m05:20:20.171039 [debug] [MainThread]: Sending event: {'category': 'dbt', 'action': 'runnable_timing', 'label': '192591f8-42e0-49b1-b69e-7ab5fb0023f7', 'context': [<snowplow_tracker.self_describing_json.SelfDescribingJson object at 0x109dd88e0>]}
[0m05:20:20.171375 [debug] [MainThread]: On master: ROLLBACK
[0m05:20:20.171834 [debug] [MainThread]: Using postgres connection "master"
[0m05:20:20.172037 [debug] [MainThread]: On master: BEGIN
[0m05:20:20.172764 [debug] [MainThread]: SQL status: BEGIN in 0.001 seconds
[0m05:20:20.172980 [debug] [MainThread]: On master: COMMIT
[0m05:20:20.173171 [debug] [MainThread]: Using postgres connection "master"
[0m05:20:20.173349 [debug] [MainThread]: On master: COMMIT
[0m05:20:20.173770 [debug] [MainThread]: SQL status: COMMIT in 0.000 seconds
[0m05:20:20.173962 [debug] [MainThread]: On master: Close
[0m05:20:20.177590 [debug] [Thread-1  ]: Began running node model.enpal_assessment_project.stg_lost_reasons
[0m05:20:20.177965 [info ] [Thread-1  ]: 1 of 1 START sql table model public_pipedrive_analytics.stg_lost_reasons ....... [RUN]
[0m05:20:20.178274 [debug] [Thread-1  ]: Re-using an available connection from the pool (formerly list_postgres_public_pipedrive_analytics, now model.enpal_assessment_project.stg_lost_reasons)
[0m05:20:20.178509 [debug] [Thread-1  ]: Began compiling node model.enpal_assessment_project.stg_lost_reasons
[0m05:20:20.184317 [debug] [Thread-1  ]: Writing injected SQL for node "model.enpal_assessment_project.stg_lost_reasons"
[0m05:20:20.184859 [debug] [Thread-1  ]: Began executing node model.enpal_assessment_project.stg_lost_reasons
[0m05:20:20.210855 [debug] [Thread-1  ]: Writing runtime sql for node "model.enpal_assessment_project.stg_lost_reasons"
[0m05:20:20.211353 [debug] [Thread-1  ]: Using postgres connection "model.enpal_assessment_project.stg_lost_reasons"
[0m05:20:20.211551 [debug] [Thread-1  ]: On model.enpal_assessment_project.stg_lost_reasons: BEGIN
[0m05:20:20.211732 [debug] [Thread-1  ]: Opening a new connection, currently in state closed
[0m05:20:20.222725 [debug] [Thread-1  ]: SQL status: BEGIN in 0.011 seconds
[0m05:20:20.222970 [debug] [Thread-1  ]: Using postgres connection "model.enpal_assessment_project.stg_lost_reasons"
[0m05:20:20.223178 [debug] [Thread-1  ]: On model.enpal_assessment_project.stg_lost_reasons: /* {"app": "dbt", "dbt_version": "1.10.19", "profile_name": "enpal_assessment_project", "target_name": "dev", "node_id": "model.enpal_assessment_project.stg_lost_reasons"} */

  
    

  create  table "postgres"."public_pipedrive_analytics"."stg_lost_reasons__dbt_tmp"
  
  
    as
  
  (
    SELECT 
    item->>'id' as reason_id,
    item->>'label' as reason_label
FROM POSTGRES.PUBLIC_PIPEDRIVE_ANALYTICS.FIELDS F, 
LATERAL jsonb_array_elements(F.field_value_options) AS item 
WHERE F.field_key = 'lost_reason';
  );
  
[0m05:20:20.224148 [debug] [Thread-1  ]: Postgres adapter: Postgres error: syntax error at or near ";"
LINE 17: WHERE F.field_key = 'lost_reason';
                                          ^

[0m05:20:20.224362 [debug] [Thread-1  ]: On model.enpal_assessment_project.stg_lost_reasons: ROLLBACK
[0m05:20:20.225071 [debug] [Thread-1  ]: On model.enpal_assessment_project.stg_lost_reasons: Close
[0m05:20:20.240013 [debug] [Thread-1  ]: Database Error in model stg_lost_reasons (models/silver_stage/stg_lost_reasons.sql)
  syntax error at or near ";"
  LINE 17: WHERE F.field_key = 'lost_reason';
                                            ^
  compiled code at target/run/enpal_assessment_project/models/silver_stage/stg_lost_reasons.sql
[0m05:20:20.241287 [debug] [Thread-1  ]: Sending event: {'category': 'dbt', 'action': 'run_model', 'label': '192591f8-42e0-49b1-b69e-7ab5fb0023f7', 'context': [<snowplow_tracker.self_describing_json.SelfDescribingJson object at 0x10a222c10>]}
[0m05:20:20.241694 [error] [Thread-1  ]: 1 of 1 ERROR creating sql table model public_pipedrive_analytics.stg_lost_reasons  [[31mERROR[0m in 0.06s]
[0m05:20:20.242034 [debug] [Thread-1  ]: Finished running node model.enpal_assessment_project.stg_lost_reasons
[0m05:20:20.242340 [debug] [Thread-4  ]: Marking all children of 'model.enpal_assessment_project.stg_lost_reasons' to be skipped because of status 'error'.  Reason: Database Error in model stg_lost_reasons (models/silver_stage/stg_lost_reasons.sql)
  syntax error at or near ";"
  LINE 17: WHERE F.field_key = 'lost_reason';
                                            ^
  compiled code at target/run/enpal_assessment_project/models/silver_stage/stg_lost_reasons.sql.
[0m05:20:20.242908 [debug] [MainThread]: Using postgres connection "master"
[0m05:20:20.243079 [debug] [MainThread]: On master: BEGIN
[0m05:20:20.243227 [debug] [MainThread]: Opening a new connection, currently in state closed
[0m05:20:20.253607 [debug] [MainThread]: SQL status: BEGIN in 0.010 seconds
[0m05:20:20.253780 [debug] [MainThread]: On master: COMMIT
[0m05:20:20.253938 [debug] [MainThread]: Using postgres connection "master"
[0m05:20:20.254085 [debug] [MainThread]: On master: COMMIT
[0m05:20:20.254559 [debug] [MainThread]: SQL status: COMMIT in 0.000 seconds
[0m05:20:20.254713 [debug] [MainThread]: On master: Close
[0m05:20:20.254923 [debug] [MainThread]: Connection 'master' was properly closed.
[0m05:20:20.255078 [debug] [MainThread]: Connection 'model.enpal_assessment_project.stg_lost_reasons' was properly closed.
[0m05:20:20.255249 [info ] [MainThread]: 
[0m05:20:20.255431 [info ] [MainThread]: Finished running 1 table model in 0 hours 0 minutes and 0.23 seconds (0.23s).
[0m05:20:20.255828 [debug] [MainThread]: Command end result
[0m05:20:20.272988 [debug] [MainThread]: Wrote artifact WritableManifest to /Users/rajukaju/Projects/dbt_enpal_assessment/target/manifest.json
[0m05:20:20.273976 [debug] [MainThread]: Wrote artifact SemanticManifest to /Users/rajukaju/Projects/dbt_enpal_assessment/target/semantic_manifest.json
[0m05:20:20.278096 [debug] [MainThread]: Wrote artifact RunExecutionResult to /Users/rajukaju/Projects/dbt_enpal_assessment/target/run_results.json
[0m05:20:20.278347 [info ] [MainThread]: 
[0m05:20:20.278571 [info ] [MainThread]: [31mCompleted with 1 error, 0 partial successes, and 0 warnings:[0m
[0m05:20:20.278755 [info ] [MainThread]: 
[0m05:20:20.278969 [error] [MainThread]: [31mFailure in model stg_lost_reasons (models/silver_stage/stg_lost_reasons.sql)[0m
[0m05:20:20.279176 [error] [MainThread]:   Database Error in model stg_lost_reasons (models/silver_stage/stg_lost_reasons.sql)
  syntax error at or near ";"
  LINE 17: WHERE F.field_key = 'lost_reason';
                                            ^
  compiled code at target/run/enpal_assessment_project/models/silver_stage/stg_lost_reasons.sql
[0m05:20:20.279336 [info ] [MainThread]: 
[0m05:20:20.279532 [info ] [MainThread]:   compiled code at target/compiled/enpal_assessment_project/models/silver_stage/stg_lost_reasons.sql
[0m05:20:20.279687 [info ] [MainThread]: 
[0m05:20:20.279860 [info ] [MainThread]: Done. PASS=0 WARN=0 ERROR=1 SKIP=0 NO-OP=0 TOTAL=1
[0m05:20:20.281745 [debug] [MainThread]: Resource report: {"command_name": "run", "command_success": false, "command_wall_clock_time": 0.7301587, "process_in_blocks": "0", "process_kernel_time": 0.208887, "process_mem_max_rss": "126500864", "process_out_blocks": "0", "process_user_time": 1.278065}
[0m05:20:20.281971 [debug] [MainThread]: Command `dbt run` failed at 05:20:20.281925 after 0.73 seconds
[0m05:20:20.282181 [debug] [MainThread]: Sending event: {'category': 'dbt', 'action': 'invocation', 'label': 'end', 'context': [<snowplow_tracker.self_describing_json.SelfDescribingJson object at 0x107d15250>, <snowplow_tracker.self_describing_json.SelfDescribingJson object at 0x109520ee0>, <snowplow_tracker.self_describing_json.SelfDescribingJson object at 0x107fb4670>]}
[0m05:20:20.282389 [debug] [MainThread]: Flushing usage events
[0m05:20:22.167085 [debug] [MainThread]: An error was encountered while trying to flush usage events
[0m05:20:53.394108 [debug] [MainThread]: Sending event: {'category': 'dbt', 'action': 'invocation', 'label': 'start', 'context': [<snowplow_tracker.self_describing_json.SelfDescribingJson object at 0x109ba9190>, <snowplow_tracker.self_describing_json.SelfDescribingJson object at 0x10ac27eb0>, <snowplow_tracker.self_describing_json.SelfDescribingJson object at 0x10ac27130>]}


============================== 05:20:53.397068 | 5a892a57-c79d-4d05-91a3-0ae0f58660c4 ==============================
[0m05:20:53.397068 [info ] [MainThread]: Running with dbt=1.10.19
[0m05:20:53.397415 [debug] [MainThread]: running dbt with arguments {'printer_width': '80', 'use_colors': 'True', 'invocation_command': 'dbt run -s stg_lost_reasons.sql', 'profiles_dir': '/Users/rajukaju/Projects/dbt_enpal_assessment', 'log_path': '/Users/rajukaju/Projects/dbt_enpal_assessment/logs', 'quiet': 'False', 'log_format': 'default', 'warn_error_options': 'WarnErrorOptionsV2(error=[], warn=[], silence=[])', 'send_anonymous_usage_stats': 'True', 'fail_fast': 'False', 'version_check': 'True', 'warn_error': 'None', 'debug': 'False', 'static_parser': 'True', 'empty': 'False', 'no_print': 'None', 'log_cache_events': 'False', 'write_json': 'True', 'target_path': 'None', 'indirect_selection': 'eager', 'cache_selected_only': 'False', 'use_experimental_parser': 'False', 'partial_parse': 'True', 'introspect': 'True'}
[0m05:20:53.512553 [debug] [MainThread]: Sending event: {'category': 'dbt', 'action': 'project_id', 'label': '5a892a57-c79d-4d05-91a3-0ae0f58660c4', 'context': [<snowplow_tracker.self_describing_json.SelfDescribingJson object at 0x10b2c8040>]}
[0m05:20:53.548930 [debug] [MainThread]: Sending event: {'category': 'dbt', 'action': 'adapter_info', 'label': '5a892a57-c79d-4d05-91a3-0ae0f58660c4', 'context': [<snowplow_tracker.self_describing_json.SelfDescribingJson object at 0x10aba1430>]}
[0m05:20:53.550361 [info ] [MainThread]: Registered adapter: postgres=1.9.1
[0m05:20:53.621241 [debug] [MainThread]: checksum: c35ba6d374a0901ceb00688d5179d5550885e1756283b03e5e81c28e0d8d2248, vars: {}, profile: , target: , version: 1.10.19
[0m05:20:53.713323 [debug] [MainThread]: Partial parsing enabled: 0 files deleted, 0 files added, 1 files changed.
[0m05:20:53.713703 [debug] [MainThread]: Partial parsing: updated file: enpal_assessment_project://models/silver_stage/stg_lost_reasons.sql
[0m05:20:53.900810 [debug] [MainThread]: Sending event: {'category': 'dbt', 'action': 'load_project', 'label': '5a892a57-c79d-4d05-91a3-0ae0f58660c4', 'context': [<snowplow_tracker.self_describing_json.SelfDescribingJson object at 0x10bcdb640>]}
[0m05:20:53.953010 [debug] [MainThread]: Wrote artifact WritableManifest to /Users/rajukaju/Projects/dbt_enpal_assessment/target/manifest.json
[0m05:20:53.954651 [debug] [MainThread]: Wrote artifact SemanticManifest to /Users/rajukaju/Projects/dbt_enpal_assessment/target/semantic_manifest.json
[0m05:20:53.965671 [debug] [MainThread]: Sending event: {'category': 'dbt', 'action': 'resource_counts', 'label': '5a892a57-c79d-4d05-91a3-0ae0f58660c4', 'context': [<snowplow_tracker.self_describing_json.SelfDescribingJson object at 0x10b2ff700>]}
[0m05:20:53.965970 [info ] [MainThread]: Found 7 models, 6 sources, 447 macros
[0m05:20:53.966165 [debug] [MainThread]: Sending event: {'category': 'dbt', 'action': 'runnable_timing', 'label': '5a892a57-c79d-4d05-91a3-0ae0f58660c4', 'context': [<snowplow_tracker.self_describing_json.SelfDescribingJson object at 0x10bc5c670>]}
[0m05:20:53.966945 [info ] [MainThread]: 
[0m05:20:53.967129 [info ] [MainThread]: Concurrency: 1 threads (target='dev')
[0m05:20:53.967292 [info ] [MainThread]: 
[0m05:20:53.967559 [debug] [MainThread]: Acquiring new postgres connection 'master'
[0m05:20:53.968008 [debug] [ThreadPool]: Acquiring new postgres connection 'list_postgres'
[0m05:20:54.004268 [debug] [ThreadPool]: Using postgres connection "list_postgres"
[0m05:20:54.004523 [debug] [ThreadPool]: On list_postgres: /* {"app": "dbt", "dbt_version": "1.10.19", "profile_name": "enpal_assessment_project", "target_name": "dev", "connection_name": "list_postgres"} */

    select distinct nspname from pg_namespace
  
[0m05:20:54.004683 [debug] [ThreadPool]: Opening a new connection, currently in state init
[0m05:20:54.041637 [debug] [ThreadPool]: SQL status: SELECT 5 in 0.037 seconds
[0m05:20:54.042476 [debug] [ThreadPool]: On list_postgres: Close
[0m05:20:54.045560 [debug] [ThreadPool]: Re-using an available connection from the pool (formerly list_postgres, now list_postgres_public_pipedrive_analytics)
[0m05:20:54.050090 [debug] [ThreadPool]: Using postgres connection "list_postgres_public_pipedrive_analytics"
[0m05:20:54.050285 [debug] [ThreadPool]: On list_postgres_public_pipedrive_analytics: BEGIN
[0m05:20:54.050447 [debug] [ThreadPool]: Opening a new connection, currently in state closed
[0m05:20:54.060718 [debug] [ThreadPool]: SQL status: BEGIN in 0.010 seconds
[0m05:20:54.060922 [debug] [ThreadPool]: Using postgres connection "list_postgres_public_pipedrive_analytics"
[0m05:20:54.061130 [debug] [ThreadPool]: On list_postgres_public_pipedrive_analytics: /* {"app": "dbt", "dbt_version": "1.10.19", "profile_name": "enpal_assessment_project", "target_name": "dev", "connection_name": "list_postgres_public_pipedrive_analytics"} */
select
      'postgres' as database,
      tablename as name,
      schemaname as schema,
      'table' as type
    from pg_tables
    where schemaname ilike 'public_pipedrive_analytics'
    union all
    select
      'postgres' as database,
      viewname as name,
      schemaname as schema,
      'view' as type
    from pg_views
    where schemaname ilike 'public_pipedrive_analytics'
    union all
    select
      'postgres' as database,
      matviewname as name,
      schemaname as schema,
      'materialized_view' as type
    from pg_matviews
    where schemaname ilike 'public_pipedrive_analytics'
  
[0m05:20:54.065290 [debug] [ThreadPool]: SQL status: SELECT 6 in 0.004 seconds
[0m05:20:54.066233 [debug] [ThreadPool]: On list_postgres_public_pipedrive_analytics: ROLLBACK
[0m05:20:54.066781 [debug] [ThreadPool]: On list_postgres_public_pipedrive_analytics: Close
[0m05:20:54.071234 [debug] [MainThread]: Using postgres connection "master"
[0m05:20:54.071492 [debug] [MainThread]: On master: BEGIN
[0m05:20:54.071682 [debug] [MainThread]: Opening a new connection, currently in state init
[0m05:20:54.080641 [debug] [MainThread]: SQL status: BEGIN in 0.009 seconds
[0m05:20:54.080859 [debug] [MainThread]: Using postgres connection "master"
[0m05:20:54.081109 [debug] [MainThread]: On master: /* {"app": "dbt", "dbt_version": "1.10.19", "profile_name": "enpal_assessment_project", "target_name": "dev", "connection_name": "master"} */
select distinct
        dependent_namespace.nspname as dependent_schema,
        dependent_class.relname as dependent_name,
        referenced_namespace.nspname as referenced_schema,
        referenced_class.relname as referenced_name

    -- Query for views: views are entries in pg_class with an entry in pg_rewrite, but we avoid
    -- a seq scan on pg_rewrite by leveraging the fact there is an "internal" row in pg_depend for
    -- the view...
    from pg_class as dependent_class
    join pg_namespace as dependent_namespace on dependent_namespace.oid = dependent_class.relnamespace
    join pg_depend as dependent_depend on dependent_depend.refobjid = dependent_class.oid
        and dependent_depend.classid = 'pg_rewrite'::regclass
        and dependent_depend.refclassid = 'pg_class'::regclass
        and dependent_depend.deptype = 'i'

    -- ... and via pg_depend (that has a row per column, hence the need for "distinct" above, and
    -- making sure to exclude the internal row to avoid a view appearing to depend on itself)...
    join pg_depend as joining_depend on joining_depend.objid = dependent_depend.objid
        and joining_depend.classid = 'pg_rewrite'::regclass
        and joining_depend.refclassid = 'pg_class'::regclass
        and joining_depend.refobjid != dependent_depend.refobjid

    -- ... we can find the tables they query from in pg_class, but excluding system tables. Note we
    -- don't need need to exclude _dependent_ system tables, because they only query from other
    -- system tables, and so are automatically excluded by excluding _referenced_ system tables
    join pg_class as referenced_class on referenced_class.oid = joining_depend.refobjid
    join pg_namespace as referenced_namespace on referenced_namespace.oid = referenced_class.relnamespace
        and referenced_namespace.nspname != 'information_schema'
        and referenced_namespace.nspname not like 'pg\_%'

    order by
        dependent_schema, dependent_name, referenced_schema, referenced_name;
[0m05:20:54.083339 [debug] [MainThread]: SQL status: SELECT 0 in 0.002 seconds
[0m05:20:54.084143 [debug] [MainThread]: Sending event: {'category': 'dbt', 'action': 'runnable_timing', 'label': '5a892a57-c79d-4d05-91a3-0ae0f58660c4', 'context': [<snowplow_tracker.self_describing_json.SelfDescribingJson object at 0x10aba1ac0>]}
[0m05:20:54.084455 [debug] [MainThread]: On master: ROLLBACK
[0m05:20:54.084916 [debug] [MainThread]: Using postgres connection "master"
[0m05:20:54.085105 [debug] [MainThread]: On master: BEGIN
[0m05:20:54.085809 [debug] [MainThread]: SQL status: BEGIN in 0.001 seconds
[0m05:20:54.086033 [debug] [MainThread]: On master: COMMIT
[0m05:20:54.086232 [debug] [MainThread]: Using postgres connection "master"
[0m05:20:54.086412 [debug] [MainThread]: On master: COMMIT
[0m05:20:54.086844 [debug] [MainThread]: SQL status: COMMIT in 0.000 seconds
[0m05:20:54.087038 [debug] [MainThread]: On master: Close
[0m05:20:54.088711 [debug] [Thread-1  ]: Began running node model.enpal_assessment_project.stg_lost_reasons
[0m05:20:54.089081 [info ] [Thread-1  ]: 1 of 1 START sql table model public_pipedrive_analytics.stg_lost_reasons ....... [RUN]
[0m05:20:54.089378 [debug] [Thread-1  ]: Re-using an available connection from the pool (formerly list_postgres_public_pipedrive_analytics, now model.enpal_assessment_project.stg_lost_reasons)
[0m05:20:54.089612 [debug] [Thread-1  ]: Began compiling node model.enpal_assessment_project.stg_lost_reasons
[0m05:20:54.095534 [debug] [Thread-1  ]: Writing injected SQL for node "model.enpal_assessment_project.stg_lost_reasons"
[0m05:20:54.095975 [debug] [Thread-1  ]: Began executing node model.enpal_assessment_project.stg_lost_reasons
[0m05:20:54.122065 [debug] [Thread-1  ]: Writing runtime sql for node "model.enpal_assessment_project.stg_lost_reasons"
[0m05:20:54.122516 [debug] [Thread-1  ]: Using postgres connection "model.enpal_assessment_project.stg_lost_reasons"
[0m05:20:54.122717 [debug] [Thread-1  ]: On model.enpal_assessment_project.stg_lost_reasons: BEGIN
[0m05:20:54.122903 [debug] [Thread-1  ]: Opening a new connection, currently in state closed
[0m05:20:54.133245 [debug] [Thread-1  ]: SQL status: BEGIN in 0.010 seconds
[0m05:20:54.133493 [debug] [Thread-1  ]: Using postgres connection "model.enpal_assessment_project.stg_lost_reasons"
[0m05:20:54.133701 [debug] [Thread-1  ]: On model.enpal_assessment_project.stg_lost_reasons: /* {"app": "dbt", "dbt_version": "1.10.19", "profile_name": "enpal_assessment_project", "target_name": "dev", "node_id": "model.enpal_assessment_project.stg_lost_reasons"} */

  
    

  create  table "postgres"."public_pipedrive_analytics"."stg_lost_reasons__dbt_tmp"
  
  
    as
  
  (
    SELECT 
    item->>'id' as reason_id,
    item->>'label' as reason_label
FROM POSTGRES.PUBLIC_PIPEDRIVE_ANALYTICS.FIELDS F, 
LATERAL jsonb_array_elements(F.field_value_options) AS item 
WHERE F.field_key = 'lost_reason'
  );
  
[0m05:20:54.139970 [debug] [Thread-1  ]: SQL status: SELECT 5 in 0.006 seconds
[0m05:20:54.148011 [debug] [Thread-1  ]: Using postgres connection "model.enpal_assessment_project.stg_lost_reasons"
[0m05:20:54.148275 [debug] [Thread-1  ]: On model.enpal_assessment_project.stg_lost_reasons: /* {"app": "dbt", "dbt_version": "1.10.19", "profile_name": "enpal_assessment_project", "target_name": "dev", "node_id": "model.enpal_assessment_project.stg_lost_reasons"} */
alter table "postgres"."public_pipedrive_analytics"."stg_lost_reasons__dbt_tmp" rename to "stg_lost_reasons"
[0m05:20:54.149220 [debug] [Thread-1  ]: SQL status: ALTER TABLE in 0.001 seconds
[0m05:20:54.159540 [debug] [Thread-1  ]: On model.enpal_assessment_project.stg_lost_reasons: COMMIT
[0m05:20:54.159775 [debug] [Thread-1  ]: Using postgres connection "model.enpal_assessment_project.stg_lost_reasons"
[0m05:20:54.159974 [debug] [Thread-1  ]: On model.enpal_assessment_project.stg_lost_reasons: COMMIT
[0m05:20:54.161440 [debug] [Thread-1  ]: SQL status: COMMIT in 0.001 seconds
[0m05:20:54.165669 [debug] [Thread-1  ]: Applying DROP to: "postgres"."public_pipedrive_analytics"."stg_lost_reasons__dbt_backup"
[0m05:20:54.168486 [debug] [Thread-1  ]: Using postgres connection "model.enpal_assessment_project.stg_lost_reasons"
[0m05:20:54.168705 [debug] [Thread-1  ]: On model.enpal_assessment_project.stg_lost_reasons: /* {"app": "dbt", "dbt_version": "1.10.19", "profile_name": "enpal_assessment_project", "target_name": "dev", "node_id": "model.enpal_assessment_project.stg_lost_reasons"} */
drop table if exists "postgres"."public_pipedrive_analytics"."stg_lost_reasons__dbt_backup" cascade
[0m05:20:54.169746 [debug] [Thread-1  ]: SQL status: DROP TABLE in 0.001 seconds
[0m05:20:54.171226 [debug] [Thread-1  ]: On model.enpal_assessment_project.stg_lost_reasons: Close
[0m05:20:54.172522 [debug] [Thread-1  ]: Sending event: {'category': 'dbt', 'action': 'run_model', 'label': '5a892a57-c79d-4d05-91a3-0ae0f58660c4', 'context': [<snowplow_tracker.self_describing_json.SelfDescribingJson object at 0x10c19a790>]}
[0m05:20:54.172899 [info ] [Thread-1  ]: 1 of 1 OK created sql table model public_pipedrive_analytics.stg_lost_reasons .. [[32mSELECT 5[0m in 0.08s]
[0m05:20:54.173230 [debug] [Thread-1  ]: Finished running node model.enpal_assessment_project.stg_lost_reasons
[0m05:20:54.173797 [debug] [MainThread]: Using postgres connection "master"
[0m05:20:54.173965 [debug] [MainThread]: On master: BEGIN
[0m05:20:54.174114 [debug] [MainThread]: Opening a new connection, currently in state closed
[0m05:20:54.184055 [debug] [MainThread]: SQL status: BEGIN in 0.010 seconds
[0m05:20:54.184240 [debug] [MainThread]: On master: COMMIT
[0m05:20:54.184407 [debug] [MainThread]: Using postgres connection "master"
[0m05:20:54.184567 [debug] [MainThread]: On master: COMMIT
[0m05:20:54.185077 [debug] [MainThread]: SQL status: COMMIT in 0.000 seconds
[0m05:20:54.185288 [debug] [MainThread]: On master: Close
[0m05:20:54.185533 [debug] [MainThread]: Connection 'master' was properly closed.
[0m05:20:54.185703 [debug] [MainThread]: Connection 'model.enpal_assessment_project.stg_lost_reasons' was properly closed.
[0m05:20:54.185882 [info ] [MainThread]: 
[0m05:20:54.186078 [info ] [MainThread]: Finished running 1 table model in 0 hours 0 minutes and 0.22 seconds (0.22s).
[0m05:20:54.186482 [debug] [MainThread]: Command end result
[0m05:20:54.202973 [debug] [MainThread]: Wrote artifact WritableManifest to /Users/rajukaju/Projects/dbt_enpal_assessment/target/manifest.json
[0m05:20:54.203971 [debug] [MainThread]: Wrote artifact SemanticManifest to /Users/rajukaju/Projects/dbt_enpal_assessment/target/semantic_manifest.json
[0m05:20:54.208263 [debug] [MainThread]: Wrote artifact RunExecutionResult to /Users/rajukaju/Projects/dbt_enpal_assessment/target/run_results.json
[0m05:20:54.208450 [info ] [MainThread]: 
[0m05:20:54.208674 [info ] [MainThread]: [32mCompleted successfully[0m
[0m05:20:54.208839 [info ] [MainThread]: 
[0m05:20:54.209056 [info ] [MainThread]: Done. PASS=1 WARN=0 ERROR=0 SKIP=0 NO-OP=0 TOTAL=1
[0m05:20:54.210983 [debug] [MainThread]: Resource report: {"command_name": "run", "command_success": true, "command_wall_clock_time": 0.8610967, "process_in_blocks": "0", "process_kernel_time": 0.196127, "process_mem_max_rss": "130138112", "process_out_blocks": "0", "process_user_time": 1.419921}
[0m05:20:54.211228 [debug] [MainThread]: Command `dbt run` succeeded at 05:20:54.211178 after 0.86 seconds
[0m05:20:54.211444 [debug] [MainThread]: Sending event: {'category': 'dbt', 'action': 'invocation', 'label': 'end', 'context': [<snowplow_tracker.self_describing_json.SelfDescribingJson object at 0x109ba9190>, <snowplow_tracker.self_describing_json.SelfDescribingJson object at 0x10c2c09d0>, <snowplow_tracker.self_describing_json.SelfDescribingJson object at 0x1082fc190>]}
[0m05:20:54.211661 [debug] [MainThread]: Flushing usage events
[0m05:20:55.349163 [debug] [MainThread]: An error was encountered while trying to flush usage events
[0m05:24:49.891521 [debug] [MainThread]: Sending event: {'category': 'dbt', 'action': 'invocation', 'label': 'start', 'context': [<snowplow_tracker.self_describing_json.SelfDescribingJson object at 0x10bb09220>, <snowplow_tracker.self_describing_json.SelfDescribingJson object at 0x10cb87ee0>, <snowplow_tracker.self_describing_json.SelfDescribingJson object at 0x10cb87190>]}


============================== 05:24:49.894505 | 24ef40bf-6103-485f-ad1c-39ab9d01a5c3 ==============================
[0m05:24:49.894505 [info ] [MainThread]: Running with dbt=1.10.19
[0m05:24:49.894831 [debug] [MainThread]: running dbt with arguments {'introspect': 'True', 'profiles_dir': '/Users/rajukaju/Projects/dbt_enpal_assessment', 'write_json': 'True', 'log_format': 'default', 'version_check': 'True', 'use_experimental_parser': 'False', 'quiet': 'False', 'send_anonymous_usage_stats': 'True', 'no_print': 'None', 'debug': 'False', 'warn_error': 'None', 'log_cache_events': 'False', 'log_path': '/Users/rajukaju/Projects/dbt_enpal_assessment/logs', 'static_parser': 'True', 'empty': 'False', 'partial_parse': 'True', 'invocation_command': 'dbt run -s stg_lost_reasons.sql', 'warn_error_options': 'WarnErrorOptionsV2(error=[], warn=[], silence=[])', 'indirect_selection': 'eager', 'fail_fast': 'False', 'use_colors': 'True', 'cache_selected_only': 'False', 'printer_width': '80', 'target_path': 'None'}
[0m05:24:50.011156 [debug] [MainThread]: Sending event: {'category': 'dbt', 'action': 'project_id', 'label': '24ef40bf-6103-485f-ad1c-39ab9d01a5c3', 'context': [<snowplow_tracker.self_describing_json.SelfDescribingJson object at 0x10cb0da60>]}
[0m05:24:50.047725 [debug] [MainThread]: Sending event: {'category': 'dbt', 'action': 'adapter_info', 'label': '24ef40bf-6103-485f-ad1c-39ab9d01a5c3', 'context': [<snowplow_tracker.self_describing_json.SelfDescribingJson object at 0x10cb5c1f0>]}
[0m05:24:50.048481 [info ] [MainThread]: Registered adapter: postgres=1.9.1
[0m05:24:50.119654 [debug] [MainThread]: checksum: c35ba6d374a0901ceb00688d5179d5550885e1756283b03e5e81c28e0d8d2248, vars: {}, profile: , target: , version: 1.10.19
[0m05:24:50.213607 [debug] [MainThread]: Partial parsing enabled: 0 files deleted, 0 files added, 1 files changed.
[0m05:24:50.213976 [debug] [MainThread]: Partial parsing: updated file: enpal_assessment_project://models/silver_stage/stg_lost_reasons.sql
[0m05:24:50.325625 [error] [MainThread]: Encountered an error:
Compilation Error
  Model 'model.enpal_assessment_project.stg_lost_reasons' (models/silver_stage/stg_lost_reasons.sql) depends on a source named 'PUBLIC_PIPEDRIVE_ANALYTICS.FIELDS' which was not found
[0m05:24:50.327399 [debug] [MainThread]: Resource report: {"command_name": "run", "command_success": false, "command_wall_clock_time": 0.4827672, "process_in_blocks": "0", "process_kernel_time": 0.177567, "process_mem_max_rss": "113721344", "process_out_blocks": "0", "process_user_time": 1.140074}
[0m05:24:50.327649 [debug] [MainThread]: Command `dbt run` failed at 05:24:50.327596 after 0.48 seconds
[0m05:24:50.327864 [debug] [MainThread]: Sending event: {'category': 'dbt', 'action': 'invocation', 'label': 'end', 'context': [<snowplow_tracker.self_describing_json.SelfDescribingJson object at 0x10bb09220>, <snowplow_tracker.self_describing_json.SelfDescribingJson object at 0x10a3b5a90>, <snowplow_tracker.self_describing_json.SelfDescribingJson object at 0x10db79fd0>]}
[0m05:24:50.328082 [debug] [MainThread]: Flushing usage events
[0m05:24:51.458086 [debug] [MainThread]: An error was encountered while trying to flush usage events
[0m05:26:53.124172 [debug] [MainThread]: Sending event: {'category': 'dbt', 'action': 'invocation', 'label': 'start', 'context': [<snowplow_tracker.self_describing_json.SelfDescribingJson object at 0x10bfa5220>, <snowplow_tracker.self_describing_json.SelfDescribingJson object at 0x10d023ee0>, <snowplow_tracker.self_describing_json.SelfDescribingJson object at 0x10d023190>]}


============================== 05:26:53.127126 | f188abd9-7f89-49ea-a399-5aca43d766c4 ==============================
[0m05:26:53.127126 [info ] [MainThread]: Running with dbt=1.10.19
[0m05:26:53.127465 [debug] [MainThread]: running dbt with arguments {'debug': 'False', 'empty': 'False', 'introspect': 'True', 'target_path': 'None', 'fail_fast': 'False', 'warn_error_options': 'WarnErrorOptionsV2(error=[], warn=[], silence=[])', 'write_json': 'True', 'printer_width': '80', 'log_cache_events': 'False', 'invocation_command': 'dbt run -s stg_lost_reasons.sql', 'warn_error': 'None', 'profiles_dir': '/Users/rajukaju/Projects/dbt_enpal_assessment', 'use_experimental_parser': 'False', 'cache_selected_only': 'False', 'indirect_selection': 'eager', 'send_anonymous_usage_stats': 'True', 'quiet': 'False', 'no_print': 'None', 'log_path': '/Users/rajukaju/Projects/dbt_enpal_assessment/logs', 'static_parser': 'True', 'log_format': 'default', 'use_colors': 'True', 'partial_parse': 'True', 'version_check': 'True'}
[0m05:26:53.246068 [debug] [MainThread]: Sending event: {'category': 'dbt', 'action': 'project_id', 'label': 'f188abd9-7f89-49ea-a399-5aca43d766c4', 'context': [<snowplow_tracker.self_describing_json.SelfDescribingJson object at 0x10cfa9a60>]}
[0m05:26:53.282300 [debug] [MainThread]: Sending event: {'category': 'dbt', 'action': 'adapter_info', 'label': 'f188abd9-7f89-49ea-a399-5aca43d766c4', 'context': [<snowplow_tracker.self_describing_json.SelfDescribingJson object at 0x10cff81f0>]}
[0m05:26:53.283018 [info ] [MainThread]: Registered adapter: postgres=1.9.1
[0m05:26:53.353546 [debug] [MainThread]: checksum: c35ba6d374a0901ceb00688d5179d5550885e1756283b03e5e81c28e0d8d2248, vars: {}, profile: , target: , version: 1.10.19
[0m05:26:53.447178 [debug] [MainThread]: Partial parsing enabled: 0 files deleted, 0 files added, 1 files changed.
[0m05:26:53.447540 [debug] [MainThread]: Partial parsing: updated file: enpal_assessment_project://models/silver_stage/stg_lost_reasons.sql
[0m05:26:53.557129 [error] [MainThread]: Encountered an error:
Compilation Error
  Model 'model.enpal_assessment_project.stg_lost_reasons' (models/silver_stage/stg_lost_reasons.sql) depends on a node named 'FIELDS' which was not found
[0m05:26:53.558994 [debug] [MainThread]: Resource report: {"command_name": "run", "command_success": false, "command_wall_clock_time": 0.48163217, "process_in_blocks": "0", "process_kernel_time": 0.172016, "process_mem_max_rss": "114130944", "process_out_blocks": "0", "process_user_time": 1.134886}
[0m05:26:53.559251 [debug] [MainThread]: Command `dbt run` failed at 05:26:53.559195 after 0.48 seconds
[0m05:26:53.559463 [debug] [MainThread]: Sending event: {'category': 'dbt', 'action': 'invocation', 'label': 'end', 'context': [<snowplow_tracker.self_describing_json.SelfDescribingJson object at 0x10bfa5220>, <snowplow_tracker.self_describing_json.SelfDescribingJson object at 0x10c2623a0>, <snowplow_tracker.self_describing_json.SelfDescribingJson object at 0x10e016fd0>]}
[0m05:26:53.559680 [debug] [MainThread]: Flushing usage events
[0m05:26:55.013301 [debug] [MainThread]: An error was encountered while trying to flush usage events
[0m05:28:27.841167 [debug] [MainThread]: Sending event: {'category': 'dbt', 'action': 'invocation', 'label': 'start', 'context': [<snowplow_tracker.self_describing_json.SelfDescribingJson object at 0x109d4d220>, <snowplow_tracker.self_describing_json.SelfDescribingJson object at 0x10adcbee0>, <snowplow_tracker.self_describing_json.SelfDescribingJson object at 0x10adcb190>]}


============================== 05:28:27.844129 | f324487d-959a-4e9c-a97f-3da45158b15e ==============================
[0m05:28:27.844129 [info ] [MainThread]: Running with dbt=1.10.19
[0m05:28:27.844483 [debug] [MainThread]: running dbt with arguments {'indirect_selection': 'eager', 'log_cache_events': 'False', 'invocation_command': 'dbt run -s stg_lost_reasons.sql', 'log_format': 'default', 'write_json': 'True', 'fail_fast': 'False', 'use_colors': 'True', 'empty': 'False', 'debug': 'False', 'partial_parse': 'True', 'warn_error_options': 'WarnErrorOptionsV2(error=[], warn=[], silence=[])', 'static_parser': 'True', 'cache_selected_only': 'False', 'log_path': '/Users/rajukaju/Projects/dbt_enpal_assessment/logs', 'printer_width': '80', 'quiet': 'False', 'version_check': 'True', 'target_path': 'None', 'use_experimental_parser': 'False', 'send_anonymous_usage_stats': 'True', 'introspect': 'True', 'warn_error': 'None', 'no_print': 'None', 'profiles_dir': '/Users/rajukaju/Projects/dbt_enpal_assessment'}
[0m05:28:27.961795 [debug] [MainThread]: Sending event: {'category': 'dbt', 'action': 'project_id', 'label': 'f324487d-959a-4e9c-a97f-3da45158b15e', 'context': [<snowplow_tracker.self_describing_json.SelfDescribingJson object at 0x10ad52a60>]}
[0m05:28:27.998284 [debug] [MainThread]: Sending event: {'category': 'dbt', 'action': 'adapter_info', 'label': 'f324487d-959a-4e9c-a97f-3da45158b15e', 'context': [<snowplow_tracker.self_describing_json.SelfDescribingJson object at 0x10ada01f0>]}
[0m05:28:27.999000 [info ] [MainThread]: Registered adapter: postgres=1.9.1
[0m05:28:28.069603 [debug] [MainThread]: checksum: c35ba6d374a0901ceb00688d5179d5550885e1756283b03e5e81c28e0d8d2248, vars: {}, profile: , target: , version: 1.10.19
[0m05:28:28.163357 [debug] [MainThread]: Partial parsing enabled: 0 files deleted, 0 files added, 1 files changed.
[0m05:28:28.163730 [debug] [MainThread]: Partial parsing: updated file: enpal_assessment_project://models/silver_stage/stg_lost_reasons.sql
[0m05:28:28.348561 [debug] [MainThread]: Sending event: {'category': 'dbt', 'action': 'load_project', 'label': 'f324487d-959a-4e9c-a97f-3da45158b15e', 'context': [<snowplow_tracker.self_describing_json.SelfDescribingJson object at 0x10be44c40>]}
[0m05:28:28.402217 [debug] [MainThread]: Wrote artifact WritableManifest to /Users/rajukaju/Projects/dbt_enpal_assessment/target/manifest.json
[0m05:28:28.403580 [debug] [MainThread]: Wrote artifact SemanticManifest to /Users/rajukaju/Projects/dbt_enpal_assessment/target/semantic_manifest.json
[0m05:28:28.414606 [debug] [MainThread]: Sending event: {'category': 'dbt', 'action': 'resource_counts', 'label': 'f324487d-959a-4e9c-a97f-3da45158b15e', 'context': [<snowplow_tracker.self_describing_json.SelfDescribingJson object at 0x10b4a2700>]}
[0m05:28:28.414906 [info ] [MainThread]: Found 7 models, 6 sources, 447 macros
[0m05:28:28.415100 [debug] [MainThread]: Sending event: {'category': 'dbt', 'action': 'runnable_timing', 'label': 'f324487d-959a-4e9c-a97f-3da45158b15e', 'context': [<snowplow_tracker.self_describing_json.SelfDescribingJson object at 0x10bdaee80>]}
[0m05:28:28.415895 [info ] [MainThread]: 
[0m05:28:28.416081 [info ] [MainThread]: Concurrency: 1 threads (target='dev')
[0m05:28:28.416238 [info ] [MainThread]: 
[0m05:28:28.416503 [debug] [MainThread]: Acquiring new postgres connection 'master'
[0m05:28:28.416958 [debug] [ThreadPool]: Acquiring new postgres connection 'list_postgres'
[0m05:28:28.453993 [debug] [ThreadPool]: Using postgres connection "list_postgres"
[0m05:28:28.454249 [debug] [ThreadPool]: On list_postgres: /* {"app": "dbt", "dbt_version": "1.10.19", "profile_name": "enpal_assessment_project", "target_name": "dev", "connection_name": "list_postgres"} */

    select distinct nspname from pg_namespace
  
[0m05:28:28.454408 [debug] [ThreadPool]: Opening a new connection, currently in state init
[0m05:28:28.500657 [debug] [ThreadPool]: SQL status: SELECT 5 in 0.046 seconds
[0m05:28:28.501583 [debug] [ThreadPool]: On list_postgres: Close
[0m05:28:28.505495 [debug] [ThreadPool]: Re-using an available connection from the pool (formerly list_postgres, now list_postgres_public_pipedrive_analytics)
[0m05:28:28.510377 [debug] [ThreadPool]: Using postgres connection "list_postgres_public_pipedrive_analytics"
[0m05:28:28.510594 [debug] [ThreadPool]: On list_postgres_public_pipedrive_analytics: BEGIN
[0m05:28:28.510769 [debug] [ThreadPool]: Opening a new connection, currently in state closed
[0m05:28:28.520451 [debug] [ThreadPool]: SQL status: BEGIN in 0.010 seconds
[0m05:28:28.520740 [debug] [ThreadPool]: Using postgres connection "list_postgres_public_pipedrive_analytics"
[0m05:28:28.520953 [debug] [ThreadPool]: On list_postgres_public_pipedrive_analytics: /* {"app": "dbt", "dbt_version": "1.10.19", "profile_name": "enpal_assessment_project", "target_name": "dev", "connection_name": "list_postgres_public_pipedrive_analytics"} */
select
      'postgres' as database,
      tablename as name,
      schemaname as schema,
      'table' as type
    from pg_tables
    where schemaname ilike 'public_pipedrive_analytics'
    union all
    select
      'postgres' as database,
      viewname as name,
      schemaname as schema,
      'view' as type
    from pg_views
    where schemaname ilike 'public_pipedrive_analytics'
    union all
    select
      'postgres' as database,
      matviewname as name,
      schemaname as schema,
      'materialized_view' as type
    from pg_matviews
    where schemaname ilike 'public_pipedrive_analytics'
  
[0m05:28:28.525995 [debug] [ThreadPool]: SQL status: SELECT 7 in 0.005 seconds
[0m05:28:28.526965 [debug] [ThreadPool]: On list_postgres_public_pipedrive_analytics: ROLLBACK
[0m05:28:28.527452 [debug] [ThreadPool]: On list_postgres_public_pipedrive_analytics: Close
[0m05:28:28.532041 [debug] [MainThread]: Using postgres connection "master"
[0m05:28:28.532293 [debug] [MainThread]: On master: BEGIN
[0m05:28:28.532477 [debug] [MainThread]: Opening a new connection, currently in state init
[0m05:28:28.540634 [debug] [MainThread]: SQL status: BEGIN in 0.008 seconds
[0m05:28:28.540883 [debug] [MainThread]: Using postgres connection "master"
[0m05:28:28.541135 [debug] [MainThread]: On master: /* {"app": "dbt", "dbt_version": "1.10.19", "profile_name": "enpal_assessment_project", "target_name": "dev", "connection_name": "master"} */
select distinct
        dependent_namespace.nspname as dependent_schema,
        dependent_class.relname as dependent_name,
        referenced_namespace.nspname as referenced_schema,
        referenced_class.relname as referenced_name

    -- Query for views: views are entries in pg_class with an entry in pg_rewrite, but we avoid
    -- a seq scan on pg_rewrite by leveraging the fact there is an "internal" row in pg_depend for
    -- the view...
    from pg_class as dependent_class
    join pg_namespace as dependent_namespace on dependent_namespace.oid = dependent_class.relnamespace
    join pg_depend as dependent_depend on dependent_depend.refobjid = dependent_class.oid
        and dependent_depend.classid = 'pg_rewrite'::regclass
        and dependent_depend.refclassid = 'pg_class'::regclass
        and dependent_depend.deptype = 'i'

    -- ... and via pg_depend (that has a row per column, hence the need for "distinct" above, and
    -- making sure to exclude the internal row to avoid a view appearing to depend on itself)...
    join pg_depend as joining_depend on joining_depend.objid = dependent_depend.objid
        and joining_depend.classid = 'pg_rewrite'::regclass
        and joining_depend.refclassid = 'pg_class'::regclass
        and joining_depend.refobjid != dependent_depend.refobjid

    -- ... we can find the tables they query from in pg_class, but excluding system tables. Note we
    -- don't need need to exclude _dependent_ system tables, because they only query from other
    -- system tables, and so are automatically excluded by excluding _referenced_ system tables
    join pg_class as referenced_class on referenced_class.oid = joining_depend.refobjid
    join pg_namespace as referenced_namespace on referenced_namespace.oid = referenced_class.relnamespace
        and referenced_namespace.nspname != 'information_schema'
        and referenced_namespace.nspname not like 'pg\_%'

    order by
        dependent_schema, dependent_name, referenced_schema, referenced_name;
[0m05:28:28.544274 [debug] [MainThread]: SQL status: SELECT 0 in 0.003 seconds
[0m05:28:28.545126 [debug] [MainThread]: Sending event: {'category': 'dbt', 'action': 'runnable_timing', 'label': 'f324487d-959a-4e9c-a97f-3da45158b15e', 'context': [<snowplow_tracker.self_describing_json.SelfDescribingJson object at 0x10b4b9ac0>]}
[0m05:28:28.545454 [debug] [MainThread]: On master: ROLLBACK
[0m05:28:28.546009 [debug] [MainThread]: Using postgres connection "master"
[0m05:28:28.546201 [debug] [MainThread]: On master: BEGIN
[0m05:28:28.546898 [debug] [MainThread]: SQL status: BEGIN in 0.001 seconds
[0m05:28:28.547089 [debug] [MainThread]: On master: COMMIT
[0m05:28:28.547270 [debug] [MainThread]: Using postgres connection "master"
[0m05:28:28.547441 [debug] [MainThread]: On master: COMMIT
[0m05:28:28.547854 [debug] [MainThread]: SQL status: COMMIT in 0.000 seconds
[0m05:28:28.548040 [debug] [MainThread]: On master: Close
[0m05:28:28.549716 [debug] [Thread-1  ]: Began running node model.enpal_assessment_project.stg_lost_reasons
[0m05:28:28.550099 [info ] [Thread-1  ]: 1 of 1 START sql table model public_pipedrive_analytics.stg_lost_reasons ....... [RUN]
[0m05:28:28.550408 [debug] [Thread-1  ]: Re-using an available connection from the pool (formerly list_postgres_public_pipedrive_analytics, now model.enpal_assessment_project.stg_lost_reasons)
[0m05:28:28.550643 [debug] [Thread-1  ]: Began compiling node model.enpal_assessment_project.stg_lost_reasons
[0m05:28:28.557181 [debug] [Thread-1  ]: Writing injected SQL for node "model.enpal_assessment_project.stg_lost_reasons"
[0m05:28:28.557648 [debug] [Thread-1  ]: Began executing node model.enpal_assessment_project.stg_lost_reasons
[0m05:28:28.583776 [debug] [Thread-1  ]: Writing runtime sql for node "model.enpal_assessment_project.stg_lost_reasons"
[0m05:28:28.584231 [debug] [Thread-1  ]: Using postgres connection "model.enpal_assessment_project.stg_lost_reasons"
[0m05:28:28.584434 [debug] [Thread-1  ]: On model.enpal_assessment_project.stg_lost_reasons: BEGIN
[0m05:28:28.584625 [debug] [Thread-1  ]: Opening a new connection, currently in state closed
[0m05:28:28.595727 [debug] [Thread-1  ]: SQL status: BEGIN in 0.011 seconds
[0m05:28:28.596018 [debug] [Thread-1  ]: Using postgres connection "model.enpal_assessment_project.stg_lost_reasons"
[0m05:28:28.596256 [debug] [Thread-1  ]: On model.enpal_assessment_project.stg_lost_reasons: /* {"app": "dbt", "dbt_version": "1.10.19", "profile_name": "enpal_assessment_project", "target_name": "dev", "node_id": "model.enpal_assessment_project.stg_lost_reasons"} */

  
    

  create  table "postgres"."public_pipedrive_analytics"."stg_lost_reasons__dbt_tmp"
  
  
    as
  
  (
    SELECT 
    item->>'id' as reason_id,
    item->>'label' as reason_label
FROM "postgres"."public_pipedrive_analytics"."fields" F, 
LATERAL jsonb_array_elements(F.field_value_options) AS item 
WHERE F.field_key = 'lost_reason'
  );
  
[0m05:28:28.601705 [debug] [Thread-1  ]: SQL status: SELECT 5 in 0.005 seconds
[0m05:28:28.609971 [debug] [Thread-1  ]: Using postgres connection "model.enpal_assessment_project.stg_lost_reasons"
[0m05:28:28.610239 [debug] [Thread-1  ]: On model.enpal_assessment_project.stg_lost_reasons: /* {"app": "dbt", "dbt_version": "1.10.19", "profile_name": "enpal_assessment_project", "target_name": "dev", "node_id": "model.enpal_assessment_project.stg_lost_reasons"} */
alter table "postgres"."public_pipedrive_analytics"."stg_lost_reasons" rename to "stg_lost_reasons__dbt_backup"
[0m05:28:28.611061 [debug] [Thread-1  ]: SQL status: ALTER TABLE in 0.001 seconds
[0m05:28:28.613327 [debug] [Thread-1  ]: Using postgres connection "model.enpal_assessment_project.stg_lost_reasons"
[0m05:28:28.613562 [debug] [Thread-1  ]: On model.enpal_assessment_project.stg_lost_reasons: /* {"app": "dbt", "dbt_version": "1.10.19", "profile_name": "enpal_assessment_project", "target_name": "dev", "node_id": "model.enpal_assessment_project.stg_lost_reasons"} */
alter table "postgres"."public_pipedrive_analytics"."stg_lost_reasons__dbt_tmp" rename to "stg_lost_reasons"
[0m05:28:28.614430 [debug] [Thread-1  ]: SQL status: ALTER TABLE in 0.001 seconds
[0m05:28:28.626086 [debug] [Thread-1  ]: On model.enpal_assessment_project.stg_lost_reasons: COMMIT
[0m05:28:28.626322 [debug] [Thread-1  ]: Using postgres connection "model.enpal_assessment_project.stg_lost_reasons"
[0m05:28:28.626525 [debug] [Thread-1  ]: On model.enpal_assessment_project.stg_lost_reasons: COMMIT
[0m05:28:28.628794 [debug] [Thread-1  ]: SQL status: COMMIT in 0.002 seconds
[0m05:28:28.633279 [debug] [Thread-1  ]: Applying DROP to: "postgres"."public_pipedrive_analytics"."stg_lost_reasons__dbt_backup"
[0m05:28:28.636217 [debug] [Thread-1  ]: Using postgres connection "model.enpal_assessment_project.stg_lost_reasons"
[0m05:28:28.636437 [debug] [Thread-1  ]: On model.enpal_assessment_project.stg_lost_reasons: /* {"app": "dbt", "dbt_version": "1.10.19", "profile_name": "enpal_assessment_project", "target_name": "dev", "node_id": "model.enpal_assessment_project.stg_lost_reasons"} */
drop table if exists "postgres"."public_pipedrive_analytics"."stg_lost_reasons__dbt_backup" cascade
[0m05:28:28.642593 [debug] [Thread-1  ]: SQL status: DROP TABLE in 0.006 seconds
[0m05:28:28.644310 [debug] [Thread-1  ]: On model.enpal_assessment_project.stg_lost_reasons: Close
[0m05:28:28.645755 [debug] [Thread-1  ]: Sending event: {'category': 'dbt', 'action': 'run_model', 'label': 'f324487d-959a-4e9c-a97f-3da45158b15e', 'context': [<snowplow_tracker.self_describing_json.SelfDescribingJson object at 0x10c3f2a60>]}
[0m05:28:28.646165 [info ] [Thread-1  ]: 1 of 1 OK created sql table model public_pipedrive_analytics.stg_lost_reasons .. [[32mSELECT 5[0m in 0.09s]
[0m05:28:28.646516 [debug] [Thread-1  ]: Finished running node model.enpal_assessment_project.stg_lost_reasons
[0m05:28:28.647099 [debug] [MainThread]: Using postgres connection "master"
[0m05:28:28.647279 [debug] [MainThread]: On master: BEGIN
[0m05:28:28.647442 [debug] [MainThread]: Opening a new connection, currently in state closed
[0m05:28:28.656133 [debug] [MainThread]: SQL status: BEGIN in 0.009 seconds
[0m05:28:28.656382 [debug] [MainThread]: On master: COMMIT
[0m05:28:28.656579 [debug] [MainThread]: Using postgres connection "master"
[0m05:28:28.656763 [debug] [MainThread]: On master: COMMIT
[0m05:28:28.657215 [debug] [MainThread]: SQL status: COMMIT in 0.000 seconds
[0m05:28:28.657428 [debug] [MainThread]: On master: Close
[0m05:28:28.657693 [debug] [MainThread]: Connection 'master' was properly closed.
[0m05:28:28.657872 [debug] [MainThread]: Connection 'model.enpal_assessment_project.stg_lost_reasons' was properly closed.
[0m05:28:28.658065 [info ] [MainThread]: 
[0m05:28:28.658265 [info ] [MainThread]: Finished running 1 table model in 0 hours 0 minutes and 0.24 seconds (0.24s).
[0m05:28:28.658727 [debug] [MainThread]: Command end result
[0m05:28:28.675575 [debug] [MainThread]: Wrote artifact WritableManifest to /Users/rajukaju/Projects/dbt_enpal_assessment/target/manifest.json
[0m05:28:28.677071 [debug] [MainThread]: Wrote artifact SemanticManifest to /Users/rajukaju/Projects/dbt_enpal_assessment/target/semantic_manifest.json
[0m05:28:28.681190 [debug] [MainThread]: Wrote artifact RunExecutionResult to /Users/rajukaju/Projects/dbt_enpal_assessment/target/run_results.json
[0m05:28:28.681384 [info ] [MainThread]: 
[0m05:28:28.681611 [info ] [MainThread]: [32mCompleted successfully[0m
[0m05:28:28.681779 [info ] [MainThread]: 
[0m05:28:28.681958 [info ] [MainThread]: Done. PASS=1 WARN=0 ERROR=0 SKIP=0 NO-OP=0 TOTAL=1
[0m05:28:28.683921 [debug] [MainThread]: Resource report: {"command_name": "run", "command_success": true, "command_wall_clock_time": 0.8875009, "process_in_blocks": "0", "process_kernel_time": 0.203618, "process_mem_max_rss": "130531328", "process_out_blocks": "0", "process_user_time": 1.423787}
[0m05:28:28.684168 [debug] [MainThread]: Command `dbt run` succeeded at 05:28:28.684119 after 0.89 seconds
[0m05:28:28.684386 [debug] [MainThread]: Sending event: {'category': 'dbt', 'action': 'invocation', 'label': 'end', 'context': [<snowplow_tracker.self_describing_json.SelfDescribingJson object at 0x109d4d220>, <snowplow_tracker.self_describing_json.SelfDescribingJson object at 0x10ad58820>, <snowplow_tracker.self_describing_json.SelfDescribingJson object at 0x1097c8ee0>]}
[0m05:28:28.684597 [debug] [MainThread]: Flushing usage events
[0m05:28:29.675806 [debug] [MainThread]: An error was encountered while trying to flush usage events
[0m05:31:27.160865 [debug] [MainThread]: Sending event: {'category': 'dbt', 'action': 'invocation', 'label': 'start', 'context': [<snowplow_tracker.self_describing_json.SelfDescribingJson object at 0x1081dd1c0>, <snowplow_tracker.self_describing_json.SelfDescribingJson object at 0x10925bf10>, <snowplow_tracker.self_describing_json.SelfDescribingJson object at 0x10925b100>]}


============================== 05:31:27.163832 | e9ab6846-3a6b-4501-83f3-a6acf5d85593 ==============================
[0m05:31:27.163832 [info ] [MainThread]: Running with dbt=1.10.19
[0m05:31:27.164187 [debug] [MainThread]: running dbt with arguments {'static_parser': 'True', 'use_experimental_parser': 'False', 'quiet': 'False', 'send_anonymous_usage_stats': 'True', 'write_json': 'True', 'use_colors': 'True', 'indirect_selection': 'eager', 'partial_parse': 'True', 'version_check': 'True', 'introspect': 'True', 'target_path': 'None', 'profiles_dir': '/Users/rajukaju/Projects/dbt_enpal_assessment', 'log_path': '/Users/rajukaju/Projects/dbt_enpal_assessment/logs', 'log_format': 'default', 'printer_width': '80', 'empty': 'False', 'warn_error': 'None', 'no_print': 'None', 'invocation_command': 'dbt run -s stg_lost_reasons.sql', 'debug': 'False', 'fail_fast': 'False', 'warn_error_options': 'WarnErrorOptionsV2(error=[], warn=[], silence=[])', 'log_cache_events': 'False', 'cache_selected_only': 'False'}
[0m05:31:27.281466 [debug] [MainThread]: Sending event: {'category': 'dbt', 'action': 'project_id', 'label': 'e9ab6846-3a6b-4501-83f3-a6acf5d85593', 'context': [<snowplow_tracker.self_describing_json.SelfDescribingJson object at 0x1069301c0>]}
[0m05:31:27.317921 [debug] [MainThread]: Sending event: {'category': 'dbt', 'action': 'adapter_info', 'label': 'e9ab6846-3a6b-4501-83f3-a6acf5d85593', 'context': [<snowplow_tracker.self_describing_json.SelfDescribingJson object at 0x1091fe1f0>]}
[0m05:31:27.318609 [info ] [MainThread]: Registered adapter: postgres=1.9.1
[0m05:31:27.394275 [debug] [MainThread]: checksum: c35ba6d374a0901ceb00688d5179d5550885e1756283b03e5e81c28e0d8d2248, vars: {}, profile: , target: , version: 1.10.19
[0m05:31:27.489446 [debug] [MainThread]: Partial parsing enabled: 0 files deleted, 0 files added, 1 files changed.
[0m05:31:27.489818 [debug] [MainThread]: Partial parsing: updated file: enpal_assessment_project://models/silver_stage/stg_lost_reasons.sql
[0m05:31:27.675223 [debug] [MainThread]: Sending event: {'category': 'dbt', 'action': 'load_project', 'label': 'e9ab6846-3a6b-4501-83f3-a6acf5d85593', 'context': [<snowplow_tracker.self_describing_json.SelfDescribingJson object at 0x109a36130>]}
[0m05:31:27.728402 [debug] [MainThread]: Wrote artifact WritableManifest to /Users/rajukaju/Projects/dbt_enpal_assessment/target/manifest.json
[0m05:31:27.729621 [debug] [MainThread]: Wrote artifact SemanticManifest to /Users/rajukaju/Projects/dbt_enpal_assessment/target/semantic_manifest.json
[0m05:31:27.740580 [debug] [MainThread]: Sending event: {'category': 'dbt', 'action': 'resource_counts', 'label': 'e9ab6846-3a6b-4501-83f3-a6acf5d85593', 'context': [<snowplow_tracker.self_describing_json.SelfDescribingJson object at 0x109918790>]}
[0m05:31:27.740875 [info ] [MainThread]: Found 7 models, 6 sources, 447 macros
[0m05:31:27.741072 [debug] [MainThread]: Sending event: {'category': 'dbt', 'action': 'runnable_timing', 'label': 'e9ab6846-3a6b-4501-83f3-a6acf5d85593', 'context': [<snowplow_tracker.self_describing_json.SelfDescribingJson object at 0x10a445280>]}
[0m05:31:27.741862 [info ] [MainThread]: 
[0m05:31:27.742051 [info ] [MainThread]: Concurrency: 1 threads (target='dev')
[0m05:31:27.742210 [info ] [MainThread]: 
[0m05:31:27.742486 [debug] [MainThread]: Acquiring new postgres connection 'master'
[0m05:31:27.742938 [debug] [ThreadPool]: Acquiring new postgres connection 'list_postgres'
[0m05:31:27.779866 [debug] [ThreadPool]: Using postgres connection "list_postgres"
[0m05:31:27.780128 [debug] [ThreadPool]: On list_postgres: /* {"app": "dbt", "dbt_version": "1.10.19", "profile_name": "enpal_assessment_project", "target_name": "dev", "connection_name": "list_postgres"} */

    select distinct nspname from pg_namespace
  
[0m05:31:27.780288 [debug] [ThreadPool]: Opening a new connection, currently in state init
[0m05:31:27.817952 [debug] [ThreadPool]: SQL status: SELECT 5 in 0.038 seconds
[0m05:31:27.818825 [debug] [ThreadPool]: On list_postgres: Close
[0m05:31:27.822127 [debug] [ThreadPool]: Re-using an available connection from the pool (formerly list_postgres, now list_postgres_public_pipedrive_analytics)
[0m05:31:27.826660 [debug] [ThreadPool]: Using postgres connection "list_postgres_public_pipedrive_analytics"
[0m05:31:27.826861 [debug] [ThreadPool]: On list_postgres_public_pipedrive_analytics: BEGIN
[0m05:31:27.827024 [debug] [ThreadPool]: Opening a new connection, currently in state closed
[0m05:31:27.837320 [debug] [ThreadPool]: SQL status: BEGIN in 0.010 seconds
[0m05:31:27.837587 [debug] [ThreadPool]: Using postgres connection "list_postgres_public_pipedrive_analytics"
[0m05:31:27.837806 [debug] [ThreadPool]: On list_postgres_public_pipedrive_analytics: /* {"app": "dbt", "dbt_version": "1.10.19", "profile_name": "enpal_assessment_project", "target_name": "dev", "connection_name": "list_postgres_public_pipedrive_analytics"} */
select
      'postgres' as database,
      tablename as name,
      schemaname as schema,
      'table' as type
    from pg_tables
    where schemaname ilike 'public_pipedrive_analytics'
    union all
    select
      'postgres' as database,
      viewname as name,
      schemaname as schema,
      'view' as type
    from pg_views
    where schemaname ilike 'public_pipedrive_analytics'
    union all
    select
      'postgres' as database,
      matviewname as name,
      schemaname as schema,
      'materialized_view' as type
    from pg_matviews
    where schemaname ilike 'public_pipedrive_analytics'
  
[0m05:31:27.840629 [debug] [ThreadPool]: SQL status: SELECT 7 in 0.003 seconds
[0m05:31:27.841615 [debug] [ThreadPool]: On list_postgres_public_pipedrive_analytics: ROLLBACK
[0m05:31:27.842101 [debug] [ThreadPool]: On list_postgres_public_pipedrive_analytics: Close
[0m05:31:27.846684 [debug] [MainThread]: Using postgres connection "master"
[0m05:31:27.846946 [debug] [MainThread]: On master: BEGIN
[0m05:31:27.847136 [debug] [MainThread]: Opening a new connection, currently in state init
[0m05:31:27.856274 [debug] [MainThread]: SQL status: BEGIN in 0.009 seconds
[0m05:31:27.856528 [debug] [MainThread]: Using postgres connection "master"
[0m05:31:27.856792 [debug] [MainThread]: On master: /* {"app": "dbt", "dbt_version": "1.10.19", "profile_name": "enpal_assessment_project", "target_name": "dev", "connection_name": "master"} */
select distinct
        dependent_namespace.nspname as dependent_schema,
        dependent_class.relname as dependent_name,
        referenced_namespace.nspname as referenced_schema,
        referenced_class.relname as referenced_name

    -- Query for views: views are entries in pg_class with an entry in pg_rewrite, but we avoid
    -- a seq scan on pg_rewrite by leveraging the fact there is an "internal" row in pg_depend for
    -- the view...
    from pg_class as dependent_class
    join pg_namespace as dependent_namespace on dependent_namespace.oid = dependent_class.relnamespace
    join pg_depend as dependent_depend on dependent_depend.refobjid = dependent_class.oid
        and dependent_depend.classid = 'pg_rewrite'::regclass
        and dependent_depend.refclassid = 'pg_class'::regclass
        and dependent_depend.deptype = 'i'

    -- ... and via pg_depend (that has a row per column, hence the need for "distinct" above, and
    -- making sure to exclude the internal row to avoid a view appearing to depend on itself)...
    join pg_depend as joining_depend on joining_depend.objid = dependent_depend.objid
        and joining_depend.classid = 'pg_rewrite'::regclass
        and joining_depend.refclassid = 'pg_class'::regclass
        and joining_depend.refobjid != dependent_depend.refobjid

    -- ... we can find the tables they query from in pg_class, but excluding system tables. Note we
    -- don't need need to exclude _dependent_ system tables, because they only query from other
    -- system tables, and so are automatically excluded by excluding _referenced_ system tables
    join pg_class as referenced_class on referenced_class.oid = joining_depend.refobjid
    join pg_namespace as referenced_namespace on referenced_namespace.oid = referenced_class.relnamespace
        and referenced_namespace.nspname != 'information_schema'
        and referenced_namespace.nspname not like 'pg\_%'

    order by
        dependent_schema, dependent_name, referenced_schema, referenced_name;
[0m05:31:27.859648 [debug] [MainThread]: SQL status: SELECT 0 in 0.003 seconds
[0m05:31:27.860475 [debug] [MainThread]: Sending event: {'category': 'dbt', 'action': 'runnable_timing', 'label': 'e9ab6846-3a6b-4501-83f3-a6acf5d85593', 'context': [<snowplow_tracker.self_describing_json.SelfDescribingJson object at 0x109933a60>]}
[0m05:31:27.860790 [debug] [MainThread]: On master: ROLLBACK
[0m05:31:27.861272 [debug] [MainThread]: Using postgres connection "master"
[0m05:31:27.861499 [debug] [MainThread]: On master: BEGIN
[0m05:31:27.862184 [debug] [MainThread]: SQL status: BEGIN in 0.000 seconds
[0m05:31:27.862382 [debug] [MainThread]: On master: COMMIT
[0m05:31:27.862582 [debug] [MainThread]: Using postgres connection "master"
[0m05:31:27.862757 [debug] [MainThread]: On master: COMMIT
[0m05:31:27.863173 [debug] [MainThread]: SQL status: COMMIT in 0.000 seconds
[0m05:31:27.863364 [debug] [MainThread]: On master: Close
[0m05:31:27.865059 [debug] [Thread-1  ]: Began running node model.enpal_assessment_project.stg_lost_reasons
[0m05:31:27.865444 [info ] [Thread-1  ]: 1 of 1 START sql table model public_pipedrive_analytics.stg_lost_reasons ....... [RUN]
[0m05:31:27.865740 [debug] [Thread-1  ]: Re-using an available connection from the pool (formerly list_postgres_public_pipedrive_analytics, now model.enpal_assessment_project.stg_lost_reasons)
[0m05:31:27.865979 [debug] [Thread-1  ]: Began compiling node model.enpal_assessment_project.stg_lost_reasons
[0m05:31:27.872576 [debug] [Thread-1  ]: Writing injected SQL for node "model.enpal_assessment_project.stg_lost_reasons"
[0m05:31:27.873056 [debug] [Thread-1  ]: Began executing node model.enpal_assessment_project.stg_lost_reasons
[0m05:31:27.899345 [debug] [Thread-1  ]: Writing runtime sql for node "model.enpal_assessment_project.stg_lost_reasons"
[0m05:31:27.899805 [debug] [Thread-1  ]: Using postgres connection "model.enpal_assessment_project.stg_lost_reasons"
[0m05:31:27.900006 [debug] [Thread-1  ]: On model.enpal_assessment_project.stg_lost_reasons: BEGIN
[0m05:31:27.900192 [debug] [Thread-1  ]: Opening a new connection, currently in state closed
[0m05:31:27.912359 [debug] [Thread-1  ]: SQL status: BEGIN in 0.012 seconds
[0m05:31:27.912630 [debug] [Thread-1  ]: Using postgres connection "model.enpal_assessment_project.stg_lost_reasons"
[0m05:31:27.912856 [debug] [Thread-1  ]: On model.enpal_assessment_project.stg_lost_reasons: /* {"app": "dbt", "dbt_version": "1.10.19", "profile_name": "enpal_assessment_project", "target_name": "dev", "node_id": "model.enpal_assessment_project.stg_lost_reasons"} */

  
    

  create  table "postgres"."public_pipedrive_analytics"."stg_lost_reasons__dbt_tmp"
  
  
    as
  
  (
    SELECT 
    CAST(item->>'id' AS SMALLINT) as reason_id,
    item->>'label' as reason_label
FROM "postgres"."public_pipedrive_analytics"."fields" F, 
LATERAL jsonb_array_elements(F.field_value_options) AS item 
WHERE F.field_key = 'lost_reason'
  );
  
[0m05:31:27.915800 [debug] [Thread-1  ]: SQL status: SELECT 5 in 0.003 seconds
[0m05:31:27.923987 [debug] [Thread-1  ]: Using postgres connection "model.enpal_assessment_project.stg_lost_reasons"
[0m05:31:27.924267 [debug] [Thread-1  ]: On model.enpal_assessment_project.stg_lost_reasons: /* {"app": "dbt", "dbt_version": "1.10.19", "profile_name": "enpal_assessment_project", "target_name": "dev", "node_id": "model.enpal_assessment_project.stg_lost_reasons"} */
alter table "postgres"."public_pipedrive_analytics"."stg_lost_reasons" rename to "stg_lost_reasons__dbt_backup"
[0m05:31:27.925085 [debug] [Thread-1  ]: SQL status: ALTER TABLE in 0.001 seconds
[0m05:31:27.927337 [debug] [Thread-1  ]: Using postgres connection "model.enpal_assessment_project.stg_lost_reasons"
[0m05:31:27.927569 [debug] [Thread-1  ]: On model.enpal_assessment_project.stg_lost_reasons: /* {"app": "dbt", "dbt_version": "1.10.19", "profile_name": "enpal_assessment_project", "target_name": "dev", "node_id": "model.enpal_assessment_project.stg_lost_reasons"} */
alter table "postgres"."public_pipedrive_analytics"."stg_lost_reasons__dbt_tmp" rename to "stg_lost_reasons"
[0m05:31:27.928990 [debug] [Thread-1  ]: SQL status: ALTER TABLE in 0.001 seconds
[0m05:31:27.940457 [debug] [Thread-1  ]: On model.enpal_assessment_project.stg_lost_reasons: COMMIT
[0m05:31:27.940693 [debug] [Thread-1  ]: Using postgres connection "model.enpal_assessment_project.stg_lost_reasons"
[0m05:31:27.940894 [debug] [Thread-1  ]: On model.enpal_assessment_project.stg_lost_reasons: COMMIT
[0m05:31:27.942986 [debug] [Thread-1  ]: SQL status: COMMIT in 0.002 seconds
[0m05:31:27.947136 [debug] [Thread-1  ]: Applying DROP to: "postgres"."public_pipedrive_analytics"."stg_lost_reasons__dbt_backup"
[0m05:31:27.949934 [debug] [Thread-1  ]: Using postgres connection "model.enpal_assessment_project.stg_lost_reasons"
[0m05:31:27.950157 [debug] [Thread-1  ]: On model.enpal_assessment_project.stg_lost_reasons: /* {"app": "dbt", "dbt_version": "1.10.19", "profile_name": "enpal_assessment_project", "target_name": "dev", "node_id": "model.enpal_assessment_project.stg_lost_reasons"} */
drop table if exists "postgres"."public_pipedrive_analytics"."stg_lost_reasons__dbt_backup" cascade
[0m05:31:27.954296 [debug] [Thread-1  ]: SQL status: DROP TABLE in 0.004 seconds
[0m05:31:27.955935 [debug] [Thread-1  ]: On model.enpal_assessment_project.stg_lost_reasons: Close
[0m05:31:27.957306 [debug] [Thread-1  ]: Sending event: {'category': 'dbt', 'action': 'run_model', 'label': 'e9ab6846-3a6b-4501-83f3-a6acf5d85593', 'context': [<snowplow_tracker.self_describing_json.SelfDescribingJson object at 0x10a7dca90>]}
[0m05:31:27.957721 [info ] [Thread-1  ]: 1 of 1 OK created sql table model public_pipedrive_analytics.stg_lost_reasons .. [[32mSELECT 5[0m in 0.09s]
[0m05:31:27.958073 [debug] [Thread-1  ]: Finished running node model.enpal_assessment_project.stg_lost_reasons
[0m05:31:27.958711 [debug] [MainThread]: Using postgres connection "master"
[0m05:31:27.958898 [debug] [MainThread]: On master: BEGIN
[0m05:31:27.959062 [debug] [MainThread]: Opening a new connection, currently in state closed
[0m05:31:27.967984 [debug] [MainThread]: SQL status: BEGIN in 0.009 seconds
[0m05:31:27.968204 [debug] [MainThread]: On master: COMMIT
[0m05:31:27.968381 [debug] [MainThread]: Using postgres connection "master"
[0m05:31:27.968547 [debug] [MainThread]: On master: COMMIT
[0m05:31:27.968967 [debug] [MainThread]: SQL status: COMMIT in 0.000 seconds
[0m05:31:27.969171 [debug] [MainThread]: On master: Close
[0m05:31:27.969439 [debug] [MainThread]: Connection 'master' was properly closed.
[0m05:31:27.969621 [debug] [MainThread]: Connection 'model.enpal_assessment_project.stg_lost_reasons' was properly closed.
[0m05:31:27.969819 [info ] [MainThread]: 
[0m05:31:27.970026 [info ] [MainThread]: Finished running 1 table model in 0 hours 0 minutes and 0.23 seconds (0.23s).
[0m05:31:27.970467 [debug] [MainThread]: Command end result
[0m05:31:27.987832 [debug] [MainThread]: Wrote artifact WritableManifest to /Users/rajukaju/Projects/dbt_enpal_assessment/target/manifest.json
[0m05:31:27.988847 [debug] [MainThread]: Wrote artifact SemanticManifest to /Users/rajukaju/Projects/dbt_enpal_assessment/target/semantic_manifest.json
[0m05:31:27.992985 [debug] [MainThread]: Wrote artifact RunExecutionResult to /Users/rajukaju/Projects/dbt_enpal_assessment/target/run_results.json
[0m05:31:27.993173 [info ] [MainThread]: 
[0m05:31:27.993409 [info ] [MainThread]: [32mCompleted successfully[0m
[0m05:31:27.993575 [info ] [MainThread]: 
[0m05:31:27.993772 [info ] [MainThread]: Done. PASS=1 WARN=0 ERROR=0 SKIP=0 NO-OP=0 TOTAL=1
[0m05:31:27.995671 [debug] [MainThread]: Resource report: {"command_name": "run", "command_success": true, "command_wall_clock_time": 0.8810192, "process_in_blocks": "0", "process_kernel_time": 0.209404, "process_mem_max_rss": "130416640", "process_out_blocks": "0", "process_user_time": 1.432763}
[0m05:31:27.995907 [debug] [MainThread]: Command `dbt run` succeeded at 05:31:27.995859 after 0.88 seconds
[0m05:31:27.996113 [debug] [MainThread]: Sending event: {'category': 'dbt', 'action': 'invocation', 'label': 'end', 'context': [<snowplow_tracker.self_describing_json.SelfDescribingJson object at 0x1081dd1c0>, <snowplow_tracker.self_describing_json.SelfDescribingJson object at 0x1098fc190>, <snowplow_tracker.self_describing_json.SelfDescribingJson object at 0x10a445bb0>]}
[0m05:31:27.996326 [debug] [MainThread]: Flushing usage events
[0m05:31:29.182602 [debug] [MainThread]: An error was encountered while trying to flush usage events
[0m05:32:44.365425 [debug] [MainThread]: Sending event: {'category': 'dbt', 'action': 'invocation', 'label': 'start', 'context': [<snowplow_tracker.self_describing_json.SelfDescribingJson object at 0x10c7c1220>, <snowplow_tracker.self_describing_json.SelfDescribingJson object at 0x10d83fee0>, <snowplow_tracker.self_describing_json.SelfDescribingJson object at 0x10d83f190>]}


============================== 05:32:44.368357 | 14e43a5a-e91f-44b9-b219-209c26989bf1 ==============================
[0m05:32:44.368357 [info ] [MainThread]: Running with dbt=1.10.19
[0m05:32:44.368696 [debug] [MainThread]: running dbt with arguments {'warn_error': 'None', 'log_format': 'default', 'no_print': 'None', 'debug': 'False', 'introspect': 'True', 'indirect_selection': 'eager', 'profiles_dir': '/Users/rajukaju/Projects/dbt_enpal_assessment', 'send_anonymous_usage_stats': 'True', 'cache_selected_only': 'False', 'version_check': 'True', 'log_path': '/Users/rajukaju/Projects/dbt_enpal_assessment/logs', 'invocation_command': 'dbt run -s stg_lost_reasons.sql', 'use_experimental_parser': 'False', 'target_path': 'None', 'use_colors': 'True', 'quiet': 'False', 'warn_error_options': 'WarnErrorOptionsV2(error=[], warn=[], silence=[])', 'empty': 'False', 'partial_parse': 'True', 'log_cache_events': 'False', 'fail_fast': 'False', 'write_json': 'True', 'printer_width': '80', 'static_parser': 'True'}
[0m05:32:44.485759 [debug] [MainThread]: Sending event: {'category': 'dbt', 'action': 'project_id', 'label': '14e43a5a-e91f-44b9-b219-209c26989bf1', 'context': [<snowplow_tracker.self_describing_json.SelfDescribingJson object at 0x10d7c5a60>]}
[0m05:32:44.522325 [debug] [MainThread]: Sending event: {'category': 'dbt', 'action': 'adapter_info', 'label': '14e43a5a-e91f-44b9-b219-209c26989bf1', 'context': [<snowplow_tracker.self_describing_json.SelfDescribingJson object at 0x10d8131f0>]}
[0m05:32:44.523057 [info ] [MainThread]: Registered adapter: postgres=1.9.1
[0m05:32:44.594685 [debug] [MainThread]: checksum: c35ba6d374a0901ceb00688d5179d5550885e1756283b03e5e81c28e0d8d2248, vars: {}, profile: , target: , version: 1.10.19
[0m05:32:44.690001 [debug] [MainThread]: Partial parsing enabled: 0 files deleted, 0 files added, 0 files changed.
[0m05:32:44.690240 [debug] [MainThread]: Partial parsing enabled, no changes found, skipping parsing
[0m05:32:44.715944 [debug] [MainThread]: Sending event: {'category': 'dbt', 'action': 'load_project', 'label': '14e43a5a-e91f-44b9-b219-209c26989bf1', 'context': [<snowplow_tracker.self_describing_json.SelfDescribingJson object at 0x10e8a7130>]}
[0m05:32:44.770206 [debug] [MainThread]: Wrote artifact WritableManifest to /Users/rajukaju/Projects/dbt_enpal_assessment/target/manifest.json
[0m05:32:44.771525 [debug] [MainThread]: Wrote artifact SemanticManifest to /Users/rajukaju/Projects/dbt_enpal_assessment/target/semantic_manifest.json
[0m05:32:44.784035 [debug] [MainThread]: Sending event: {'category': 'dbt', 'action': 'resource_counts', 'label': '14e43a5a-e91f-44b9-b219-209c26989bf1', 'context': [<snowplow_tracker.self_describing_json.SelfDescribingJson object at 0x10dfe5a00>]}
[0m05:32:44.784337 [info ] [MainThread]: Found 7 models, 6 sources, 447 macros
[0m05:32:44.784530 [debug] [MainThread]: Sending event: {'category': 'dbt', 'action': 'runnable_timing', 'label': '14e43a5a-e91f-44b9-b219-209c26989bf1', 'context': [<snowplow_tracker.self_describing_json.SelfDescribingJson object at 0x10e8f5ca0>]}
[0m05:32:44.785342 [info ] [MainThread]: 
[0m05:32:44.785534 [info ] [MainThread]: Concurrency: 1 threads (target='dev')
[0m05:32:44.785693 [info ] [MainThread]: 
[0m05:32:44.785973 [debug] [MainThread]: Acquiring new postgres connection 'master'
[0m05:32:44.786451 [debug] [ThreadPool]: Acquiring new postgres connection 'list_postgres'
[0m05:32:44.851741 [debug] [ThreadPool]: Using postgres connection "list_postgres"
[0m05:32:44.851995 [debug] [ThreadPool]: On list_postgres: /* {"app": "dbt", "dbt_version": "1.10.19", "profile_name": "enpal_assessment_project", "target_name": "dev", "connection_name": "list_postgres"} */

    select distinct nspname from pg_namespace
  
[0m05:32:44.852158 [debug] [ThreadPool]: Opening a new connection, currently in state init
[0m05:32:44.894751 [debug] [ThreadPool]: SQL status: SELECT 5 in 0.043 seconds
[0m05:32:44.895599 [debug] [ThreadPool]: On list_postgres: Close
[0m05:32:44.898832 [debug] [ThreadPool]: Re-using an available connection from the pool (formerly list_postgres, now list_postgres_public_pipedrive_analytics)
[0m05:32:44.903144 [debug] [ThreadPool]: Using postgres connection "list_postgres_public_pipedrive_analytics"
[0m05:32:44.903356 [debug] [ThreadPool]: On list_postgres_public_pipedrive_analytics: BEGIN
[0m05:32:44.903530 [debug] [ThreadPool]: Opening a new connection, currently in state closed
[0m05:32:44.912963 [debug] [ThreadPool]: SQL status: BEGIN in 0.009 seconds
[0m05:32:44.913219 [debug] [ThreadPool]: Using postgres connection "list_postgres_public_pipedrive_analytics"
[0m05:32:44.913425 [debug] [ThreadPool]: On list_postgres_public_pipedrive_analytics: /* {"app": "dbt", "dbt_version": "1.10.19", "profile_name": "enpal_assessment_project", "target_name": "dev", "connection_name": "list_postgres_public_pipedrive_analytics"} */
select
      'postgres' as database,
      tablename as name,
      schemaname as schema,
      'table' as type
    from pg_tables
    where schemaname ilike 'public_pipedrive_analytics'
    union all
    select
      'postgres' as database,
      viewname as name,
      schemaname as schema,
      'view' as type
    from pg_views
    where schemaname ilike 'public_pipedrive_analytics'
    union all
    select
      'postgres' as database,
      matviewname as name,
      schemaname as schema,
      'materialized_view' as type
    from pg_matviews
    where schemaname ilike 'public_pipedrive_analytics'
  
[0m05:32:44.915909 [debug] [ThreadPool]: SQL status: SELECT 7 in 0.002 seconds
[0m05:32:44.916876 [debug] [ThreadPool]: On list_postgres_public_pipedrive_analytics: ROLLBACK
[0m05:32:44.917394 [debug] [ThreadPool]: On list_postgres_public_pipedrive_analytics: Close
[0m05:32:44.921975 [debug] [MainThread]: Using postgres connection "master"
[0m05:32:44.922211 [debug] [MainThread]: On master: BEGIN
[0m05:32:44.922391 [debug] [MainThread]: Opening a new connection, currently in state init
[0m05:32:44.931233 [debug] [MainThread]: SQL status: BEGIN in 0.009 seconds
[0m05:32:44.931504 [debug] [MainThread]: Using postgres connection "master"
[0m05:32:44.931775 [debug] [MainThread]: On master: /* {"app": "dbt", "dbt_version": "1.10.19", "profile_name": "enpal_assessment_project", "target_name": "dev", "connection_name": "master"} */
select distinct
        dependent_namespace.nspname as dependent_schema,
        dependent_class.relname as dependent_name,
        referenced_namespace.nspname as referenced_schema,
        referenced_class.relname as referenced_name

    -- Query for views: views are entries in pg_class with an entry in pg_rewrite, but we avoid
    -- a seq scan on pg_rewrite by leveraging the fact there is an "internal" row in pg_depend for
    -- the view...
    from pg_class as dependent_class
    join pg_namespace as dependent_namespace on dependent_namespace.oid = dependent_class.relnamespace
    join pg_depend as dependent_depend on dependent_depend.refobjid = dependent_class.oid
        and dependent_depend.classid = 'pg_rewrite'::regclass
        and dependent_depend.refclassid = 'pg_class'::regclass
        and dependent_depend.deptype = 'i'

    -- ... and via pg_depend (that has a row per column, hence the need for "distinct" above, and
    -- making sure to exclude the internal row to avoid a view appearing to depend on itself)...
    join pg_depend as joining_depend on joining_depend.objid = dependent_depend.objid
        and joining_depend.classid = 'pg_rewrite'::regclass
        and joining_depend.refclassid = 'pg_class'::regclass
        and joining_depend.refobjid != dependent_depend.refobjid

    -- ... we can find the tables they query from in pg_class, but excluding system tables. Note we
    -- don't need need to exclude _dependent_ system tables, because they only query from other
    -- system tables, and so are automatically excluded by excluding _referenced_ system tables
    join pg_class as referenced_class on referenced_class.oid = joining_depend.refobjid
    join pg_namespace as referenced_namespace on referenced_namespace.oid = referenced_class.relnamespace
        and referenced_namespace.nspname != 'information_schema'
        and referenced_namespace.nspname not like 'pg\_%'

    order by
        dependent_schema, dependent_name, referenced_schema, referenced_name;
[0m05:32:44.934271 [debug] [MainThread]: SQL status: SELECT 0 in 0.002 seconds
[0m05:32:44.935103 [debug] [MainThread]: Sending event: {'category': 'dbt', 'action': 'runnable_timing', 'label': '14e43a5a-e91f-44b9-b219-209c26989bf1', 'context': [<snowplow_tracker.self_describing_json.SelfDescribingJson object at 0x10e8f5ca0>]}
[0m05:32:44.935415 [debug] [MainThread]: On master: ROLLBACK
[0m05:32:44.935843 [debug] [MainThread]: Using postgres connection "master"
[0m05:32:44.936030 [debug] [MainThread]: On master: BEGIN
[0m05:32:44.936651 [debug] [MainThread]: SQL status: BEGIN in 0.000 seconds
[0m05:32:44.936850 [debug] [MainThread]: On master: COMMIT
[0m05:32:44.937036 [debug] [MainThread]: Using postgres connection "master"
[0m05:32:44.937209 [debug] [MainThread]: On master: COMMIT
[0m05:32:44.937600 [debug] [MainThread]: SQL status: COMMIT in 0.000 seconds
[0m05:32:44.937794 [debug] [MainThread]: On master: Close
[0m05:32:44.939514 [debug] [Thread-1  ]: Began running node model.enpal_assessment_project.stg_lost_reasons
[0m05:32:44.939901 [info ] [Thread-1  ]: 1 of 1 START sql table model public_pipedrive_analytics.stg_lost_reasons ....... [RUN]
[0m05:32:44.940253 [debug] [Thread-1  ]: Re-using an available connection from the pool (formerly list_postgres_public_pipedrive_analytics, now model.enpal_assessment_project.stg_lost_reasons)
[0m05:32:44.940496 [debug] [Thread-1  ]: Began compiling node model.enpal_assessment_project.stg_lost_reasons
[0m05:32:44.946917 [debug] [Thread-1  ]: Writing injected SQL for node "model.enpal_assessment_project.stg_lost_reasons"
[0m05:32:44.947778 [debug] [Thread-1  ]: Began executing node model.enpal_assessment_project.stg_lost_reasons
[0m05:32:44.973824 [debug] [Thread-1  ]: Writing runtime sql for node "model.enpal_assessment_project.stg_lost_reasons"
[0m05:32:44.974296 [debug] [Thread-1  ]: Using postgres connection "model.enpal_assessment_project.stg_lost_reasons"
[0m05:32:44.974500 [debug] [Thread-1  ]: On model.enpal_assessment_project.stg_lost_reasons: BEGIN
[0m05:32:44.974690 [debug] [Thread-1  ]: Opening a new connection, currently in state closed
[0m05:32:44.986655 [debug] [Thread-1  ]: SQL status: BEGIN in 0.012 seconds
[0m05:32:44.986891 [debug] [Thread-1  ]: Using postgres connection "model.enpal_assessment_project.stg_lost_reasons"
[0m05:32:44.987111 [debug] [Thread-1  ]: On model.enpal_assessment_project.stg_lost_reasons: /* {"app": "dbt", "dbt_version": "1.10.19", "profile_name": "enpal_assessment_project", "target_name": "dev", "node_id": "model.enpal_assessment_project.stg_lost_reasons"} */

  
    

  create  table "postgres"."public_pipedrive_analytics"."stg_lost_reasons__dbt_tmp"
  
  
    as
  
  (
    SELECT 
    CAST(item->>'id' AS SMALLINT) as reason_id,
    item->>'label' as reason_label
FROM "postgres"."public_pipedrive_analytics"."fields" F, 
LATERAL jsonb_array_elements(F.field_value_options) AS item 
WHERE F.field_key = 'lost_reason'
  );
  
[0m05:32:44.991093 [debug] [Thread-1  ]: SQL status: SELECT 5 in 0.004 seconds
[0m05:32:44.999386 [debug] [Thread-1  ]: Using postgres connection "model.enpal_assessment_project.stg_lost_reasons"
[0m05:32:44.999711 [debug] [Thread-1  ]: On model.enpal_assessment_project.stg_lost_reasons: /* {"app": "dbt", "dbt_version": "1.10.19", "profile_name": "enpal_assessment_project", "target_name": "dev", "node_id": "model.enpal_assessment_project.stg_lost_reasons"} */
alter table "postgres"."public_pipedrive_analytics"."stg_lost_reasons" rename to "stg_lost_reasons__dbt_backup"
[0m05:32:45.000474 [debug] [Thread-1  ]: SQL status: ALTER TABLE in 0.001 seconds
[0m05:32:45.002728 [debug] [Thread-1  ]: Using postgres connection "model.enpal_assessment_project.stg_lost_reasons"
[0m05:32:45.002956 [debug] [Thread-1  ]: On model.enpal_assessment_project.stg_lost_reasons: /* {"app": "dbt", "dbt_version": "1.10.19", "profile_name": "enpal_assessment_project", "target_name": "dev", "node_id": "model.enpal_assessment_project.stg_lost_reasons"} */
alter table "postgres"."public_pipedrive_analytics"."stg_lost_reasons__dbt_tmp" rename to "stg_lost_reasons"
[0m05:32:45.004399 [debug] [Thread-1  ]: SQL status: ALTER TABLE in 0.001 seconds
[0m05:32:45.015973 [debug] [Thread-1  ]: On model.enpal_assessment_project.stg_lost_reasons: COMMIT
[0m05:32:45.016201 [debug] [Thread-1  ]: Using postgres connection "model.enpal_assessment_project.stg_lost_reasons"
[0m05:32:45.016397 [debug] [Thread-1  ]: On model.enpal_assessment_project.stg_lost_reasons: COMMIT
[0m05:32:45.018116 [debug] [Thread-1  ]: SQL status: COMMIT in 0.002 seconds
[0m05:32:45.022361 [debug] [Thread-1  ]: Applying DROP to: "postgres"."public_pipedrive_analytics"."stg_lost_reasons__dbt_backup"
[0m05:32:45.025164 [debug] [Thread-1  ]: Using postgres connection "model.enpal_assessment_project.stg_lost_reasons"
[0m05:32:45.025381 [debug] [Thread-1  ]: On model.enpal_assessment_project.stg_lost_reasons: /* {"app": "dbt", "dbt_version": "1.10.19", "profile_name": "enpal_assessment_project", "target_name": "dev", "node_id": "model.enpal_assessment_project.stg_lost_reasons"} */
drop table if exists "postgres"."public_pipedrive_analytics"."stg_lost_reasons__dbt_backup" cascade
[0m05:32:45.029014 [debug] [Thread-1  ]: SQL status: DROP TABLE in 0.003 seconds
[0m05:32:45.030597 [debug] [Thread-1  ]: On model.enpal_assessment_project.stg_lost_reasons: Close
[0m05:32:45.031944 [debug] [Thread-1  ]: Sending event: {'category': 'dbt', 'action': 'run_model', 'label': '14e43a5a-e91f-44b9-b219-209c26989bf1', 'context': [<snowplow_tracker.self_describing_json.SelfDescribingJson object at 0x10ecb22b0>]}
[0m05:32:45.032350 [info ] [Thread-1  ]: 1 of 1 OK created sql table model public_pipedrive_analytics.stg_lost_reasons .. [[32mSELECT 5[0m in 0.09s]
[0m05:32:45.032699 [debug] [Thread-1  ]: Finished running node model.enpal_assessment_project.stg_lost_reasons
[0m05:32:45.033310 [debug] [MainThread]: Using postgres connection "master"
[0m05:32:45.033510 [debug] [MainThread]: On master: BEGIN
[0m05:32:45.033682 [debug] [MainThread]: Opening a new connection, currently in state closed
[0m05:32:45.043697 [debug] [MainThread]: SQL status: BEGIN in 0.010 seconds
[0m05:32:45.043954 [debug] [MainThread]: On master: COMMIT
[0m05:32:45.044158 [debug] [MainThread]: Using postgres connection "master"
[0m05:32:45.044345 [debug] [MainThread]: On master: COMMIT
[0m05:32:45.045241 [debug] [MainThread]: SQL status: COMMIT in 0.001 seconds
[0m05:32:45.045452 [debug] [MainThread]: On master: Close
[0m05:32:45.045726 [debug] [MainThread]: Connection 'master' was properly closed.
[0m05:32:45.045901 [debug] [MainThread]: Connection 'model.enpal_assessment_project.stg_lost_reasons' was properly closed.
[0m05:32:45.046095 [info ] [MainThread]: 
[0m05:32:45.046299 [info ] [MainThread]: Finished running 1 table model in 0 hours 0 minutes and 0.26 seconds (0.26s).
[0m05:32:45.046728 [debug] [MainThread]: Command end result
[0m05:32:45.064071 [debug] [MainThread]: Wrote artifact WritableManifest to /Users/rajukaju/Projects/dbt_enpal_assessment/target/manifest.json
[0m05:32:45.065063 [debug] [MainThread]: Wrote artifact SemanticManifest to /Users/rajukaju/Projects/dbt_enpal_assessment/target/semantic_manifest.json
[0m05:32:45.069150 [debug] [MainThread]: Wrote artifact RunExecutionResult to /Users/rajukaju/Projects/dbt_enpal_assessment/target/run_results.json
[0m05:32:45.069336 [info ] [MainThread]: 
[0m05:32:45.069564 [info ] [MainThread]: [32mCompleted successfully[0m
[0m05:32:45.069732 [info ] [MainThread]: 
[0m05:32:45.069928 [info ] [MainThread]: Done. PASS=1 WARN=0 ERROR=0 SKIP=0 NO-OP=0 TOTAL=1
[0m05:32:45.071854 [debug] [MainThread]: Resource report: {"command_name": "run", "command_success": true, "command_wall_clock_time": 0.7519435, "process_in_blocks": "0", "process_kernel_time": 0.198457, "process_mem_max_rss": "126648320", "process_out_blocks": "0", "process_user_time": 1.295084}
[0m05:32:45.072096 [debug] [MainThread]: Command `dbt run` succeeded at 05:32:45.072046 after 0.75 seconds
[0m05:32:45.072306 [debug] [MainThread]: Sending event: {'category': 'dbt', 'action': 'invocation', 'label': 'end', 'context': [<snowplow_tracker.self_describing_json.SelfDescribingJson object at 0x10c7c1220>, <snowplow_tracker.self_describing_json.SelfDescribingJson object at 0x10d8131f0>, <snowplow_tracker.self_describing_json.SelfDescribingJson object at 0x10dfe5760>]}
[0m05:32:45.072519 [debug] [MainThread]: Flushing usage events
[0m05:32:46.187901 [debug] [MainThread]: An error was encountered while trying to flush usage events
[0m05:46:01.139721 [debug] [MainThread]: Sending event: {'category': 'dbt', 'action': 'invocation', 'label': 'start', 'context': [<snowplow_tracker.self_describing_json.SelfDescribingJson object at 0x109a651f0>, <snowplow_tracker.self_describing_json.SelfDescribingJson object at 0x10aae2e20>, <snowplow_tracker.self_describing_json.SelfDescribingJson object at 0x10aae2220>]}


============================== 05:46:01.142732 | 1dd02e19-b6dc-4e86-9157-18e3a77b703e ==============================
[0m05:46:01.142732 [info ] [MainThread]: Running with dbt=1.10.19
[0m05:46:01.143075 [debug] [MainThread]: running dbt with arguments {'write_json': 'True', 'quiet': 'False', 'send_anonymous_usage_stats': 'True', 'use_experimental_parser': 'False', 'printer_width': '80', 'version_check': 'True', 'log_format': 'default', 'use_colors': 'True', 'invocation_command': 'dbt run -s stg_deal_changes_details.sql', 'log_path': '/Users/rajukaju/Projects/dbt_enpal_assessment/logs', 'warn_error_options': 'WarnErrorOptionsV2(error=[], warn=[], silence=[])', 'indirect_selection': 'eager', 'introspect': 'True', 'static_parser': 'True', 'fail_fast': 'False', 'debug': 'False', 'cache_selected_only': 'False', 'warn_error': 'None', 'partial_parse': 'True', 'no_print': 'None', 'log_cache_events': 'False', 'profiles_dir': '/Users/rajukaju/Projects/dbt_enpal_assessment', 'target_path': 'None', 'empty': 'False'}
[0m05:46:01.259952 [debug] [MainThread]: Sending event: {'category': 'dbt', 'action': 'project_id', 'label': '1dd02e19-b6dc-4e86-9157-18e3a77b703e', 'context': [<snowplow_tracker.self_describing_json.SelfDescribingJson object at 0x1081b8220>]}
[0m05:46:01.296611 [debug] [MainThread]: Sending event: {'category': 'dbt', 'action': 'adapter_info', 'label': '1dd02e19-b6dc-4e86-9157-18e3a77b703e', 'context': [<snowplow_tracker.self_describing_json.SelfDescribingJson object at 0x10aa9ab80>]}
[0m05:46:01.297336 [info ] [MainThread]: Registered adapter: postgres=1.9.1
[0m05:46:01.367747 [debug] [MainThread]: checksum: c35ba6d374a0901ceb00688d5179d5550885e1756283b03e5e81c28e0d8d2248, vars: {}, profile: , target: , version: 1.10.19
[0m05:46:01.462691 [debug] [MainThread]: Partial parsing enabled: 0 files deleted, 0 files added, 0 files changed.
[0m05:46:01.462930 [debug] [MainThread]: Partial parsing enabled, no changes found, skipping parsing
[0m05:46:01.488633 [debug] [MainThread]: Sending event: {'category': 'dbt', 'action': 'load_project', 'label': '1dd02e19-b6dc-4e86-9157-18e3a77b703e', 'context': [<snowplow_tracker.self_describing_json.SelfDescribingJson object at 0x10bb4b130>]}
[0m05:46:01.543401 [debug] [MainThread]: Wrote artifact WritableManifest to /Users/rajukaju/Projects/dbt_enpal_assessment/target/manifest.json
[0m05:46:01.544819 [debug] [MainThread]: Wrote artifact SemanticManifest to /Users/rajukaju/Projects/dbt_enpal_assessment/target/semantic_manifest.json
[0m05:46:01.556842 [debug] [MainThread]: Sending event: {'category': 'dbt', 'action': 'resource_counts', 'label': '1dd02e19-b6dc-4e86-9157-18e3a77b703e', 'context': [<snowplow_tracker.self_describing_json.SelfDescribingJson object at 0x10bad1ca0>]}
[0m05:46:01.557146 [info ] [MainThread]: Found 7 models, 6 sources, 447 macros
[0m05:46:01.557340 [debug] [MainThread]: Sending event: {'category': 'dbt', 'action': 'runnable_timing', 'label': '1dd02e19-b6dc-4e86-9157-18e3a77b703e', 'context': [<snowplow_tracker.self_describing_json.SelfDescribingJson object at 0x10b26f790>]}
[0m05:46:01.557840 [warn ] [MainThread]: The selection criterion 'stg_deal_changes_details.sql' does not match any enabled nodes
[0m05:46:01.558329 [warn ] [MainThread]: Nothing to do. Try checking your model configs and model specification args
[0m05:46:01.559493 [debug] [MainThread]: Command end result
[0m05:46:01.600429 [debug] [MainThread]: Wrote artifact WritableManifest to /Users/rajukaju/Projects/dbt_enpal_assessment/target/manifest.json
[0m05:46:01.601493 [debug] [MainThread]: Wrote artifact SemanticManifest to /Users/rajukaju/Projects/dbt_enpal_assessment/target/semantic_manifest.json
[0m05:46:01.603517 [debug] [MainThread]: Wrote artifact RunExecutionResult to /Users/rajukaju/Projects/dbt_enpal_assessment/target/run_results.json
[0m05:46:01.605693 [debug] [MainThread]: Resource report: {"command_name": "run", "command_success": true, "command_wall_clock_time": 0.5157186, "process_in_blocks": "0", "process_kernel_time": 0.206174, "process_mem_max_rss": "111443968", "process_out_blocks": "0", "process_user_time": 1.156963}
[0m05:46:01.605933 [debug] [MainThread]: Command `dbt run` succeeded at 05:46:01.605884 after 0.52 seconds
[0m05:46:01.606133 [debug] [MainThread]: Sending event: {'category': 'dbt', 'action': 'invocation', 'label': 'end', 'context': [<snowplow_tracker.self_describing_json.SelfDescribingJson object at 0x109a651f0>, <snowplow_tracker.self_describing_json.SelfDescribingJson object at 0x10b1c5760>, <snowplow_tracker.self_describing_json.SelfDescribingJson object at 0x10bad1cd0>]}
[0m05:46:01.606330 [debug] [MainThread]: Flushing usage events
[0m05:46:02.885792 [debug] [MainThread]: An error was encountered while trying to flush usage events
[0m05:47:16.690120 [debug] [MainThread]: Sending event: {'category': 'dbt', 'action': 'invocation', 'label': 'start', 'context': [<snowplow_tracker.self_describing_json.SelfDescribingJson object at 0x10999d250>, <snowplow_tracker.self_describing_json.SelfDescribingJson object at 0x10aa1bf10>, <snowplow_tracker.self_describing_json.SelfDescribingJson object at 0x10aa1b190>]}


============================== 05:47:16.693164 | 88695f7c-50f3-4bfb-8fdd-119561eb9870 ==============================
[0m05:47:16.693164 [info ] [MainThread]: Running with dbt=1.10.19
[0m05:47:16.693520 [debug] [MainThread]: running dbt with arguments {'quiet': 'False', 'warn_error_options': 'WarnErrorOptionsV2(error=[], warn=[], silence=[])', 'version_check': 'True', 'fail_fast': 'False', 'cache_selected_only': 'False', 'invocation_command': 'dbt run -s stg_deal_changes_details.sql', 'log_format': 'default', 'send_anonymous_usage_stats': 'True', 'warn_error': 'None', 'profiles_dir': '/Users/rajukaju/Projects/dbt_enpal_assessment', 'target_path': 'None', 'log_cache_events': 'False', 'use_colors': 'True', 'no_print': 'None', 'indirect_selection': 'eager', 'debug': 'False', 'write_json': 'True', 'partial_parse': 'True', 'static_parser': 'True', 'log_path': '/Users/rajukaju/Projects/dbt_enpal_assessment/logs', 'empty': 'False', 'introspect': 'True', 'printer_width': '80', 'use_experimental_parser': 'False'}
[0m05:47:16.811120 [debug] [MainThread]: Sending event: {'category': 'dbt', 'action': 'project_id', 'label': '88695f7c-50f3-4bfb-8fdd-119561eb9870', 'context': [<snowplow_tracker.self_describing_json.SelfDescribingJson object at 0x1080f08b0>]}
[0m05:47:16.847548 [debug] [MainThread]: Sending event: {'category': 'dbt', 'action': 'adapter_info', 'label': '88695f7c-50f3-4bfb-8fdd-119561eb9870', 'context': [<snowplow_tracker.self_describing_json.SelfDescribingJson object at 0x10a9f64c0>]}
[0m05:47:16.848270 [info ] [MainThread]: Registered adapter: postgres=1.9.1
[0m05:47:16.918599 [debug] [MainThread]: checksum: c35ba6d374a0901ceb00688d5179d5550885e1756283b03e5e81c28e0d8d2248, vars: {}, profile: , target: , version: 1.10.19
[0m05:47:17.013525 [debug] [MainThread]: Partial parsing enabled: 0 files deleted, 0 files added, 0 files changed.
[0m05:47:17.013768 [debug] [MainThread]: Partial parsing enabled, no changes found, skipping parsing
[0m05:47:17.039517 [debug] [MainThread]: Sending event: {'category': 'dbt', 'action': 'load_project', 'label': '88695f7c-50f3-4bfb-8fdd-119561eb9870', 'context': [<snowplow_tracker.self_describing_json.SelfDescribingJson object at 0x10ba83130>]}
[0m05:47:17.093115 [debug] [MainThread]: Wrote artifact WritableManifest to /Users/rajukaju/Projects/dbt_enpal_assessment/target/manifest.json
[0m05:47:17.094591 [debug] [MainThread]: Wrote artifact SemanticManifest to /Users/rajukaju/Projects/dbt_enpal_assessment/target/semantic_manifest.json
[0m05:47:17.106094 [debug] [MainThread]: Sending event: {'category': 'dbt', 'action': 'resource_counts', 'label': '88695f7c-50f3-4bfb-8fdd-119561eb9870', 'context': [<snowplow_tracker.self_describing_json.SelfDescribingJson object at 0x10ba01d00>]}
[0m05:47:17.106399 [info ] [MainThread]: Found 7 models, 6 sources, 447 macros
[0m05:47:17.106599 [debug] [MainThread]: Sending event: {'category': 'dbt', 'action': 'runnable_timing', 'label': '88695f7c-50f3-4bfb-8fdd-119561eb9870', 'context': [<snowplow_tracker.self_describing_json.SelfDescribingJson object at 0x108ee8100>]}
[0m05:47:17.107103 [warn ] [MainThread]: The selection criterion 'stg_deal_changes_details.sql' does not match any enabled nodes
[0m05:47:17.107591 [warn ] [MainThread]: Nothing to do. Try checking your model configs and model specification args
[0m05:47:17.108770 [debug] [MainThread]: Command end result
[0m05:47:17.150068 [debug] [MainThread]: Wrote artifact WritableManifest to /Users/rajukaju/Projects/dbt_enpal_assessment/target/manifest.json
[0m05:47:17.151145 [debug] [MainThread]: Wrote artifact SemanticManifest to /Users/rajukaju/Projects/dbt_enpal_assessment/target/semantic_manifest.json
[0m05:47:17.153175 [debug] [MainThread]: Wrote artifact RunExecutionResult to /Users/rajukaju/Projects/dbt_enpal_assessment/target/run_results.json
[0m05:47:17.154832 [debug] [MainThread]: Resource report: {"command_name": "run", "command_success": true, "command_wall_clock_time": 0.5110547, "process_in_blocks": "0", "process_kernel_time": 0.174765, "process_mem_max_rss": "111575040", "process_out_blocks": "0", "process_user_time": 1.158258}
[0m05:47:17.155071 [debug] [MainThread]: Command `dbt run` succeeded at 05:47:17.155021 after 0.51 seconds
[0m05:47:17.155274 [debug] [MainThread]: Sending event: {'category': 'dbt', 'action': 'invocation', 'label': 'end', 'context': [<snowplow_tracker.self_describing_json.SelfDescribingJson object at 0x10999d250>, <snowplow_tracker.self_describing_json.SelfDescribingJson object at 0x10ba01d90>, <snowplow_tracker.self_describing_json.SelfDescribingJson object at 0x109c3c670>]}
[0m05:47:17.155474 [debug] [MainThread]: Flushing usage events
[0m05:47:18.128377 [debug] [MainThread]: An error was encountered while trying to flush usage events
[0m05:47:55.787193 [debug] [MainThread]: Sending event: {'category': 'dbt', 'action': 'invocation', 'label': 'start', 'context': [<snowplow_tracker.self_describing_json.SelfDescribingJson object at 0x10bcdd220>, <snowplow_tracker.self_describing_json.SelfDescribingJson object at 0x10cd5bee0>, <snowplow_tracker.self_describing_json.SelfDescribingJson object at 0x10cd5b190>]}


============================== 05:47:55.790291 | 194224ee-0a11-48c0-9a8f-086f7edeeb1a ==============================
[0m05:47:55.790291 [info ] [MainThread]: Running with dbt=1.10.19
[0m05:47:55.790652 [debug] [MainThread]: running dbt with arguments {'use_experimental_parser': 'False', 'write_json': 'True', 'invocation_command': 'dbt run -s stg_deal_changes_details.sql', 'cache_selected_only': 'False', 'target_path': 'None', 'partial_parse': 'True', 'version_check': 'True', 'quiet': 'False', 'static_parser': 'True', 'fail_fast': 'False', 'indirect_selection': 'eager', 'introspect': 'True', 'warn_error': 'None', 'printer_width': '80', 'debug': 'False', 'log_cache_events': 'False', 'use_colors': 'True', 'no_print': 'None', 'profiles_dir': '/Users/rajukaju/Projects/dbt_enpal_assessment', 'log_format': 'default', 'log_path': '/Users/rajukaju/Projects/dbt_enpal_assessment/logs', 'warn_error_options': 'WarnErrorOptionsV2(error=[], warn=[], silence=[])', 'send_anonymous_usage_stats': 'True', 'empty': 'False'}
[0m05:47:55.907185 [debug] [MainThread]: Sending event: {'category': 'dbt', 'action': 'project_id', 'label': '194224ee-0a11-48c0-9a8f-086f7edeeb1a', 'context': [<snowplow_tracker.self_describing_json.SelfDescribingJson object at 0x10cce1a60>]}
[0m05:47:55.943672 [debug] [MainThread]: Sending event: {'category': 'dbt', 'action': 'adapter_info', 'label': '194224ee-0a11-48c0-9a8f-086f7edeeb1a', 'context': [<snowplow_tracker.self_describing_json.SelfDescribingJson object at 0x10cd301f0>]}
[0m05:47:55.944398 [info ] [MainThread]: Registered adapter: postgres=1.9.1
[0m05:47:56.016270 [debug] [MainThread]: checksum: c35ba6d374a0901ceb00688d5179d5550885e1756283b03e5e81c28e0d8d2248, vars: {}, profile: , target: , version: 1.10.19
[0m05:47:56.111348 [debug] [MainThread]: Partial parsing enabled: 0 files deleted, 0 files added, 0 files changed.
[0m05:47:56.111590 [debug] [MainThread]: Partial parsing enabled, no changes found, skipping parsing
[0m05:47:56.137479 [debug] [MainThread]: Sending event: {'category': 'dbt', 'action': 'load_project', 'label': '194224ee-0a11-48c0-9a8f-086f7edeeb1a', 'context': [<snowplow_tracker.self_describing_json.SelfDescribingJson object at 0x10ddc3130>]}
[0m05:47:56.191408 [debug] [MainThread]: Wrote artifact WritableManifest to /Users/rajukaju/Projects/dbt_enpal_assessment/target/manifest.json
[0m05:47:56.192940 [debug] [MainThread]: Wrote artifact SemanticManifest to /Users/rajukaju/Projects/dbt_enpal_assessment/target/semantic_manifest.json
[0m05:47:56.204244 [debug] [MainThread]: Sending event: {'category': 'dbt', 'action': 'resource_counts', 'label': '194224ee-0a11-48c0-9a8f-086f7edeeb1a', 'context': [<snowplow_tracker.self_describing_json.SelfDescribingJson object at 0x10d506a00>]}
[0m05:47:56.204544 [info ] [MainThread]: Found 7 models, 6 sources, 447 macros
[0m05:47:56.204743 [debug] [MainThread]: Sending event: {'category': 'dbt', 'action': 'runnable_timing', 'label': '194224ee-0a11-48c0-9a8f-086f7edeeb1a', 'context': [<snowplow_tracker.self_describing_json.SelfDescribingJson object at 0x10de11ca0>]}
[0m05:47:56.205254 [warn ] [MainThread]: The selection criterion 'stg_deal_changes_details.sql' does not match any enabled nodes
[0m05:47:56.205737 [warn ] [MainThread]: Nothing to do. Try checking your model configs and model specification args
[0m05:47:56.206902 [debug] [MainThread]: Command end result
[0m05:47:56.247577 [debug] [MainThread]: Wrote artifact WritableManifest to /Users/rajukaju/Projects/dbt_enpal_assessment/target/manifest.json
[0m05:47:56.248832 [debug] [MainThread]: Wrote artifact SemanticManifest to /Users/rajukaju/Projects/dbt_enpal_assessment/target/semantic_manifest.json
[0m05:47:56.250936 [debug] [MainThread]: Wrote artifact RunExecutionResult to /Users/rajukaju/Projects/dbt_enpal_assessment/target/run_results.json
[0m05:47:56.252848 [debug] [MainThread]: Resource report: {"command_name": "run", "command_success": true, "command_wall_clock_time": 0.51326156, "process_in_blocks": "0", "process_kernel_time": 0.204373, "process_mem_max_rss": "111804416", "process_out_blocks": "0", "process_user_time": 1.157695}
[0m05:47:56.253077 [debug] [MainThread]: Command `dbt run` succeeded at 05:47:56.253030 after 0.51 seconds
[0m05:47:56.253279 [debug] [MainThread]: Sending event: {'category': 'dbt', 'action': 'invocation', 'label': 'end', 'context': [<snowplow_tracker.self_describing_json.SelfDescribingJson object at 0x10bcdd220>, <snowplow_tracker.self_describing_json.SelfDescribingJson object at 0x10be04a60>, <snowplow_tracker.self_describing_json.SelfDescribingJson object at 0x10dd5c4c0>]}
[0m05:47:56.253475 [debug] [MainThread]: Flushing usage events
[0m05:47:57.361358 [debug] [MainThread]: An error was encountered while trying to flush usage events
[0m05:49:39.748091 [debug] [MainThread]: Sending event: {'category': 'dbt', 'action': 'invocation', 'label': 'start', 'context': [<snowplow_tracker.self_describing_json.SelfDescribingJson object at 0x107a6d2b0>, <snowplow_tracker.self_describing_json.SelfDescribingJson object at 0x108aebee0>, <snowplow_tracker.self_describing_json.SelfDescribingJson object at 0x108aeb220>]}


============================== 05:49:39.751090 | 79a3db7a-d7a7-4aea-8acf-3d9103e3ea0d ==============================
[0m05:49:39.751090 [info ] [MainThread]: Running with dbt=1.10.19
[0m05:49:39.751443 [debug] [MainThread]: running dbt with arguments {'version_check': 'True', 'empty': 'False', 'invocation_command': 'dbt run -s stg_deal_changes_details.sql', 'target_path': 'None', 'debug': 'False', 'no_print': 'None', 'log_path': '/Users/rajukaju/Projects/dbt_enpal_assessment/logs', 'cache_selected_only': 'False', 'static_parser': 'True', 'partial_parse': 'True', 'profiles_dir': '/Users/rajukaju/Projects/dbt_enpal_assessment', 'send_anonymous_usage_stats': 'True', 'introspect': 'True', 'indirect_selection': 'eager', 'use_colors': 'True', 'fail_fast': 'False', 'log_format': 'default', 'quiet': 'False', 'write_json': 'True', 'use_experimental_parser': 'False', 'warn_error_options': 'WarnErrorOptionsV2(error=[], warn=[], silence=[])', 'warn_error': 'None', 'printer_width': '80', 'log_cache_events': 'False'}
[0m05:49:39.866722 [debug] [MainThread]: Sending event: {'category': 'dbt', 'action': 'project_id', 'label': '79a3db7a-d7a7-4aea-8acf-3d9103e3ea0d', 'context': [<snowplow_tracker.self_describing_json.SelfDescribingJson object at 0x108fd2a90>]}
[0m05:49:39.903231 [debug] [MainThread]: Sending event: {'category': 'dbt', 'action': 'adapter_info', 'label': '79a3db7a-d7a7-4aea-8acf-3d9103e3ea0d', 'context': [<snowplow_tracker.self_describing_json.SelfDescribingJson object at 0x108a8da30>]}
[0m05:49:39.904031 [info ] [MainThread]: Registered adapter: postgres=1.9.1
[0m05:49:39.974962 [debug] [MainThread]: checksum: c35ba6d374a0901ceb00688d5179d5550885e1756283b03e5e81c28e0d8d2248, vars: {}, profile: , target: , version: 1.10.19
[0m05:49:40.067776 [debug] [MainThread]: Partial parsing enabled: 0 files deleted, 0 files added, 0 files changed.
[0m05:49:40.068021 [debug] [MainThread]: Partial parsing enabled, no changes found, skipping parsing
[0m05:49:40.094018 [debug] [MainThread]: Sending event: {'category': 'dbt', 'action': 'load_project', 'label': '79a3db7a-d7a7-4aea-8acf-3d9103e3ea0d', 'context': [<snowplow_tracker.self_describing_json.SelfDescribingJson object at 0x109b53130>]}
[0m05:49:40.148488 [debug] [MainThread]: Wrote artifact WritableManifest to /Users/rajukaju/Projects/dbt_enpal_assessment/target/manifest.json
[0m05:49:40.149840 [debug] [MainThread]: Wrote artifact SemanticManifest to /Users/rajukaju/Projects/dbt_enpal_assessment/target/semantic_manifest.json
[0m05:49:40.160345 [debug] [MainThread]: Sending event: {'category': 'dbt', 'action': 'resource_counts', 'label': '79a3db7a-d7a7-4aea-8acf-3d9103e3ea0d', 'context': [<snowplow_tracker.self_describing_json.SelfDescribingJson object at 0x109207160>]}
[0m05:49:40.160650 [info ] [MainThread]: Found 7 models, 6 sources, 447 macros
[0m05:49:40.160851 [debug] [MainThread]: Sending event: {'category': 'dbt', 'action': 'runnable_timing', 'label': '79a3db7a-d7a7-4aea-8acf-3d9103e3ea0d', 'context': [<snowplow_tracker.self_describing_json.SelfDescribingJson object at 0x108abe520>]}
[0m05:49:40.161362 [warn ] [MainThread]: The selection criterion 'stg_deal_changes_details.sql' does not match any enabled nodes
[0m05:49:40.161843 [warn ] [MainThread]: Nothing to do. Try checking your model configs and model specification args
[0m05:49:40.163039 [debug] [MainThread]: Command end result
[0m05:49:40.203517 [debug] [MainThread]: Wrote artifact WritableManifest to /Users/rajukaju/Projects/dbt_enpal_assessment/target/manifest.json
[0m05:49:40.204586 [debug] [MainThread]: Wrote artifact SemanticManifest to /Users/rajukaju/Projects/dbt_enpal_assessment/target/semantic_manifest.json
[0m05:49:40.206659 [debug] [MainThread]: Wrote artifact RunExecutionResult to /Users/rajukaju/Projects/dbt_enpal_assessment/target/run_results.json
[0m05:49:40.208317 [debug] [MainThread]: Resource report: {"command_name": "run", "command_success": true, "command_wall_clock_time": 0.5062652, "process_in_blocks": "0", "process_kernel_time": 0.172944, "process_mem_max_rss": "111607808", "process_out_blocks": "0", "process_user_time": 1.164771}
[0m05:49:40.208548 [debug] [MainThread]: Command `dbt run` succeeded at 05:49:40.208500 after 0.51 seconds
[0m05:49:40.208748 [debug] [MainThread]: Sending event: {'category': 'dbt', 'action': 'invocation', 'label': 'end', 'context': [<snowplow_tracker.self_describing_json.SelfDescribingJson object at 0x107a6d2b0>, <snowplow_tracker.self_describing_json.SelfDescribingJson object at 0x109a29d00>, <snowplow_tracker.self_describing_json.SelfDescribingJson object at 0x106ffaca0>]}
[0m05:49:40.208949 [debug] [MainThread]: Flushing usage events
[0m05:49:41.180104 [debug] [MainThread]: An error was encountered while trying to flush usage events
[0m05:52:43.052307 [debug] [MainThread]: Sending event: {'category': 'dbt', 'action': 'invocation', 'label': 'start', 'context': [<snowplow_tracker.self_describing_json.SelfDescribingJson object at 0x10c819280>, <snowplow_tracker.self_describing_json.SelfDescribingJson object at 0x10d897e80>, <snowplow_tracker.self_describing_json.SelfDescribingJson object at 0x10d897250>]}


============================== 05:52:43.055168 | 4263b0fb-dc60-456a-8383-f6e0dbaa2e4f ==============================
[0m05:52:43.055168 [info ] [MainThread]: Running with dbt=1.10.19
[0m05:52:43.055514 [debug] [MainThread]: running dbt with arguments {'use_colors': 'True', 'warn_error_options': 'WarnErrorOptionsV2(error=[], warn=[], silence=[])', 'cache_selected_only': 'False', 'profiles_dir': '/Users/rajukaju/Projects/dbt_enpal_assessment', 'fail_fast': 'False', 'log_cache_events': 'False', 'quiet': 'False', 'target_path': 'None', 'empty': 'False', 'partial_parse': 'True', 'indirect_selection': 'eager', 'log_path': '/Users/rajukaju/Projects/dbt_enpal_assessment/logs', 'use_experimental_parser': 'False', 'warn_error': 'None', 'printer_width': '80', 'send_anonymous_usage_stats': 'True', 'write_json': 'True', 'introspect': 'True', 'no_print': 'None', 'static_parser': 'True', 'invocation_command': 'dbt run -s +stg_deal_changes_details.sql', 'version_check': 'True', 'log_format': 'default', 'debug': 'False'}
[0m05:52:43.171858 [debug] [MainThread]: Sending event: {'category': 'dbt', 'action': 'project_id', 'label': '4263b0fb-dc60-456a-8383-f6e0dbaa2e4f', 'context': [<snowplow_tracker.self_describing_json.SelfDescribingJson object at 0x10d872460>]}
[0m05:52:43.208671 [debug] [MainThread]: Sending event: {'category': 'dbt', 'action': 'adapter_info', 'label': '4263b0fb-dc60-456a-8383-f6e0dbaa2e4f', 'context': [<snowplow_tracker.self_describing_json.SelfDescribingJson object at 0x10d10a670>]}
[0m05:52:43.210076 [info ] [MainThread]: Registered adapter: postgres=1.9.1
[0m05:52:43.281141 [debug] [MainThread]: checksum: c35ba6d374a0901ceb00688d5179d5550885e1756283b03e5e81c28e0d8d2248, vars: {}, profile: , target: , version: 1.10.19
[0m05:52:43.373485 [debug] [MainThread]: Partial parsing enabled: 0 files deleted, 0 files added, 0 files changed.
[0m05:52:43.373727 [debug] [MainThread]: Partial parsing enabled, no changes found, skipping parsing
[0m05:52:43.399436 [debug] [MainThread]: Sending event: {'category': 'dbt', 'action': 'load_project', 'label': '4263b0fb-dc60-456a-8383-f6e0dbaa2e4f', 'context': [<snowplow_tracker.self_describing_json.SelfDescribingJson object at 0x10e8ff130>]}
[0m05:52:43.452713 [debug] [MainThread]: Wrote artifact WritableManifest to /Users/rajukaju/Projects/dbt_enpal_assessment/target/manifest.json
[0m05:52:43.453981 [debug] [MainThread]: Wrote artifact SemanticManifest to /Users/rajukaju/Projects/dbt_enpal_assessment/target/semantic_manifest.json
[0m05:52:43.464990 [debug] [MainThread]: Sending event: {'category': 'dbt', 'action': 'resource_counts', 'label': '4263b0fb-dc60-456a-8383-f6e0dbaa2e4f', 'context': [<snowplow_tracker.self_describing_json.SelfDescribingJson object at 0x10e9521c0>]}
[0m05:52:43.465282 [info ] [MainThread]: Found 7 models, 6 sources, 447 macros
[0m05:52:43.465480 [debug] [MainThread]: Sending event: {'category': 'dbt', 'action': 'runnable_timing', 'label': '4263b0fb-dc60-456a-8383-f6e0dbaa2e4f', 'context': [<snowplow_tracker.self_describing_json.SelfDescribingJson object at 0x10e9112e0>]}
[0m05:52:43.465986 [warn ] [MainThread]: The selection criterion '+stg_deal_changes_details.sql' does not match any enabled nodes
[0m05:52:43.466465 [warn ] [MainThread]: Nothing to do. Try checking your model configs and model specification args
[0m05:52:43.467633 [debug] [MainThread]: Command end result
[0m05:52:43.507856 [debug] [MainThread]: Wrote artifact WritableManifest to /Users/rajukaju/Projects/dbt_enpal_assessment/target/manifest.json
[0m05:52:43.508883 [debug] [MainThread]: Wrote artifact SemanticManifest to /Users/rajukaju/Projects/dbt_enpal_assessment/target/semantic_manifest.json
[0m05:52:43.510933 [debug] [MainThread]: Wrote artifact RunExecutionResult to /Users/rajukaju/Projects/dbt_enpal_assessment/target/run_results.json
[0m05:52:43.512799 [debug] [MainThread]: Resource report: {"command_name": "run", "command_success": true, "command_wall_clock_time": 0.5087077, "process_in_blocks": "0", "process_kernel_time": 0.197257, "process_mem_max_rss": "111476736", "process_out_blocks": "0", "process_user_time": 1.160899}
[0m05:52:43.513029 [debug] [MainThread]: Command `dbt run` succeeded at 05:52:43.512980 after 0.51 seconds
[0m05:52:43.513228 [debug] [MainThread]: Sending event: {'category': 'dbt', 'action': 'invocation', 'label': 'end', 'context': [<snowplow_tracker.self_describing_json.SelfDescribingJson object at 0x10c819280>, <snowplow_tracker.self_describing_json.SelfDescribingJson object at 0x10e847640>, <snowplow_tracker.self_describing_json.SelfDescribingJson object at 0x10e7c50d0>]}
[0m05:52:43.513426 [debug] [MainThread]: Flushing usage events
[0m05:52:44.785564 [debug] [MainThread]: An error was encountered while trying to flush usage events
[0m05:53:13.966674 [debug] [MainThread]: Sending event: {'category': 'dbt', 'action': 'invocation', 'label': 'start', 'context': [<snowplow_tracker.self_describing_json.SelfDescribingJson object at 0x10a62d250>, <snowplow_tracker.self_describing_json.SelfDescribingJson object at 0x10b6abf10>, <snowplow_tracker.self_describing_json.SelfDescribingJson object at 0x10b6ab190>]}


============================== 05:53:13.969561 | cb48dc50-67b5-4463-aca4-5b42dd52203e ==============================
[0m05:53:13.969561 [info ] [MainThread]: Running with dbt=1.10.19
[0m05:53:13.969909 [debug] [MainThread]: running dbt with arguments {'warn_error': 'None', 'empty': 'False', 'version_check': 'True', 'static_parser': 'True', 'introspect': 'True', 'fail_fast': 'False', 'log_path': '/Users/rajukaju/Projects/dbt_enpal_assessment/logs', 'no_print': 'None', 'write_json': 'True', 'debug': 'False', 'invocation_command': 'dbt run -s stg_deal_changes_details.sql', 'profiles_dir': '/Users/rajukaju/Projects/dbt_enpal_assessment', 'printer_width': '80', 'indirect_selection': 'eager', 'use_experimental_parser': 'False', 'log_cache_events': 'False', 'send_anonymous_usage_stats': 'True', 'warn_error_options': 'WarnErrorOptionsV2(error=[], warn=[], silence=[])', 'target_path': 'None', 'log_format': 'default', 'use_colors': 'True', 'cache_selected_only': 'False', 'partial_parse': 'True', 'quiet': 'False'}
[0m05:53:14.084180 [debug] [MainThread]: Sending event: {'category': 'dbt', 'action': 'project_id', 'label': 'cb48dc50-67b5-4463-aca4-5b42dd52203e', 'context': [<snowplow_tracker.self_describing_json.SelfDescribingJson object at 0x108d808b0>]}
[0m05:53:14.120769 [debug] [MainThread]: Sending event: {'category': 'dbt', 'action': 'adapter_info', 'label': 'cb48dc50-67b5-4463-aca4-5b42dd52203e', 'context': [<snowplow_tracker.self_describing_json.SelfDescribingJson object at 0x10b6864c0>]}
[0m05:53:14.122323 [info ] [MainThread]: Registered adapter: postgres=1.9.1
[0m05:53:14.193817 [debug] [MainThread]: checksum: c35ba6d374a0901ceb00688d5179d5550885e1756283b03e5e81c28e0d8d2248, vars: {}, profile: , target: , version: 1.10.19
[0m05:53:14.287477 [debug] [MainThread]: Partial parsing enabled: 0 files deleted, 0 files added, 0 files changed.
[0m05:53:14.287718 [debug] [MainThread]: Partial parsing enabled, no changes found, skipping parsing
[0m05:53:14.313531 [debug] [MainThread]: Sending event: {'category': 'dbt', 'action': 'load_project', 'label': 'cb48dc50-67b5-4463-aca4-5b42dd52203e', 'context': [<snowplow_tracker.self_describing_json.SelfDescribingJson object at 0x10c713130>]}
[0m05:53:14.366833 [debug] [MainThread]: Wrote artifact WritableManifest to /Users/rajukaju/Projects/dbt_enpal_assessment/target/manifest.json
[0m05:53:14.368195 [debug] [MainThread]: Wrote artifact SemanticManifest to /Users/rajukaju/Projects/dbt_enpal_assessment/target/semantic_manifest.json
[0m05:53:14.379116 [debug] [MainThread]: Sending event: {'category': 'dbt', 'action': 'resource_counts', 'label': 'cb48dc50-67b5-4463-aca4-5b42dd52203e', 'context': [<snowplow_tracker.self_describing_json.SelfDescribingJson object at 0x10c690d00>]}
[0m05:53:14.379414 [info ] [MainThread]: Found 7 models, 6 sources, 447 macros
[0m05:53:14.379605 [debug] [MainThread]: Sending event: {'category': 'dbt', 'action': 'runnable_timing', 'label': 'cb48dc50-67b5-4463-aca4-5b42dd52203e', 'context': [<snowplow_tracker.self_describing_json.SelfDescribingJson object at 0x109b82100>]}
[0m05:53:14.380105 [warn ] [MainThread]: The selection criterion 'stg_deal_changes_details.sql' does not match any enabled nodes
[0m05:53:14.380598 [warn ] [MainThread]: Nothing to do. Try checking your model configs and model specification args
[0m05:53:14.381734 [debug] [MainThread]: Command end result
[0m05:53:14.422558 [debug] [MainThread]: Wrote artifact WritableManifest to /Users/rajukaju/Projects/dbt_enpal_assessment/target/manifest.json
[0m05:53:14.423613 [debug] [MainThread]: Wrote artifact SemanticManifest to /Users/rajukaju/Projects/dbt_enpal_assessment/target/semantic_manifest.json
[0m05:53:14.425660 [debug] [MainThread]: Wrote artifact RunExecutionResult to /Users/rajukaju/Projects/dbt_enpal_assessment/target/run_results.json
[0m05:53:14.427294 [debug] [MainThread]: Resource report: {"command_name": "run", "command_success": true, "command_wall_clock_time": 0.5045332, "process_in_blocks": "0", "process_kernel_time": 0.169694, "process_mem_max_rss": "111427584", "process_out_blocks": "0", "process_user_time": 1.161129}
[0m05:53:14.427550 [debug] [MainThread]: Command `dbt run` succeeded at 05:53:14.427501 after 0.50 seconds
[0m05:53:14.427753 [debug] [MainThread]: Sending event: {'category': 'dbt', 'action': 'invocation', 'label': 'end', 'context': [<snowplow_tracker.self_describing_json.SelfDescribingJson object at 0x10a62d250>, <snowplow_tracker.self_describing_json.SelfDescribingJson object at 0x10c690d90>, <snowplow_tracker.self_describing_json.SelfDescribingJson object at 0x10a8cc670>]}
[0m05:53:14.427962 [debug] [MainThread]: Flushing usage events
[0m05:53:15.506343 [debug] [MainThread]: An error was encountered while trying to flush usage events
[0m05:53:57.048908 [debug] [MainThread]: Sending event: {'category': 'dbt', 'action': 'invocation', 'label': 'start', 'context': [<snowplow_tracker.self_describing_json.SelfDescribingJson object at 0x109e91250>, <snowplow_tracker.self_describing_json.SelfDescribingJson object at 0x10af0ef10>, <snowplow_tracker.self_describing_json.SelfDescribingJson object at 0x10af0e190>]}


============================== 05:53:57.052083 | 28ca76f7-a5b2-40d4-b50b-747023b713a7 ==============================
[0m05:53:57.052083 [info ] [MainThread]: Running with dbt=1.10.19
[0m05:53:57.052430 [debug] [MainThread]: running dbt with arguments {'use_colors': 'True', 'log_format': 'default', 'introspect': 'True', 'no_print': 'None', 'log_cache_events': 'False', 'profiles_dir': '/Users/rajukaju/Projects/dbt_enpal_assessment', 'partial_parse': 'True', 'fail_fast': 'False', 'debug': 'False', 'send_anonymous_usage_stats': 'True', 'target_path': 'None', 'use_experimental_parser': 'False', 'cache_selected_only': 'False', 'indirect_selection': 'eager', 'log_path': '/Users/rajukaju/Projects/dbt_enpal_assessment/logs', 'empty': 'False', 'static_parser': 'True', 'write_json': 'True', 'warn_error': 'None', 'printer_width': '80', 'invocation_command': 'dbt run -s stg_deal_changes_details.sql', 'version_check': 'True', 'quiet': 'False', 'warn_error_options': 'WarnErrorOptionsV2(error=[], warn=[], silence=[])'}
[0m05:53:57.170325 [debug] [MainThread]: Sending event: {'category': 'dbt', 'action': 'project_id', 'label': '28ca76f7-a5b2-40d4-b50b-747023b713a7', 'context': [<snowplow_tracker.self_describing_json.SelfDescribingJson object at 0x1085e48b0>]}
[0m05:53:57.206916 [debug] [MainThread]: Sending event: {'category': 'dbt', 'action': 'adapter_info', 'label': '28ca76f7-a5b2-40d4-b50b-747023b713a7', 'context': [<snowplow_tracker.self_describing_json.SelfDescribingJson object at 0x10aeea4c0>]}
[0m05:53:57.207673 [info ] [MainThread]: Registered adapter: postgres=1.9.1
[0m05:53:57.279786 [debug] [MainThread]: checksum: c35ba6d374a0901ceb00688d5179d5550885e1756283b03e5e81c28e0d8d2248, vars: {}, profile: , target: , version: 1.10.19
[0m05:53:57.374479 [debug] [MainThread]: Partial parsing enabled: 0 files deleted, 0 files added, 0 files changed.
[0m05:53:57.374724 [debug] [MainThread]: Partial parsing enabled, no changes found, skipping parsing
[0m05:53:57.400600 [debug] [MainThread]: Sending event: {'category': 'dbt', 'action': 'load_project', 'label': '28ca76f7-a5b2-40d4-b50b-747023b713a7', 'context': [<snowplow_tracker.self_describing_json.SelfDescribingJson object at 0x10bf77130>]}
[0m05:53:57.454274 [debug] [MainThread]: Wrote artifact WritableManifest to /Users/rajukaju/Projects/dbt_enpal_assessment/target/manifest.json
[0m05:53:57.455699 [debug] [MainThread]: Wrote artifact SemanticManifest to /Users/rajukaju/Projects/dbt_enpal_assessment/target/semantic_manifest.json
[0m05:53:57.467297 [debug] [MainThread]: Sending event: {'category': 'dbt', 'action': 'resource_counts', 'label': '28ca76f7-a5b2-40d4-b50b-747023b713a7', 'context': [<snowplow_tracker.self_describing_json.SelfDescribingJson object at 0x10befdd00>]}
[0m05:53:57.467605 [info ] [MainThread]: Found 7 models, 6 sources, 447 macros
[0m05:53:57.467798 [debug] [MainThread]: Sending event: {'category': 'dbt', 'action': 'runnable_timing', 'label': '28ca76f7-a5b2-40d4-b50b-747023b713a7', 'context': [<snowplow_tracker.self_describing_json.SelfDescribingJson object at 0x1093dc100>]}
[0m05:53:57.468304 [warn ] [MainThread]: The selection criterion 'stg_deal_changes_details.sql' does not match any enabled nodes
[0m05:53:57.468798 [warn ] [MainThread]: Nothing to do. Try checking your model configs and model specification args
[0m05:53:57.469955 [debug] [MainThread]: Command end result
[0m05:53:57.510620 [debug] [MainThread]: Wrote artifact WritableManifest to /Users/rajukaju/Projects/dbt_enpal_assessment/target/manifest.json
[0m05:53:57.511828 [debug] [MainThread]: Wrote artifact SemanticManifest to /Users/rajukaju/Projects/dbt_enpal_assessment/target/semantic_manifest.json
[0m05:53:57.513881 [debug] [MainThread]: Wrote artifact RunExecutionResult to /Users/rajukaju/Projects/dbt_enpal_assessment/target/run_results.json
[0m05:53:57.515572 [debug] [MainThread]: Resource report: {"command_name": "run", "command_success": true, "command_wall_clock_time": 0.5125265, "process_in_blocks": "0", "process_kernel_time": 0.179619, "process_mem_max_rss": "111558656", "process_out_blocks": "0", "process_user_time": 1.168645}
[0m05:53:57.515809 [debug] [MainThread]: Command `dbt run` succeeded at 05:53:57.515762 after 0.51 seconds
[0m05:53:57.516013 [debug] [MainThread]: Sending event: {'category': 'dbt', 'action': 'invocation', 'label': 'end', 'context': [<snowplow_tracker.self_describing_json.SelfDescribingJson object at 0x109e91250>, <snowplow_tracker.self_describing_json.SelfDescribingJson object at 0x10befdd90>, <snowplow_tracker.self_describing_json.SelfDescribingJson object at 0x10a130670>]}
[0m05:53:57.516208 [debug] [MainThread]: Flushing usage events
[0m05:53:58.394007 [debug] [MainThread]: An error was encountered while trying to flush usage events
[0m05:55:46.269705 [debug] [MainThread]: Sending event: {'category': 'dbt', 'action': 'invocation', 'label': 'start', 'context': [<snowplow_tracker.self_describing_json.SelfDescribingJson object at 0x107fe12b0>, <snowplow_tracker.self_describing_json.SelfDescribingJson object at 0x10905fee0>, <snowplow_tracker.self_describing_json.SelfDescribingJson object at 0x10905f220>]}


============================== 05:55:46.272787 | 8e9e3ffe-b4c3-4a89-800d-c0521f17e9c9 ==============================
[0m05:55:46.272787 [info ] [MainThread]: Running with dbt=1.10.19
[0m05:55:46.273140 [debug] [MainThread]: running dbt with arguments {'no_print': 'None', 'log_cache_events': 'False', 'write_json': 'True', 'introspect': 'True', 'log_format': 'default', 'debug': 'False', 'invocation_command': 'dbt run -s stg_lost_reasons.sql', 'partial_parse': 'True', 'log_path': '/Users/rajukaju/Projects/dbt_enpal_assessment/logs', 'quiet': 'False', 'version_check': 'True', 'empty': 'False', 'fail_fast': 'False', 'target_path': 'None', 'warn_error_options': 'WarnErrorOptionsV2(error=[], warn=[], silence=[])', 'use_colors': 'True', 'use_experimental_parser': 'False', 'printer_width': '80', 'indirect_selection': 'eager', 'profiles_dir': '/Users/rajukaju/Projects/dbt_enpal_assessment', 'cache_selected_only': 'False', 'send_anonymous_usage_stats': 'True', 'static_parser': 'True', 'warn_error': 'None'}
[0m05:55:46.391015 [debug] [MainThread]: Sending event: {'category': 'dbt', 'action': 'project_id', 'label': '8e9e3ffe-b4c3-4a89-800d-c0521f17e9c9', 'context': [<snowplow_tracker.self_describing_json.SelfDescribingJson object at 0x109546a90>]}
[0m05:55:46.427581 [debug] [MainThread]: Sending event: {'category': 'dbt', 'action': 'adapter_info', 'label': '8e9e3ffe-b4c3-4a89-800d-c0521f17e9c9', 'context': [<snowplow_tracker.self_describing_json.SelfDescribingJson object at 0x109002a30>]}
[0m05:55:46.428315 [info ] [MainThread]: Registered adapter: postgres=1.9.1
[0m05:55:46.499961 [debug] [MainThread]: checksum: c35ba6d374a0901ceb00688d5179d5550885e1756283b03e5e81c28e0d8d2248, vars: {}, profile: , target: , version: 1.10.19
[0m05:55:46.596386 [debug] [MainThread]: Partial parsing enabled: 0 files deleted, 0 files added, 0 files changed.
[0m05:55:46.596629 [debug] [MainThread]: Partial parsing enabled, no changes found, skipping parsing
[0m05:55:46.622686 [debug] [MainThread]: Sending event: {'category': 'dbt', 'action': 'load_project', 'label': '8e9e3ffe-b4c3-4a89-800d-c0521f17e9c9', 'context': [<snowplow_tracker.self_describing_json.SelfDescribingJson object at 0x10a0c7130>]}
[0m05:55:46.677931 [debug] [MainThread]: Wrote artifact WritableManifest to /Users/rajukaju/Projects/dbt_enpal_assessment/target/manifest.json
[0m05:55:46.679202 [debug] [MainThread]: Wrote artifact SemanticManifest to /Users/rajukaju/Projects/dbt_enpal_assessment/target/semantic_manifest.json
[0m05:55:46.690676 [debug] [MainThread]: Sending event: {'category': 'dbt', 'action': 'resource_counts', 'label': '8e9e3ffe-b4c3-4a89-800d-c0521f17e9c9', 'context': [<snowplow_tracker.self_describing_json.SelfDescribingJson object at 0x10977c160>]}
[0m05:55:46.690976 [info ] [MainThread]: Found 7 models, 6 sources, 447 macros
[0m05:55:46.691170 [debug] [MainThread]: Sending event: {'category': 'dbt', 'action': 'runnable_timing', 'label': '8e9e3ffe-b4c3-4a89-800d-c0521f17e9c9', 'context': [<snowplow_tracker.self_describing_json.SelfDescribingJson object at 0x109032520>]}
[0m05:55:46.691990 [info ] [MainThread]: 
[0m05:55:46.692183 [info ] [MainThread]: Concurrency: 1 threads (target='dev')
[0m05:55:46.692342 [info ] [MainThread]: 
[0m05:55:46.692619 [debug] [MainThread]: Acquiring new postgres connection 'master'
[0m05:55:46.693117 [debug] [ThreadPool]: Acquiring new postgres connection 'list_postgres'
[0m05:55:46.758419 [debug] [ThreadPool]: Using postgres connection "list_postgres"
[0m05:55:46.758676 [debug] [ThreadPool]: On list_postgres: /* {"app": "dbt", "dbt_version": "1.10.19", "profile_name": "enpal_assessment_project", "target_name": "dev", "connection_name": "list_postgres"} */

    select distinct nspname from pg_namespace
  
[0m05:55:46.758854 [debug] [ThreadPool]: Opening a new connection, currently in state init
[0m05:55:46.923109 [debug] [ThreadPool]: SQL status: SELECT 5 in 0.164 seconds
[0m05:55:46.924571 [debug] [ThreadPool]: On list_postgres: Close
[0m05:55:46.930286 [debug] [ThreadPool]: Re-using an available connection from the pool (formerly list_postgres, now list_postgres_public_pipedrive_analytics)
[0m05:55:46.937418 [debug] [ThreadPool]: Using postgres connection "list_postgres_public_pipedrive_analytics"
[0m05:55:46.937741 [debug] [ThreadPool]: On list_postgres_public_pipedrive_analytics: BEGIN
[0m05:55:46.937993 [debug] [ThreadPool]: Opening a new connection, currently in state closed
[0m05:55:46.950442 [debug] [ThreadPool]: SQL status: BEGIN in 0.012 seconds
[0m05:55:46.950816 [debug] [ThreadPool]: Using postgres connection "list_postgres_public_pipedrive_analytics"
[0m05:55:46.951129 [debug] [ThreadPool]: On list_postgres_public_pipedrive_analytics: /* {"app": "dbt", "dbt_version": "1.10.19", "profile_name": "enpal_assessment_project", "target_name": "dev", "connection_name": "list_postgres_public_pipedrive_analytics"} */
select
      'postgres' as database,
      tablename as name,
      schemaname as schema,
      'table' as type
    from pg_tables
    where schemaname ilike 'public_pipedrive_analytics'
    union all
    select
      'postgres' as database,
      viewname as name,
      schemaname as schema,
      'view' as type
    from pg_views
    where schemaname ilike 'public_pipedrive_analytics'
    union all
    select
      'postgres' as database,
      matviewname as name,
      schemaname as schema,
      'materialized_view' as type
    from pg_matviews
    where schemaname ilike 'public_pipedrive_analytics'
  
[0m05:55:46.955305 [debug] [ThreadPool]: SQL status: SELECT 7 in 0.004 seconds
[0m05:55:46.956656 [debug] [ThreadPool]: On list_postgres_public_pipedrive_analytics: ROLLBACK
[0m05:55:46.957327 [debug] [ThreadPool]: On list_postgres_public_pipedrive_analytics: Close
[0m05:55:46.963359 [debug] [MainThread]: Using postgres connection "master"
[0m05:55:46.963673 [debug] [MainThread]: On master: BEGIN
[0m05:55:46.963893 [debug] [MainThread]: Opening a new connection, currently in state init
[0m05:55:46.973479 [debug] [MainThread]: SQL status: BEGIN in 0.010 seconds
[0m05:55:46.973765 [debug] [MainThread]: Using postgres connection "master"
[0m05:55:46.974068 [debug] [MainThread]: On master: /* {"app": "dbt", "dbt_version": "1.10.19", "profile_name": "enpal_assessment_project", "target_name": "dev", "connection_name": "master"} */
select distinct
        dependent_namespace.nspname as dependent_schema,
        dependent_class.relname as dependent_name,
        referenced_namespace.nspname as referenced_schema,
        referenced_class.relname as referenced_name

    -- Query for views: views are entries in pg_class with an entry in pg_rewrite, but we avoid
    -- a seq scan on pg_rewrite by leveraging the fact there is an "internal" row in pg_depend for
    -- the view...
    from pg_class as dependent_class
    join pg_namespace as dependent_namespace on dependent_namespace.oid = dependent_class.relnamespace
    join pg_depend as dependent_depend on dependent_depend.refobjid = dependent_class.oid
        and dependent_depend.classid = 'pg_rewrite'::regclass
        and dependent_depend.refclassid = 'pg_class'::regclass
        and dependent_depend.deptype = 'i'

    -- ... and via pg_depend (that has a row per column, hence the need for "distinct" above, and
    -- making sure to exclude the internal row to avoid a view appearing to depend on itself)...
    join pg_depend as joining_depend on joining_depend.objid = dependent_depend.objid
        and joining_depend.classid = 'pg_rewrite'::regclass
        and joining_depend.refclassid = 'pg_class'::regclass
        and joining_depend.refobjid != dependent_depend.refobjid

    -- ... we can find the tables they query from in pg_class, but excluding system tables. Note we
    -- don't need need to exclude _dependent_ system tables, because they only query from other
    -- system tables, and so are automatically excluded by excluding _referenced_ system tables
    join pg_class as referenced_class on referenced_class.oid = joining_depend.refobjid
    join pg_namespace as referenced_namespace on referenced_namespace.oid = referenced_class.relnamespace
        and referenced_namespace.nspname != 'information_schema'
        and referenced_namespace.nspname not like 'pg\_%'

    order by
        dependent_schema, dependent_name, referenced_schema, referenced_name;
[0m05:55:46.977478 [debug] [MainThread]: SQL status: SELECT 0 in 0.003 seconds
[0m05:55:46.978517 [debug] [MainThread]: Sending event: {'category': 'dbt', 'action': 'runnable_timing', 'label': '8e9e3ffe-b4c3-4a89-800d-c0521f17e9c9', 'context': [<snowplow_tracker.self_describing_json.SelfDescribingJson object at 0x109032520>]}
[0m05:55:46.978914 [debug] [MainThread]: On master: ROLLBACK
[0m05:55:46.979545 [debug] [MainThread]: Using postgres connection "master"
[0m05:55:46.979854 [debug] [MainThread]: On master: BEGIN
[0m05:55:46.980763 [debug] [MainThread]: SQL status: BEGIN in 0.001 seconds
[0m05:55:46.981064 [debug] [MainThread]: On master: COMMIT
[0m05:55:46.981337 [debug] [MainThread]: Using postgres connection "master"
[0m05:55:46.981583 [debug] [MainThread]: On master: COMMIT
[0m05:55:46.982123 [debug] [MainThread]: SQL status: COMMIT in 0.000 seconds
[0m05:55:46.982409 [debug] [MainThread]: On master: Close
[0m05:55:46.984554 [debug] [Thread-1  ]: Began running node model.enpal_assessment_project.stg_lost_reasons
[0m05:55:46.985060 [info ] [Thread-1  ]: 1 of 1 START sql table model public_pipedrive_analytics.stg_lost_reasons ....... [RUN]
[0m05:55:46.985458 [debug] [Thread-1  ]: Re-using an available connection from the pool (formerly list_postgres_public_pipedrive_analytics, now model.enpal_assessment_project.stg_lost_reasons)
[0m05:55:46.985751 [debug] [Thread-1  ]: Began compiling node model.enpal_assessment_project.stg_lost_reasons
[0m05:55:46.993659 [debug] [Thread-1  ]: Writing injected SQL for node "model.enpal_assessment_project.stg_lost_reasons"
[0m05:55:46.994511 [debug] [Thread-1  ]: Began executing node model.enpal_assessment_project.stg_lost_reasons
[0m05:55:47.023650 [debug] [Thread-1  ]: Writing runtime sql for node "model.enpal_assessment_project.stg_lost_reasons"
[0m05:55:47.024197 [debug] [Thread-1  ]: Using postgres connection "model.enpal_assessment_project.stg_lost_reasons"
[0m05:55:47.024408 [debug] [Thread-1  ]: On model.enpal_assessment_project.stg_lost_reasons: BEGIN
[0m05:55:47.024598 [debug] [Thread-1  ]: Opening a new connection, currently in state closed
[0m05:55:47.035213 [debug] [Thread-1  ]: SQL status: BEGIN in 0.011 seconds
[0m05:55:47.035508 [debug] [Thread-1  ]: Using postgres connection "model.enpal_assessment_project.stg_lost_reasons"
[0m05:55:47.035752 [debug] [Thread-1  ]: On model.enpal_assessment_project.stg_lost_reasons: /* {"app": "dbt", "dbt_version": "1.10.19", "profile_name": "enpal_assessment_project", "target_name": "dev", "node_id": "model.enpal_assessment_project.stg_lost_reasons"} */

  
    

  create  table "postgres"."public_pipedrive_analytics"."stg_lost_reasons__dbt_tmp"
  
  
    as
  
  (
    SELECT 
    CAST(item->>'id' AS SMALLINT) as reason_id,
    item->>'label' as reason_label
FROM "postgres"."public_pipedrive_analytics"."fields" F, 
LATERAL jsonb_array_elements(F.field_value_options) AS item 
WHERE F.field_key = 'lost_reason'
  );
  
[0m05:55:47.041095 [debug] [Thread-1  ]: SQL status: SELECT 5 in 0.005 seconds
[0m05:55:47.050114 [debug] [Thread-1  ]: Using postgres connection "model.enpal_assessment_project.stg_lost_reasons"
[0m05:55:47.050508 [debug] [Thread-1  ]: On model.enpal_assessment_project.stg_lost_reasons: /* {"app": "dbt", "dbt_version": "1.10.19", "profile_name": "enpal_assessment_project", "target_name": "dev", "node_id": "model.enpal_assessment_project.stg_lost_reasons"} */
alter table "postgres"."public_pipedrive_analytics"."stg_lost_reasons" rename to "stg_lost_reasons__dbt_backup"
[0m05:55:47.051368 [debug] [Thread-1  ]: SQL status: ALTER TABLE in 0.001 seconds
[0m05:55:47.054029 [debug] [Thread-1  ]: Using postgres connection "model.enpal_assessment_project.stg_lost_reasons"
[0m05:55:47.054311 [debug] [Thread-1  ]: On model.enpal_assessment_project.stg_lost_reasons: /* {"app": "dbt", "dbt_version": "1.10.19", "profile_name": "enpal_assessment_project", "target_name": "dev", "node_id": "model.enpal_assessment_project.stg_lost_reasons"} */
alter table "postgres"."public_pipedrive_analytics"."stg_lost_reasons__dbt_tmp" rename to "stg_lost_reasons"
[0m05:55:47.055060 [debug] [Thread-1  ]: SQL status: ALTER TABLE in 0.001 seconds
[0m05:55:47.067599 [debug] [Thread-1  ]: On model.enpal_assessment_project.stg_lost_reasons: COMMIT
[0m05:55:47.067946 [debug] [Thread-1  ]: Using postgres connection "model.enpal_assessment_project.stg_lost_reasons"
[0m05:55:47.068161 [debug] [Thread-1  ]: On model.enpal_assessment_project.stg_lost_reasons: COMMIT
[0m05:55:47.070061 [debug] [Thread-1  ]: SQL status: COMMIT in 0.002 seconds
[0m05:55:47.074973 [debug] [Thread-1  ]: Applying DROP to: "postgres"."public_pipedrive_analytics"."stg_lost_reasons__dbt_backup"
[0m05:55:47.078350 [debug] [Thread-1  ]: Using postgres connection "model.enpal_assessment_project.stg_lost_reasons"
[0m05:55:47.078784 [debug] [Thread-1  ]: On model.enpal_assessment_project.stg_lost_reasons: /* {"app": "dbt", "dbt_version": "1.10.19", "profile_name": "enpal_assessment_project", "target_name": "dev", "node_id": "model.enpal_assessment_project.stg_lost_reasons"} */
drop table if exists "postgres"."public_pipedrive_analytics"."stg_lost_reasons__dbt_backup" cascade
[0m05:55:47.084218 [debug] [Thread-1  ]: SQL status: DROP TABLE in 0.005 seconds
[0m05:55:47.086442 [debug] [Thread-1  ]: On model.enpal_assessment_project.stg_lost_reasons: Close
[0m05:55:47.087843 [debug] [Thread-1  ]: Sending event: {'category': 'dbt', 'action': 'run_model', 'label': '8e9e3ffe-b4c3-4a89-800d-c0521f17e9c9', 'context': [<snowplow_tracker.self_describing_json.SelfDescribingJson object at 0x10a4d2340>]}
[0m05:55:47.088414 [info ] [Thread-1  ]: 1 of 1 OK created sql table model public_pipedrive_analytics.stg_lost_reasons .. [[32mSELECT 5[0m in 0.10s]
[0m05:55:47.088794 [debug] [Thread-1  ]: Finished running node model.enpal_assessment_project.stg_lost_reasons
[0m05:55:47.089447 [debug] [MainThread]: Using postgres connection "master"
[0m05:55:47.089667 [debug] [MainThread]: On master: BEGIN
[0m05:55:47.089847 [debug] [MainThread]: Opening a new connection, currently in state closed
[0m05:55:47.099420 [debug] [MainThread]: SQL status: BEGIN in 0.010 seconds
[0m05:55:47.099723 [debug] [MainThread]: On master: COMMIT
[0m05:55:47.099923 [debug] [MainThread]: Using postgres connection "master"
[0m05:55:47.100107 [debug] [MainThread]: On master: COMMIT
[0m05:55:47.100549 [debug] [MainThread]: SQL status: COMMIT in 0.000 seconds
[0m05:55:47.100788 [debug] [MainThread]: On master: Close
[0m05:55:47.101085 [debug] [MainThread]: Connection 'master' was properly closed.
[0m05:55:47.101277 [debug] [MainThread]: Connection 'model.enpal_assessment_project.stg_lost_reasons' was properly closed.
[0m05:55:47.101487 [info ] [MainThread]: 
[0m05:55:47.101701 [info ] [MainThread]: Finished running 1 table model in 0 hours 0 minutes and 0.41 seconds (0.41s).
[0m05:55:47.102156 [debug] [MainThread]: Command end result
[0m05:55:47.119393 [debug] [MainThread]: Wrote artifact WritableManifest to /Users/rajukaju/Projects/dbt_enpal_assessment/target/manifest.json
[0m05:55:47.120625 [debug] [MainThread]: Wrote artifact SemanticManifest to /Users/rajukaju/Projects/dbt_enpal_assessment/target/semantic_manifest.json
[0m05:55:47.124854 [debug] [MainThread]: Wrote artifact RunExecutionResult to /Users/rajukaju/Projects/dbt_enpal_assessment/target/run_results.json
[0m05:55:47.125070 [info ] [MainThread]: 
[0m05:55:47.125335 [info ] [MainThread]: [32mCompleted successfully[0m
[0m05:55:47.125511 [info ] [MainThread]: 
[0m05:55:47.125699 [info ] [MainThread]: Done. PASS=1 WARN=0 ERROR=0 SKIP=0 NO-OP=0 TOTAL=1
[0m05:55:47.127922 [debug] [MainThread]: Resource report: {"command_name": "run", "command_success": true, "command_wall_clock_time": 0.90631527, "process_in_blocks": "0", "process_kernel_time": 0.237748, "process_mem_max_rss": "126599168", "process_out_blocks": "0", "process_user_time": 1.323229}
[0m05:55:47.128156 [debug] [MainThread]: Command `dbt run` succeeded at 05:55:47.128107 after 0.91 seconds
[0m05:55:47.128365 [debug] [MainThread]: Sending event: {'category': 'dbt', 'action': 'invocation', 'label': 'end', 'context': [<snowplow_tracker.self_describing_json.SelfDescribingJson object at 0x107fe12b0>, <snowplow_tracker.self_describing_json.SelfDescribingJson object at 0x1097faf40>, <snowplow_tracker.self_describing_json.SelfDescribingJson object at 0x1082b00a0>]}
[0m05:55:47.128573 [debug] [MainThread]: Flushing usage events
[0m05:55:48.192573 [debug] [MainThread]: An error was encountered while trying to flush usage events
[0m05:56:50.334854 [debug] [MainThread]: Sending event: {'category': 'dbt', 'action': 'invocation', 'label': 'start', 'context': [<snowplow_tracker.self_describing_json.SelfDescribingJson object at 0x109a8d280>, <snowplow_tracker.self_describing_json.SelfDescribingJson object at 0x10ab0be80>, <snowplow_tracker.self_describing_json.SelfDescribingJson object at 0x10ab0b250>]}


============================== 05:56:50.337867 | 0b9e72fd-3a08-484c-8435-557eb732129d ==============================
[0m05:56:50.337867 [info ] [MainThread]: Running with dbt=1.10.19
[0m05:56:50.338200 [debug] [MainThread]: running dbt with arguments {'version_check': 'True', 'send_anonymous_usage_stats': 'True', 'printer_width': '80', 'warn_error_options': 'WarnErrorOptionsV2(error=[], warn=[], silence=[])', 'indirect_selection': 'eager', 'target_path': 'None', 'write_json': 'True', 'use_experimental_parser': 'False', 'log_cache_events': 'False', 'debug': 'False', 'empty': 'False', 'static_parser': 'True', 'warn_error': 'None', 'no_print': 'None', 'cache_selected_only': 'False', 'fail_fast': 'False', 'profiles_dir': '/Users/rajukaju/Projects/dbt_enpal_assessment', 'partial_parse': 'True', 'log_path': '/Users/rajukaju/Projects/dbt_enpal_assessment/logs', 'invocation_command': 'dbt run -s stg_deal_changes_details.sql', 'introspect': 'True', 'use_colors': 'True', 'quiet': 'False', 'log_format': 'default'}
[0m05:56:50.455477 [debug] [MainThread]: Sending event: {'category': 'dbt', 'action': 'project_id', 'label': '0b9e72fd-3a08-484c-8435-557eb732129d', 'context': [<snowplow_tracker.self_describing_json.SelfDescribingJson object at 0x10aae6460>]}
[0m05:56:50.492040 [debug] [MainThread]: Sending event: {'category': 'dbt', 'action': 'adapter_info', 'label': '0b9e72fd-3a08-484c-8435-557eb732129d', 'context': [<snowplow_tracker.self_describing_json.SelfDescribingJson object at 0x10a37d670>]}
[0m05:56:50.492795 [info ] [MainThread]: Registered adapter: postgres=1.9.1
[0m05:56:50.563336 [debug] [MainThread]: checksum: c35ba6d374a0901ceb00688d5179d5550885e1756283b03e5e81c28e0d8d2248, vars: {}, profile: , target: , version: 1.10.19
[0m05:56:50.657480 [debug] [MainThread]: Partial parsing enabled: 0 files deleted, 0 files added, 0 files changed.
[0m05:56:50.657721 [debug] [MainThread]: Partial parsing enabled, no changes found, skipping parsing
[0m05:56:50.683543 [debug] [MainThread]: Sending event: {'category': 'dbt', 'action': 'load_project', 'label': '0b9e72fd-3a08-484c-8435-557eb732129d', 'context': [<snowplow_tracker.self_describing_json.SelfDescribingJson object at 0x10bb73130>]}
[0m05:56:50.737004 [debug] [MainThread]: Wrote artifact WritableManifest to /Users/rajukaju/Projects/dbt_enpal_assessment/target/manifest.json
[0m05:56:50.738376 [debug] [MainThread]: Wrote artifact SemanticManifest to /Users/rajukaju/Projects/dbt_enpal_assessment/target/semantic_manifest.json
[0m05:56:50.749316 [debug] [MainThread]: Sending event: {'category': 'dbt', 'action': 'resource_counts', 'label': '0b9e72fd-3a08-484c-8435-557eb732129d', 'context': [<snowplow_tracker.self_describing_json.SelfDescribingJson object at 0x10bbc51c0>]}
[0m05:56:50.749617 [info ] [MainThread]: Found 7 models, 6 sources, 447 macros
[0m05:56:50.749815 [debug] [MainThread]: Sending event: {'category': 'dbt', 'action': 'runnable_timing', 'label': '0b9e72fd-3a08-484c-8435-557eb732129d', 'context': [<snowplow_tracker.self_describing_json.SelfDescribingJson object at 0x10bb842e0>]}
[0m05:56:50.750321 [warn ] [MainThread]: The selection criterion 'stg_deal_changes_details.sql' does not match any enabled nodes
[0m05:56:50.750804 [warn ] [MainThread]: Nothing to do. Try checking your model configs and model specification args
[0m05:56:50.751983 [debug] [MainThread]: Command end result
[0m05:56:50.792533 [debug] [MainThread]: Wrote artifact WritableManifest to /Users/rajukaju/Projects/dbt_enpal_assessment/target/manifest.json
[0m05:56:50.793605 [debug] [MainThread]: Wrote artifact SemanticManifest to /Users/rajukaju/Projects/dbt_enpal_assessment/target/semantic_manifest.json
[0m05:56:50.795805 [debug] [MainThread]: Wrote artifact RunExecutionResult to /Users/rajukaju/Projects/dbt_enpal_assessment/target/run_results.json
[0m05:56:50.797540 [debug] [MainThread]: Resource report: {"command_name": "run", "command_success": true, "command_wall_clock_time": 0.50822204, "process_in_blocks": "0", "process_kernel_time": 0.172378, "process_mem_max_rss": "111624192", "process_out_blocks": "0", "process_user_time": 1.161172}
[0m05:56:50.797775 [debug] [MainThread]: Command `dbt run` succeeded at 05:56:50.797727 after 0.51 seconds
[0m05:56:50.797986 [debug] [MainThread]: Sending event: {'category': 'dbt', 'action': 'invocation', 'label': 'end', 'context': [<snowplow_tracker.self_describing_json.SelfDescribingJson object at 0x109a8d280>, <snowplow_tracker.self_describing_json.SelfDescribingJson object at 0x10babc640>, <snowplow_tracker.self_describing_json.SelfDescribingJson object at 0x10ba3b0d0>]}
[0m05:56:50.798193 [debug] [MainThread]: Flushing usage events
[0m05:56:51.875498 [debug] [MainThread]: An error was encountered while trying to flush usage events
[0m05:57:45.764923 [debug] [MainThread]: Sending event: {'category': 'dbt', 'action': 'invocation', 'label': 'start', 'context': [<snowplow_tracker.self_describing_json.SelfDescribingJson object at 0x109b01280>, <snowplow_tracker.self_describing_json.SelfDescribingJson object at 0x10ab7fe80>, <snowplow_tracker.self_describing_json.SelfDescribingJson object at 0x10ab7f250>]}


============================== 05:57:45.767896 | 6d09c8ef-bdfd-44be-afe5-190ad3bbab23 ==============================
[0m05:57:45.767896 [info ] [MainThread]: Running with dbt=1.10.19
[0m05:57:45.768263 [debug] [MainThread]: running dbt with arguments {'indirect_selection': 'eager', 'no_print': 'None', 'partial_parse': 'True', 'quiet': 'False', 'warn_error': 'None', 'fail_fast': 'False', 'use_colors': 'True', 'profiles_dir': '/Users/rajukaju/Projects/dbt_enpal_assessment', 'invocation_command': 'dbt run -s stg_deal_changes_details.sql', 'use_experimental_parser': 'False', 'write_json': 'True', 'introspect': 'True', 'target_path': 'None', 'debug': 'False', 'warn_error_options': 'WarnErrorOptionsV2(error=[], warn=[], silence=[])', 'printer_width': '80', 'log_format': 'default', 'send_anonymous_usage_stats': 'True', 'empty': 'False', 'cache_selected_only': 'False', 'static_parser': 'True', 'version_check': 'True', 'log_cache_events': 'False', 'log_path': '/Users/rajukaju/Projects/dbt_enpal_assessment/logs'}
[0m05:57:45.886588 [debug] [MainThread]: Sending event: {'category': 'dbt', 'action': 'project_id', 'label': '6d09c8ef-bdfd-44be-afe5-190ad3bbab23', 'context': [<snowplow_tracker.self_describing_json.SelfDescribingJson object at 0x10ab5a460>]}
[0m05:57:45.923034 [debug] [MainThread]: Sending event: {'category': 'dbt', 'action': 'adapter_info', 'label': '6d09c8ef-bdfd-44be-afe5-190ad3bbab23', 'context': [<snowplow_tracker.self_describing_json.SelfDescribingJson object at 0x10a3f1670>]}
[0m05:57:45.923790 [info ] [MainThread]: Registered adapter: postgres=1.9.1
[0m05:57:45.995483 [debug] [MainThread]: checksum: c35ba6d374a0901ceb00688d5179d5550885e1756283b03e5e81c28e0d8d2248, vars: {}, profile: , target: , version: 1.10.19
[0m05:57:46.091348 [debug] [MainThread]: Partial parsing enabled: 0 files deleted, 0 files added, 0 files changed.
[0m05:57:46.091588 [debug] [MainThread]: Partial parsing enabled, no changes found, skipping parsing
[0m05:57:46.117415 [debug] [MainThread]: Sending event: {'category': 'dbt', 'action': 'load_project', 'label': '6d09c8ef-bdfd-44be-afe5-190ad3bbab23', 'context': [<snowplow_tracker.self_describing_json.SelfDescribingJson object at 0x10bbe7130>]}
[0m05:57:46.172122 [debug] [MainThread]: Wrote artifact WritableManifest to /Users/rajukaju/Projects/dbt_enpal_assessment/target/manifest.json
[0m05:57:46.173406 [debug] [MainThread]: Wrote artifact SemanticManifest to /Users/rajukaju/Projects/dbt_enpal_assessment/target/semantic_manifest.json
[0m05:57:46.184839 [debug] [MainThread]: Sending event: {'category': 'dbt', 'action': 'resource_counts', 'label': '6d09c8ef-bdfd-44be-afe5-190ad3bbab23', 'context': [<snowplow_tracker.self_describing_json.SelfDescribingJson object at 0x10bc391c0>]}
[0m05:57:46.185154 [info ] [MainThread]: Found 7 models, 6 sources, 447 macros
[0m05:57:46.185354 [debug] [MainThread]: Sending event: {'category': 'dbt', 'action': 'runnable_timing', 'label': '6d09c8ef-bdfd-44be-afe5-190ad3bbab23', 'context': [<snowplow_tracker.self_describing_json.SelfDescribingJson object at 0x10bbf92e0>]}
[0m05:57:46.185887 [warn ] [MainThread]: The selection criterion 'stg_deal_changes_details.sql' does not match any enabled nodes
[0m05:57:46.186397 [warn ] [MainThread]: Nothing to do. Try checking your model configs and model specification args
[0m05:57:46.187615 [debug] [MainThread]: Command end result
[0m05:57:46.228806 [debug] [MainThread]: Wrote artifact WritableManifest to /Users/rajukaju/Projects/dbt_enpal_assessment/target/manifest.json
[0m05:57:46.229841 [debug] [MainThread]: Wrote artifact SemanticManifest to /Users/rajukaju/Projects/dbt_enpal_assessment/target/semantic_manifest.json
[0m05:57:46.231890 [debug] [MainThread]: Wrote artifact RunExecutionResult to /Users/rajukaju/Projects/dbt_enpal_assessment/target/run_results.json
[0m05:57:46.233514 [debug] [MainThread]: Resource report: {"command_name": "run", "command_success": true, "command_wall_clock_time": 0.51384884, "process_in_blocks": "0", "process_kernel_time": 0.177056, "process_mem_max_rss": "111591424", "process_out_blocks": "0", "process_user_time": 1.16051}
[0m05:57:46.233749 [debug] [MainThread]: Command `dbt run` succeeded at 05:57:46.233698 after 0.51 seconds
[0m05:57:46.233952 [debug] [MainThread]: Sending event: {'category': 'dbt', 'action': 'invocation', 'label': 'end', 'context': [<snowplow_tracker.self_describing_json.SelfDescribingJson object at 0x109b01280>, <snowplow_tracker.self_describing_json.SelfDescribingJson object at 0x10bb2f640>, <snowplow_tracker.self_describing_json.SelfDescribingJson object at 0x10bab30d0>]}
[0m05:57:46.234148 [debug] [MainThread]: Flushing usage events
[0m05:57:47.197007 [debug] [MainThread]: An error was encountered while trying to flush usage events
[0m05:58:16.750921 [debug] [MainThread]: Sending event: {'category': 'dbt', 'action': 'invocation', 'label': 'start', 'context': [<snowplow_tracker.self_describing_json.SelfDescribingJson object at 0x10a4d1280>, <snowplow_tracker.self_describing_json.SelfDescribingJson object at 0x10b54ee80>, <snowplow_tracker.self_describing_json.SelfDescribingJson object at 0x10b54e250>]}


============================== 05:58:16.753970 | 09ef34a1-8d51-429f-b71a-5758e014947b ==============================
[0m05:58:16.753970 [info ] [MainThread]: Running with dbt=1.10.19
[0m05:58:16.754302 [debug] [MainThread]: running dbt with arguments {'introspect': 'True', 'debug': 'False', 'printer_width': '80', 'log_cache_events': 'False', 'target_path': 'None', 'invocation_command': 'dbt run -s stg_deal_changes_details', 'quiet': 'False', 'use_colors': 'True', 'indirect_selection': 'eager', 'fail_fast': 'False', 'send_anonymous_usage_stats': 'True', 'log_path': '/Users/rajukaju/Projects/dbt_enpal_assessment/logs', 'version_check': 'True', 'cache_selected_only': 'False', 'no_print': 'None', 'partial_parse': 'True', 'write_json': 'True', 'warn_error': 'None', 'use_experimental_parser': 'False', 'empty': 'False', 'static_parser': 'True', 'profiles_dir': '/Users/rajukaju/Projects/dbt_enpal_assessment', 'warn_error_options': 'WarnErrorOptionsV2(error=[], warn=[], silence=[])', 'log_format': 'default'}
[0m05:58:16.866905 [debug] [MainThread]: Sending event: {'category': 'dbt', 'action': 'project_id', 'label': '09ef34a1-8d51-429f-b71a-5758e014947b', 'context': [<snowplow_tracker.self_describing_json.SelfDescribingJson object at 0x10b52a460>]}
[0m05:58:16.903472 [debug] [MainThread]: Sending event: {'category': 'dbt', 'action': 'adapter_info', 'label': '09ef34a1-8d51-429f-b71a-5758e014947b', 'context': [<snowplow_tracker.self_describing_json.SelfDescribingJson object at 0x10adc2670>]}
[0m05:58:16.904828 [info ] [MainThread]: Registered adapter: postgres=1.9.1
[0m05:58:16.975545 [debug] [MainThread]: checksum: c35ba6d374a0901ceb00688d5179d5550885e1756283b03e5e81c28e0d8d2248, vars: {}, profile: , target: , version: 1.10.19
[0m05:58:17.068480 [debug] [MainThread]: Partial parsing enabled: 0 files deleted, 0 files added, 0 files changed.
[0m05:58:17.068734 [debug] [MainThread]: Partial parsing enabled, no changes found, skipping parsing
[0m05:58:17.094796 [debug] [MainThread]: Sending event: {'category': 'dbt', 'action': 'load_project', 'label': '09ef34a1-8d51-429f-b71a-5758e014947b', 'context': [<snowplow_tracker.self_describing_json.SelfDescribingJson object at 0x10c5b8130>]}
[0m05:58:17.148502 [debug] [MainThread]: Wrote artifact WritableManifest to /Users/rajukaju/Projects/dbt_enpal_assessment/target/manifest.json
[0m05:58:17.149880 [debug] [MainThread]: Wrote artifact SemanticManifest to /Users/rajukaju/Projects/dbt_enpal_assessment/target/semantic_manifest.json
[0m05:58:17.160430 [debug] [MainThread]: Sending event: {'category': 'dbt', 'action': 'resource_counts', 'label': '09ef34a1-8d51-429f-b71a-5758e014947b', 'context': [<snowplow_tracker.self_describing_json.SelfDescribingJson object at 0x10c6091c0>]}
[0m05:58:17.160731 [info ] [MainThread]: Found 7 models, 6 sources, 447 macros
[0m05:58:17.160930 [debug] [MainThread]: Sending event: {'category': 'dbt', 'action': 'runnable_timing', 'label': '09ef34a1-8d51-429f-b71a-5758e014947b', 'context': [<snowplow_tracker.self_describing_json.SelfDescribingJson object at 0x10c5c92e0>]}
[0m05:58:17.161272 [warn ] [MainThread]: The selection criterion 'stg_deal_changes_details' does not match any enabled nodes
[0m05:58:17.161764 [warn ] [MainThread]: Nothing to do. Try checking your model configs and model specification args
[0m05:58:17.162941 [debug] [MainThread]: Command end result
[0m05:58:17.203505 [debug] [MainThread]: Wrote artifact WritableManifest to /Users/rajukaju/Projects/dbt_enpal_assessment/target/manifest.json
[0m05:58:17.204595 [debug] [MainThread]: Wrote artifact SemanticManifest to /Users/rajukaju/Projects/dbt_enpal_assessment/target/semantic_manifest.json
[0m05:58:17.206658 [debug] [MainThread]: Wrote artifact RunExecutionResult to /Users/rajukaju/Projects/dbt_enpal_assessment/target/run_results.json
[0m05:58:17.208297 [debug] [MainThread]: Resource report: {"command_name": "run", "command_success": true, "command_wall_clock_time": 0.5057935, "process_in_blocks": "0", "process_kernel_time": 0.174453, "process_mem_max_rss": "111689728", "process_out_blocks": "0", "process_user_time": 1.163708}
[0m05:58:17.208527 [debug] [MainThread]: Command `dbt run` succeeded at 05:58:17.208478 after 0.51 seconds
[0m05:58:17.208727 [debug] [MainThread]: Sending event: {'category': 'dbt', 'action': 'invocation', 'label': 'end', 'context': [<snowplow_tracker.self_describing_json.SelfDescribingJson object at 0x10a4d1280>, <snowplow_tracker.self_describing_json.SelfDescribingJson object at 0x10c4ff640>, <snowplow_tracker.self_describing_json.SelfDescribingJson object at 0x10c47f0d0>]}
[0m05:58:17.208925 [debug] [MainThread]: Flushing usage events
[0m05:58:18.303472 [debug] [MainThread]: An error was encountered while trying to flush usage events
[0m05:58:54.490764 [debug] [MainThread]: Sending event: {'category': 'dbt', 'action': 'invocation', 'label': 'start', 'context': [<snowplow_tracker.self_describing_json.SelfDescribingJson object at 0x10bdcd220>, <snowplow_tracker.self_describing_json.SelfDescribingJson object at 0x10ce4bee0>, <snowplow_tracker.self_describing_json.SelfDescribingJson object at 0x10ce4b190>]}


============================== 05:58:54.493913 | 364f7ae4-e59a-4f73-958c-699726f3442d ==============================
[0m05:58:54.493913 [info ] [MainThread]: Running with dbt=1.10.19
[0m05:58:54.494281 [debug] [MainThread]: running dbt with arguments {'write_json': 'True', 'partial_parse': 'True', 'profiles_dir': '/Users/rajukaju/Projects/dbt_enpal_assessment', 'version_check': 'True', 'log_format': 'default', 'indirect_selection': 'eager', 'fail_fast': 'False', 'target_path': 'None', 'log_path': '/Users/rajukaju/Projects/dbt_enpal_assessment/logs', 'log_cache_events': 'False', 'warn_error_options': 'WarnErrorOptionsV2(error=[], warn=[], silence=[])', 'warn_error': 'None', 'debug': 'False', 'use_experimental_parser': 'False', 'empty': 'False', 'printer_width': '80', 'invocation_command': 'dbt run -s stg_deal_changes_details', 'send_anonymous_usage_stats': 'True', 'introspect': 'True', 'static_parser': 'True', 'no_print': 'None', 'use_colors': 'True', 'cache_selected_only': 'False', 'quiet': 'False'}
[0m05:58:54.612408 [debug] [MainThread]: Sending event: {'category': 'dbt', 'action': 'project_id', 'label': '364f7ae4-e59a-4f73-958c-699726f3442d', 'context': [<snowplow_tracker.self_describing_json.SelfDescribingJson object at 0x10cdd1a60>]}
[0m05:58:54.648917 [debug] [MainThread]: Sending event: {'category': 'dbt', 'action': 'adapter_info', 'label': '364f7ae4-e59a-4f73-958c-699726f3442d', 'context': [<snowplow_tracker.self_describing_json.SelfDescribingJson object at 0x10ce201f0>]}
[0m05:58:54.649594 [info ] [MainThread]: Registered adapter: postgres=1.9.1
[0m05:58:54.720645 [debug] [MainThread]: checksum: c35ba6d374a0901ceb00688d5179d5550885e1756283b03e5e81c28e0d8d2248, vars: {}, profile: , target: , version: 1.10.19
[0m05:58:54.816429 [debug] [MainThread]: Partial parsing enabled: 0 files deleted, 0 files added, 0 files changed.
[0m05:58:54.816675 [debug] [MainThread]: Partial parsing enabled, no changes found, skipping parsing
[0m05:58:54.842581 [debug] [MainThread]: Sending event: {'category': 'dbt', 'action': 'load_project', 'label': '364f7ae4-e59a-4f73-958c-699726f3442d', 'context': [<snowplow_tracker.self_describing_json.SelfDescribingJson object at 0x10deb3130>]}
[0m05:58:54.897490 [debug] [MainThread]: Wrote artifact WritableManifest to /Users/rajukaju/Projects/dbt_enpal_assessment/target/manifest.json
[0m05:58:54.898877 [debug] [MainThread]: Wrote artifact SemanticManifest to /Users/rajukaju/Projects/dbt_enpal_assessment/target/semantic_manifest.json
[0m05:58:54.910272 [debug] [MainThread]: Sending event: {'category': 'dbt', 'action': 'resource_counts', 'label': '364f7ae4-e59a-4f73-958c-699726f3442d', 'context': [<snowplow_tracker.self_describing_json.SelfDescribingJson object at 0x10d5f1a00>]}
[0m05:58:54.910574 [info ] [MainThread]: Found 7 models, 6 sources, 447 macros
[0m05:58:54.910769 [debug] [MainThread]: Sending event: {'category': 'dbt', 'action': 'runnable_timing', 'label': '364f7ae4-e59a-4f73-958c-699726f3442d', 'context': [<snowplow_tracker.self_describing_json.SelfDescribingJson object at 0x10df01ca0>]}
[0m05:58:54.911107 [warn ] [MainThread]: The selection criterion 'stg_deal_changes_details' does not match any enabled nodes
[0m05:58:54.911589 [warn ] [MainThread]: Nothing to do. Try checking your model configs and model specification args
[0m05:58:54.912756 [debug] [MainThread]: Command end result
[0m05:58:54.953815 [debug] [MainThread]: Wrote artifact WritableManifest to /Users/rajukaju/Projects/dbt_enpal_assessment/target/manifest.json
[0m05:58:54.954872 [debug] [MainThread]: Wrote artifact SemanticManifest to /Users/rajukaju/Projects/dbt_enpal_assessment/target/semantic_manifest.json
[0m05:58:54.956930 [debug] [MainThread]: Wrote artifact RunExecutionResult to /Users/rajukaju/Projects/dbt_enpal_assessment/target/run_results.json
[0m05:58:54.958839 [debug] [MainThread]: Resource report: {"command_name": "run", "command_success": true, "command_wall_clock_time": 0.5146013, "process_in_blocks": "0", "process_kernel_time": 0.175209, "process_mem_max_rss": "111509504", "process_out_blocks": "0", "process_user_time": 1.159008}
[0m05:58:54.959065 [debug] [MainThread]: Command `dbt run` succeeded at 05:58:54.959016 after 0.51 seconds
[0m05:58:54.959263 [debug] [MainThread]: Sending event: {'category': 'dbt', 'action': 'invocation', 'label': 'end', 'context': [<snowplow_tracker.self_describing_json.SelfDescribingJson object at 0x10bdcd220>, <snowplow_tracker.self_describing_json.SelfDescribingJson object at 0x10bef4a60>, <snowplow_tracker.self_describing_json.SelfDescribingJson object at 0x10de4c4c0>]}
[0m05:58:54.959462 [debug] [MainThread]: Flushing usage events
[0m05:58:56.191551 [debug] [MainThread]: An error was encountered while trying to flush usage events
[0m06:01:26.123742 [debug] [MainThread]: Sending event: {'category': 'dbt', 'action': 'invocation', 'label': 'start', 'context': [<snowplow_tracker.self_describing_json.SelfDescribingJson object at 0x107b5d250>, <snowplow_tracker.self_describing_json.SelfDescribingJson object at 0x108bdaf10>, <snowplow_tracker.self_describing_json.SelfDescribingJson object at 0x108bda190>]}


============================== 06:01:26.126850 | 3ee8fc08-7534-4bcc-a391-73c041e6a5b9 ==============================
[0m06:01:26.126850 [info ] [MainThread]: Running with dbt=1.10.19
[0m06:01:26.127196 [debug] [MainThread]: running dbt with arguments {'partial_parse': 'True', 'invocation_command': 'dbt run -s stg_deal_changes_details.sql', 'profiles_dir': '/Users/rajukaju/Projects/dbt_enpal_assessment', 'log_cache_events': 'False', 'no_print': 'None', 'static_parser': 'True', 'debug': 'False', 'fail_fast': 'False', 'empty': 'False', 'warn_error_options': 'WarnErrorOptionsV2(error=[], warn=[], silence=[])', 'version_check': 'True', 'introspect': 'True', 'use_colors': 'True', 'indirect_selection': 'eager', 'log_path': '/Users/rajukaju/Projects/dbt_enpal_assessment/logs', 'cache_selected_only': 'False', 'send_anonymous_usage_stats': 'True', 'warn_error': 'None', 'quiet': 'False', 'use_experimental_parser': 'False', 'log_format': 'default', 'write_json': 'True', 'target_path': 'None', 'printer_width': '80'}
[0m06:01:26.241957 [debug] [MainThread]: Sending event: {'category': 'dbt', 'action': 'project_id', 'label': '3ee8fc08-7534-4bcc-a391-73c041e6a5b9', 'context': [<snowplow_tracker.self_describing_json.SelfDescribingJson object at 0x1062b08b0>]}
[0m06:01:26.278337 [debug] [MainThread]: Sending event: {'category': 'dbt', 'action': 'adapter_info', 'label': '3ee8fc08-7534-4bcc-a391-73c041e6a5b9', 'context': [<snowplow_tracker.self_describing_json.SelfDescribingJson object at 0x108bb64c0>]}
[0m06:01:26.279091 [info ] [MainThread]: Registered adapter: postgres=1.9.1
[0m06:01:26.349841 [debug] [MainThread]: checksum: c35ba6d374a0901ceb00688d5179d5550885e1756283b03e5e81c28e0d8d2248, vars: {}, profile: , target: , version: 1.10.19
[0m06:01:26.444434 [debug] [MainThread]: Partial parsing enabled: 0 files deleted, 1 files added, 0 files changed.
[0m06:01:26.444765 [debug] [MainThread]: Partial parsing: added file: enpal_assessment_project://models/silver_stage/stg_deal_changes_details.sql
[0m06:01:26.630918 [debug] [MainThread]: Sending event: {'category': 'dbt', 'action': 'load_project', 'label': '3ee8fc08-7534-4bcc-a391-73c041e6a5b9', 'context': [<snowplow_tracker.self_describing_json.SelfDescribingJson object at 0x109298a30>]}
[0m06:01:26.684603 [debug] [MainThread]: Wrote artifact WritableManifest to /Users/rajukaju/Projects/dbt_enpal_assessment/target/manifest.json
[0m06:01:26.685820 [debug] [MainThread]: Wrote artifact SemanticManifest to /Users/rajukaju/Projects/dbt_enpal_assessment/target/semantic_manifest.json
[0m06:01:26.697317 [debug] [MainThread]: Sending event: {'category': 'dbt', 'action': 'resource_counts', 'label': '3ee8fc08-7534-4bcc-a391-73c041e6a5b9', 'context': [<snowplow_tracker.self_describing_json.SelfDescribingJson object at 0x109d3aac0>]}
[0m06:01:26.697619 [info ] [MainThread]: Found 8 models, 6 sources, 447 macros
[0m06:01:26.697812 [debug] [MainThread]: Sending event: {'category': 'dbt', 'action': 'runnable_timing', 'label': '3ee8fc08-7534-4bcc-a391-73c041e6a5b9', 'context': [<snowplow_tracker.self_describing_json.SelfDescribingJson object at 0x109c3d730>]}
[0m06:01:26.698624 [info ] [MainThread]: 
[0m06:01:26.698824 [info ] [MainThread]: Concurrency: 1 threads (target='dev')
[0m06:01:26.698987 [info ] [MainThread]: 
[0m06:01:26.699256 [debug] [MainThread]: Acquiring new postgres connection 'master'
[0m06:01:26.699716 [debug] [ThreadPool]: Acquiring new postgres connection 'list_postgres'
[0m06:01:26.736968 [debug] [ThreadPool]: Using postgres connection "list_postgres"
[0m06:01:26.737216 [debug] [ThreadPool]: On list_postgres: /* {"app": "dbt", "dbt_version": "1.10.19", "profile_name": "enpal_assessment_project", "target_name": "dev", "connection_name": "list_postgres"} */

    select distinct nspname from pg_namespace
  
[0m06:01:26.737374 [debug] [ThreadPool]: Opening a new connection, currently in state init
[0m06:01:26.776038 [debug] [ThreadPool]: SQL status: SELECT 5 in 0.039 seconds
[0m06:01:26.776994 [debug] [ThreadPool]: On list_postgres: Close
[0m06:01:26.780663 [debug] [ThreadPool]: Re-using an available connection from the pool (formerly list_postgres, now list_postgres_public_pipedrive_analytics)
[0m06:01:26.785433 [debug] [ThreadPool]: Using postgres connection "list_postgres_public_pipedrive_analytics"
[0m06:01:26.785641 [debug] [ThreadPool]: On list_postgres_public_pipedrive_analytics: BEGIN
[0m06:01:26.785810 [debug] [ThreadPool]: Opening a new connection, currently in state closed
[0m06:01:26.794893 [debug] [ThreadPool]: SQL status: BEGIN in 0.009 seconds
[0m06:01:26.795105 [debug] [ThreadPool]: Using postgres connection "list_postgres_public_pipedrive_analytics"
[0m06:01:26.795303 [debug] [ThreadPool]: On list_postgres_public_pipedrive_analytics: /* {"app": "dbt", "dbt_version": "1.10.19", "profile_name": "enpal_assessment_project", "target_name": "dev", "connection_name": "list_postgres_public_pipedrive_analytics"} */
select
      'postgres' as database,
      tablename as name,
      schemaname as schema,
      'table' as type
    from pg_tables
    where schemaname ilike 'public_pipedrive_analytics'
    union all
    select
      'postgres' as database,
      viewname as name,
      schemaname as schema,
      'view' as type
    from pg_views
    where schemaname ilike 'public_pipedrive_analytics'
    union all
    select
      'postgres' as database,
      matviewname as name,
      schemaname as schema,
      'materialized_view' as type
    from pg_matviews
    where schemaname ilike 'public_pipedrive_analytics'
  
[0m06:01:26.797758 [debug] [ThreadPool]: SQL status: SELECT 7 in 0.002 seconds
[0m06:01:26.798740 [debug] [ThreadPool]: On list_postgres_public_pipedrive_analytics: ROLLBACK
[0m06:01:26.799235 [debug] [ThreadPool]: On list_postgres_public_pipedrive_analytics: Close
[0m06:01:26.803747 [debug] [MainThread]: Using postgres connection "master"
[0m06:01:26.803976 [debug] [MainThread]: On master: BEGIN
[0m06:01:26.804148 [debug] [MainThread]: Opening a new connection, currently in state init
[0m06:01:26.811713 [debug] [MainThread]: SQL status: BEGIN in 0.008 seconds
[0m06:01:26.811943 [debug] [MainThread]: Using postgres connection "master"
[0m06:01:26.812179 [debug] [MainThread]: On master: /* {"app": "dbt", "dbt_version": "1.10.19", "profile_name": "enpal_assessment_project", "target_name": "dev", "connection_name": "master"} */
select distinct
        dependent_namespace.nspname as dependent_schema,
        dependent_class.relname as dependent_name,
        referenced_namespace.nspname as referenced_schema,
        referenced_class.relname as referenced_name

    -- Query for views: views are entries in pg_class with an entry in pg_rewrite, but we avoid
    -- a seq scan on pg_rewrite by leveraging the fact there is an "internal" row in pg_depend for
    -- the view...
    from pg_class as dependent_class
    join pg_namespace as dependent_namespace on dependent_namespace.oid = dependent_class.relnamespace
    join pg_depend as dependent_depend on dependent_depend.refobjid = dependent_class.oid
        and dependent_depend.classid = 'pg_rewrite'::regclass
        and dependent_depend.refclassid = 'pg_class'::regclass
        and dependent_depend.deptype = 'i'

    -- ... and via pg_depend (that has a row per column, hence the need for "distinct" above, and
    -- making sure to exclude the internal row to avoid a view appearing to depend on itself)...
    join pg_depend as joining_depend on joining_depend.objid = dependent_depend.objid
        and joining_depend.classid = 'pg_rewrite'::regclass
        and joining_depend.refclassid = 'pg_class'::regclass
        and joining_depend.refobjid != dependent_depend.refobjid

    -- ... we can find the tables they query from in pg_class, but excluding system tables. Note we
    -- don't need need to exclude _dependent_ system tables, because they only query from other
    -- system tables, and so are automatically excluded by excluding _referenced_ system tables
    join pg_class as referenced_class on referenced_class.oid = joining_depend.refobjid
    join pg_namespace as referenced_namespace on referenced_namespace.oid = referenced_class.relnamespace
        and referenced_namespace.nspname != 'information_schema'
        and referenced_namespace.nspname not like 'pg\_%'

    order by
        dependent_schema, dependent_name, referenced_schema, referenced_name;
[0m06:01:26.814648 [debug] [MainThread]: SQL status: SELECT 0 in 0.002 seconds
[0m06:01:26.815421 [debug] [MainThread]: Sending event: {'category': 'dbt', 'action': 'runnable_timing', 'label': '3ee8fc08-7534-4bcc-a391-73c041e6a5b9', 'context': [<snowplow_tracker.self_describing_json.SelfDescribingJson object at 0x1065c9fa0>]}
[0m06:01:26.815709 [debug] [MainThread]: On master: ROLLBACK
[0m06:01:26.816137 [debug] [MainThread]: Using postgres connection "master"
[0m06:01:26.816350 [debug] [MainThread]: On master: BEGIN
[0m06:01:26.816985 [debug] [MainThread]: SQL status: BEGIN in 0.000 seconds
[0m06:01:26.817176 [debug] [MainThread]: On master: COMMIT
[0m06:01:26.817394 [debug] [MainThread]: Using postgres connection "master"
[0m06:01:26.817609 [debug] [MainThread]: On master: COMMIT
[0m06:01:26.818037 [debug] [MainThread]: SQL status: COMMIT in 0.000 seconds
[0m06:01:26.818241 [debug] [MainThread]: On master: Close
[0m06:01:26.819962 [debug] [Thread-1  ]: Began running node model.enpal_assessment_project.stg_deal_changes_details
[0m06:01:26.820334 [info ] [Thread-1  ]: 1 of 1 START sql table model public_pipedrive_analytics.stg_deal_changes_details  [RUN]
[0m06:01:26.820631 [debug] [Thread-1  ]: Re-using an available connection from the pool (formerly list_postgres_public_pipedrive_analytics, now model.enpal_assessment_project.stg_deal_changes_details)
[0m06:01:26.820867 [debug] [Thread-1  ]: Began compiling node model.enpal_assessment_project.stg_deal_changes_details
[0m06:01:26.826575 [debug] [Thread-1  ]: Writing injected SQL for node "model.enpal_assessment_project.stg_deal_changes_details"
[0m06:01:26.827039 [debug] [Thread-1  ]: Began executing node model.enpal_assessment_project.stg_deal_changes_details
[0m06:01:26.853028 [debug] [Thread-1  ]: Writing runtime sql for node "model.enpal_assessment_project.stg_deal_changes_details"
[0m06:01:26.853505 [debug] [Thread-1  ]: Using postgres connection "model.enpal_assessment_project.stg_deal_changes_details"
[0m06:01:26.853704 [debug] [Thread-1  ]: On model.enpal_assessment_project.stg_deal_changes_details: BEGIN
[0m06:01:26.853886 [debug] [Thread-1  ]: Opening a new connection, currently in state closed
[0m06:01:26.865244 [debug] [Thread-1  ]: SQL status: BEGIN in 0.011 seconds
[0m06:01:26.865518 [debug] [Thread-1  ]: Using postgres connection "model.enpal_assessment_project.stg_deal_changes_details"
[0m06:01:26.865744 [debug] [Thread-1  ]: On model.enpal_assessment_project.stg_deal_changes_details: /* {"app": "dbt", "dbt_version": "1.10.19", "profile_name": "enpal_assessment_project", "target_name": "dev", "node_id": "model.enpal_assessment_project.stg_deal_changes_details"} */

  
    

  create  table "postgres"."public_pipedrive_analytics"."stg_deal_changes_details__dbt_tmp"
  
  
    as
  
  (
    SELECT 
    *
FROM POSTGRES.PUBLIC_PIPEDRIVE_ANALYTICS.DEAL_CHANGES
  );
  
[0m06:01:26.880437 [debug] [Thread-1  ]: SQL status: SELECT 15406 in 0.014 seconds
[0m06:01:26.888997 [debug] [Thread-1  ]: Using postgres connection "model.enpal_assessment_project.stg_deal_changes_details"
[0m06:01:26.889271 [debug] [Thread-1  ]: On model.enpal_assessment_project.stg_deal_changes_details: /* {"app": "dbt", "dbt_version": "1.10.19", "profile_name": "enpal_assessment_project", "target_name": "dev", "node_id": "model.enpal_assessment_project.stg_deal_changes_details"} */
alter table "postgres"."public_pipedrive_analytics"."stg_deal_changes_details__dbt_tmp" rename to "stg_deal_changes_details"
[0m06:01:26.890070 [debug] [Thread-1  ]: SQL status: ALTER TABLE in 0.001 seconds
[0m06:01:26.900764 [debug] [Thread-1  ]: On model.enpal_assessment_project.stg_deal_changes_details: COMMIT
[0m06:01:26.901013 [debug] [Thread-1  ]: Using postgres connection "model.enpal_assessment_project.stg_deal_changes_details"
[0m06:01:26.901229 [debug] [Thread-1  ]: On model.enpal_assessment_project.stg_deal_changes_details: COMMIT
[0m06:01:26.903657 [debug] [Thread-1  ]: SQL status: COMMIT in 0.002 seconds
[0m06:01:26.908322 [debug] [Thread-1  ]: Applying DROP to: "postgres"."public_pipedrive_analytics"."stg_deal_changes_details__dbt_backup"
[0m06:01:26.911387 [debug] [Thread-1  ]: Using postgres connection "model.enpal_assessment_project.stg_deal_changes_details"
[0m06:01:26.911628 [debug] [Thread-1  ]: On model.enpal_assessment_project.stg_deal_changes_details: /* {"app": "dbt", "dbt_version": "1.10.19", "profile_name": "enpal_assessment_project", "target_name": "dev", "node_id": "model.enpal_assessment_project.stg_deal_changes_details"} */
drop table if exists "postgres"."public_pipedrive_analytics"."stg_deal_changes_details__dbt_backup" cascade
[0m06:01:26.912247 [debug] [Thread-1  ]: SQL status: DROP TABLE in 0.000 seconds
[0m06:01:26.913892 [debug] [Thread-1  ]: On model.enpal_assessment_project.stg_deal_changes_details: Close
[0m06:01:26.915253 [debug] [Thread-1  ]: Sending event: {'category': 'dbt', 'action': 'run_model', 'label': '3ee8fc08-7534-4bcc-a391-73c041e6a5b9', 'context': [<snowplow_tracker.self_describing_json.SelfDescribingJson object at 0x10a183550>]}
[0m06:01:26.915670 [info ] [Thread-1  ]: 1 of 1 OK created sql table model public_pipedrive_analytics.stg_deal_changes_details  [[32mSELECT 15406[0m in 0.09s]
[0m06:01:26.916008 [debug] [Thread-1  ]: Finished running node model.enpal_assessment_project.stg_deal_changes_details
[0m06:01:26.916556 [debug] [MainThread]: Using postgres connection "master"
[0m06:01:26.916724 [debug] [MainThread]: On master: BEGIN
[0m06:01:26.916872 [debug] [MainThread]: Opening a new connection, currently in state closed
[0m06:01:26.926326 [debug] [MainThread]: SQL status: BEGIN in 0.009 seconds
[0m06:01:26.926512 [debug] [MainThread]: On master: COMMIT
[0m06:01:26.926681 [debug] [MainThread]: Using postgres connection "master"
[0m06:01:26.926846 [debug] [MainThread]: On master: COMMIT
[0m06:01:26.927309 [debug] [MainThread]: SQL status: COMMIT in 0.000 seconds
[0m06:01:26.927503 [debug] [MainThread]: On master: Close
[0m06:01:26.927750 [debug] [MainThread]: Connection 'master' was properly closed.
[0m06:01:26.927914 [debug] [MainThread]: Connection 'model.enpal_assessment_project.stg_deal_changes_details' was properly closed.
[0m06:01:26.928091 [info ] [MainThread]: 
[0m06:01:26.928286 [info ] [MainThread]: Finished running 1 table model in 0 hours 0 minutes and 0.23 seconds (0.23s).
[0m06:01:26.928685 [debug] [MainThread]: Command end result
[0m06:01:26.945916 [debug] [MainThread]: Wrote artifact WritableManifest to /Users/rajukaju/Projects/dbt_enpal_assessment/target/manifest.json
[0m06:01:26.946928 [debug] [MainThread]: Wrote artifact SemanticManifest to /Users/rajukaju/Projects/dbt_enpal_assessment/target/semantic_manifest.json
[0m06:01:26.950995 [debug] [MainThread]: Wrote artifact RunExecutionResult to /Users/rajukaju/Projects/dbt_enpal_assessment/target/run_results.json
[0m06:01:26.951173 [info ] [MainThread]: 
[0m06:01:26.951392 [info ] [MainThread]: [32mCompleted successfully[0m
[0m06:01:26.951560 [info ] [MainThread]: 
[0m06:01:26.951738 [info ] [MainThread]: Done. PASS=1 WARN=0 ERROR=0 SKIP=0 NO-OP=0 TOTAL=1
[0m06:01:26.953567 [debug] [MainThread]: Resource report: {"command_name": "run", "command_success": true, "command_wall_clock_time": 0.8782535, "process_in_blocks": "0", "process_kernel_time": 0.204699, "process_mem_max_rss": "130236416", "process_out_blocks": "0", "process_user_time": 1.421109}
[0m06:01:26.953815 [debug] [MainThread]: Command `dbt run` succeeded at 06:01:26.953765 after 0.88 seconds
[0m06:01:26.954071 [debug] [MainThread]: Sending event: {'category': 'dbt', 'action': 'invocation', 'label': 'end', 'context': [<snowplow_tracker.self_describing_json.SelfDescribingJson object at 0x107b5d250>, <snowplow_tracker.self_describing_json.SelfDescribingJson object at 0x1090ef8e0>, <snowplow_tracker.self_describing_json.SelfDescribingJson object at 0x107dfc670>]}
[0m06:01:26.954333 [debug] [MainThread]: Flushing usage events
[0m06:01:28.348844 [debug] [MainThread]: An error was encountered while trying to flush usage events
[0m06:02:19.844919 [debug] [MainThread]: Sending event: {'category': 'dbt', 'action': 'invocation', 'label': 'start', 'context': [<snowplow_tracker.self_describing_json.SelfDescribingJson object at 0x10b8ad220>, <snowplow_tracker.self_describing_json.SelfDescribingJson object at 0x10c92bf10>, <snowplow_tracker.self_describing_json.SelfDescribingJson object at 0x10c92b130>]}


============================== 06:02:19.847925 | 945f7570-f800-4d61-875b-f029430602bf ==============================
[0m06:02:19.847925 [info ] [MainThread]: Running with dbt=1.10.19
[0m06:02:19.848282 [debug] [MainThread]: running dbt with arguments {'no_print': 'None', 'introspect': 'True', 'printer_width': '80', 'send_anonymous_usage_stats': 'True', 'log_cache_events': 'False', 'invocation_command': 'dbt run -s stg_deal_changes_details.sql', 'partial_parse': 'True', 'write_json': 'True', 'fail_fast': 'False', 'warn_error_options': 'WarnErrorOptionsV2(error=[], warn=[], silence=[])', 'quiet': 'False', 'static_parser': 'True', 'target_path': 'None', 'warn_error': 'None', 'cache_selected_only': 'False', 'debug': 'False', 'version_check': 'True', 'use_experimental_parser': 'False', 'use_colors': 'True', 'indirect_selection': 'eager', 'profiles_dir': '/Users/rajukaju/Projects/dbt_enpal_assessment', 'log_format': 'default', 'empty': 'False', 'log_path': '/Users/rajukaju/Projects/dbt_enpal_assessment/logs'}
[0m06:02:19.967907 [debug] [MainThread]: Sending event: {'category': 'dbt', 'action': 'project_id', 'label': '945f7570-f800-4d61-875b-f029430602bf', 'context': [<snowplow_tracker.self_describing_json.SelfDescribingJson object at 0x10c907040>]}
[0m06:02:20.004252 [debug] [MainThread]: Sending event: {'category': 'dbt', 'action': 'adapter_info', 'label': '945f7570-f800-4d61-875b-f029430602bf', 'context': [<snowplow_tracker.self_describing_json.SelfDescribingJson object at 0x10ce0e430>]}
[0m06:02:20.004979 [info ] [MainThread]: Registered adapter: postgres=1.9.1
[0m06:02:20.076665 [debug] [MainThread]: checksum: c35ba6d374a0901ceb00688d5179d5550885e1756283b03e5e81c28e0d8d2248, vars: {}, profile: , target: , version: 1.10.19
[0m06:02:20.171785 [debug] [MainThread]: Partial parsing enabled: 0 files deleted, 0 files added, 1 files changed.
[0m06:02:20.172164 [debug] [MainThread]: Partial parsing: updated file: enpal_assessment_project://models/silver_stage/stg_deal_changes_details.sql
[0m06:02:20.358869 [debug] [MainThread]: Sending event: {'category': 'dbt', 'action': 'load_project', 'label': '945f7570-f800-4d61-875b-f029430602bf', 'context': [<snowplow_tracker.self_describing_json.SelfDescribingJson object at 0x10d9fcfd0>]}
[0m06:02:20.413148 [debug] [MainThread]: Wrote artifact WritableManifest to /Users/rajukaju/Projects/dbt_enpal_assessment/target/manifest.json
[0m06:02:20.414586 [debug] [MainThread]: Wrote artifact SemanticManifest to /Users/rajukaju/Projects/dbt_enpal_assessment/target/semantic_manifest.json
[0m06:02:20.426430 [debug] [MainThread]: Sending event: {'category': 'dbt', 'action': 'resource_counts', 'label': '945f7570-f800-4d61-875b-f029430602bf', 'context': [<snowplow_tracker.self_describing_json.SelfDescribingJson object at 0x10cfd1c40>]}
[0m06:02:20.426732 [info ] [MainThread]: Found 8 models, 6 sources, 447 macros
[0m06:02:20.426927 [debug] [MainThread]: Sending event: {'category': 'dbt', 'action': 'runnable_timing', 'label': '945f7570-f800-4d61-875b-f029430602bf', 'context': [<snowplow_tracker.self_describing_json.SelfDescribingJson object at 0x10d94b070>]}
[0m06:02:20.427747 [info ] [MainThread]: 
[0m06:02:20.427935 [info ] [MainThread]: Concurrency: 1 threads (target='dev')
[0m06:02:20.428095 [info ] [MainThread]: 
[0m06:02:20.428369 [debug] [MainThread]: Acquiring new postgres connection 'master'
[0m06:02:20.428821 [debug] [ThreadPool]: Acquiring new postgres connection 'list_postgres'
[0m06:02:20.466240 [debug] [ThreadPool]: Using postgres connection "list_postgres"
[0m06:02:20.466508 [debug] [ThreadPool]: On list_postgres: /* {"app": "dbt", "dbt_version": "1.10.19", "profile_name": "enpal_assessment_project", "target_name": "dev", "connection_name": "list_postgres"} */

    select distinct nspname from pg_namespace
  
[0m06:02:20.466672 [debug] [ThreadPool]: Opening a new connection, currently in state init
[0m06:02:20.505627 [debug] [ThreadPool]: SQL status: SELECT 5 in 0.039 seconds
[0m06:02:20.506500 [debug] [ThreadPool]: On list_postgres: Close
[0m06:02:20.509800 [debug] [ThreadPool]: Re-using an available connection from the pool (formerly list_postgres, now list_postgres_public_pipedrive_analytics)
[0m06:02:20.514257 [debug] [ThreadPool]: Using postgres connection "list_postgres_public_pipedrive_analytics"
[0m06:02:20.514453 [debug] [ThreadPool]: On list_postgres_public_pipedrive_analytics: BEGIN
[0m06:02:20.514612 [debug] [ThreadPool]: Opening a new connection, currently in state closed
[0m06:02:20.524050 [debug] [ThreadPool]: SQL status: BEGIN in 0.009 seconds
[0m06:02:20.524221 [debug] [ThreadPool]: Using postgres connection "list_postgres_public_pipedrive_analytics"
[0m06:02:20.524401 [debug] [ThreadPool]: On list_postgres_public_pipedrive_analytics: /* {"app": "dbt", "dbt_version": "1.10.19", "profile_name": "enpal_assessment_project", "target_name": "dev", "connection_name": "list_postgres_public_pipedrive_analytics"} */
select
      'postgres' as database,
      tablename as name,
      schemaname as schema,
      'table' as type
    from pg_tables
    where schemaname ilike 'public_pipedrive_analytics'
    union all
    select
      'postgres' as database,
      viewname as name,
      schemaname as schema,
      'view' as type
    from pg_views
    where schemaname ilike 'public_pipedrive_analytics'
    union all
    select
      'postgres' as database,
      matviewname as name,
      schemaname as schema,
      'materialized_view' as type
    from pg_matviews
    where schemaname ilike 'public_pipedrive_analytics'
  
[0m06:02:20.527777 [debug] [ThreadPool]: SQL status: SELECT 8 in 0.003 seconds
[0m06:02:20.528592 [debug] [ThreadPool]: On list_postgres_public_pipedrive_analytics: ROLLBACK
[0m06:02:20.529051 [debug] [ThreadPool]: On list_postgres_public_pipedrive_analytics: Close
[0m06:02:20.533102 [debug] [MainThread]: Using postgres connection "master"
[0m06:02:20.533352 [debug] [MainThread]: On master: BEGIN
[0m06:02:20.533538 [debug] [MainThread]: Opening a new connection, currently in state init
[0m06:02:20.542583 [debug] [MainThread]: SQL status: BEGIN in 0.009 seconds
[0m06:02:20.542819 [debug] [MainThread]: Using postgres connection "master"
[0m06:02:20.543073 [debug] [MainThread]: On master: /* {"app": "dbt", "dbt_version": "1.10.19", "profile_name": "enpal_assessment_project", "target_name": "dev", "connection_name": "master"} */
select distinct
        dependent_namespace.nspname as dependent_schema,
        dependent_class.relname as dependent_name,
        referenced_namespace.nspname as referenced_schema,
        referenced_class.relname as referenced_name

    -- Query for views: views are entries in pg_class with an entry in pg_rewrite, but we avoid
    -- a seq scan on pg_rewrite by leveraging the fact there is an "internal" row in pg_depend for
    -- the view...
    from pg_class as dependent_class
    join pg_namespace as dependent_namespace on dependent_namespace.oid = dependent_class.relnamespace
    join pg_depend as dependent_depend on dependent_depend.refobjid = dependent_class.oid
        and dependent_depend.classid = 'pg_rewrite'::regclass
        and dependent_depend.refclassid = 'pg_class'::regclass
        and dependent_depend.deptype = 'i'

    -- ... and via pg_depend (that has a row per column, hence the need for "distinct" above, and
    -- making sure to exclude the internal row to avoid a view appearing to depend on itself)...
    join pg_depend as joining_depend on joining_depend.objid = dependent_depend.objid
        and joining_depend.classid = 'pg_rewrite'::regclass
        and joining_depend.refclassid = 'pg_class'::regclass
        and joining_depend.refobjid != dependent_depend.refobjid

    -- ... we can find the tables they query from in pg_class, but excluding system tables. Note we
    -- don't need need to exclude _dependent_ system tables, because they only query from other
    -- system tables, and so are automatically excluded by excluding _referenced_ system tables
    join pg_class as referenced_class on referenced_class.oid = joining_depend.refobjid
    join pg_namespace as referenced_namespace on referenced_namespace.oid = referenced_class.relnamespace
        and referenced_namespace.nspname != 'information_schema'
        and referenced_namespace.nspname not like 'pg\_%'

    order by
        dependent_schema, dependent_name, referenced_schema, referenced_name;
[0m06:02:20.545845 [debug] [MainThread]: SQL status: SELECT 0 in 0.002 seconds
[0m06:02:20.546687 [debug] [MainThread]: Sending event: {'category': 'dbt', 'action': 'runnable_timing', 'label': '945f7570-f800-4d61-875b-f029430602bf', 'context': [<snowplow_tracker.self_describing_json.SelfDescribingJson object at 0x10cfe85e0>]}
[0m06:02:20.547012 [debug] [MainThread]: On master: ROLLBACK
[0m06:02:20.547485 [debug] [MainThread]: Using postgres connection "master"
[0m06:02:20.547717 [debug] [MainThread]: On master: BEGIN
[0m06:02:20.548425 [debug] [MainThread]: SQL status: BEGIN in 0.001 seconds
[0m06:02:20.548621 [debug] [MainThread]: On master: COMMIT
[0m06:02:20.548807 [debug] [MainThread]: Using postgres connection "master"
[0m06:02:20.548980 [debug] [MainThread]: On master: COMMIT
[0m06:02:20.549445 [debug] [MainThread]: SQL status: COMMIT in 0.000 seconds
[0m06:02:20.549655 [debug] [MainThread]: On master: Close
[0m06:02:20.551425 [debug] [Thread-1  ]: Began running node model.enpal_assessment_project.stg_deal_changes_details
[0m06:02:20.551816 [info ] [Thread-1  ]: 1 of 1 START sql table model public_pipedrive_analytics.stg_deal_changes_details  [RUN]
[0m06:02:20.552126 [debug] [Thread-1  ]: Re-using an available connection from the pool (formerly list_postgres_public_pipedrive_analytics, now model.enpal_assessment_project.stg_deal_changes_details)
[0m06:02:20.552370 [debug] [Thread-1  ]: Began compiling node model.enpal_assessment_project.stg_deal_changes_details
[0m06:02:20.558439 [debug] [Thread-1  ]: Writing injected SQL for node "model.enpal_assessment_project.stg_deal_changes_details"
[0m06:02:20.558903 [debug] [Thread-1  ]: Began executing node model.enpal_assessment_project.stg_deal_changes_details
[0m06:02:20.585335 [debug] [Thread-1  ]: Writing runtime sql for node "model.enpal_assessment_project.stg_deal_changes_details"
[0m06:02:20.585774 [debug] [Thread-1  ]: Using postgres connection "model.enpal_assessment_project.stg_deal_changes_details"
[0m06:02:20.585979 [debug] [Thread-1  ]: On model.enpal_assessment_project.stg_deal_changes_details: BEGIN
[0m06:02:20.586165 [debug] [Thread-1  ]: Opening a new connection, currently in state closed
[0m06:02:20.596948 [debug] [Thread-1  ]: SQL status: BEGIN in 0.011 seconds
[0m06:02:20.597210 [debug] [Thread-1  ]: Using postgres connection "model.enpal_assessment_project.stg_deal_changes_details"
[0m06:02:20.597489 [debug] [Thread-1  ]: On model.enpal_assessment_project.stg_deal_changes_details: /* {"app": "dbt", "dbt_version": "1.10.19", "profile_name": "enpal_assessment_project", "target_name": "dev", "node_id": "model.enpal_assessment_project.stg_deal_changes_details"} */

  
    

  create  table "postgres"."public_pipedrive_analytics"."stg_deal_changes_details__dbt_tmp"
  
  
    as
  
  (
    WITH DEAL_CHANGES_BASE AS (
SELECT 
    DC.deal_id, 
    DC.change_time, 
    DC.changed_field_key, 
    DC.new_value, 
    --- Group the add_time field changes
    COUNT(CASE WHEN DC.changed_field_key = 'add_time' THEN 1 END) OVER(PARTITION BY DC.deal_id ORDER BY DC.change_time) AS add_time_group, 
    --- Group the user_id field changes 
    COUNT(CASE WHEN DC.changed_field_key = 'user_id' THEN 1 END) OVER (PARTITION BY DC.deal_id ORDER BY DC.change_time) AS user_group, 
    --- Group for combined status (stage_id OR lost_reason)
    COUNT(CASE WHEN DC.changed_field_key IN ('stage_id', 'lost_reason') THEN 1 END) OVER (PARTITION BY DC.deal_id ORDER BY DC.change_time) as status_group 
FROM POSTGRES.PUBLIC_PIPEDRIVE_ANALYTICS.DEAL_CHANGES DC 
WHERE deal_id = 399956
)
SELECT 
    DCB.deal_id,
    DCB.change_time,
    DCB.changed_field_key,
    DCB.new_value,
    -- Carry forward add_time, user_id, stage_id, lost_reason to form a record with the same value until it's next change occurs
    CAST(FIRST_VALUE(CASE WHEN DCB.changed_field_key = 'add_time' THEN DCB.new_value END) OVER (PARTITION BY DCB.deal_id, DCB.add_time_group ORDER BY DCB.change_time) AS TIMESTAMP) AS add_time, 
    COALESCE(CAST(FIRST_VALUE(CASE WHEN DCB.changed_field_key = 'user_id' THEN DCB.new_value END) OVER (PARTITION BY DCB.deal_id, DCB.user_group ORDER BY DCB.change_time) AS BIGINT), -1) AS user_id, 
    FIRST_VALUE(CASE WHEN DCB.changed_field_key IN ('stage_id', 'lost_reason') THEN DCB.changed_field_key END) OVER (PARTITION BY DCB.deal_id, DCB.status_group ORDER BY DCB.change_time) AS deal_status_type, 
    CAST(FIRST_VALUE(CASE WHEN DCB.changed_field_key IN ('stage_id', 'lost_reason') THEN DCB.new_value END) OVER (PARTITION BY DCB.deal_id, DCB.status_group ORDER BY DCB.change_time) AS INT) AS deal_status_value 
FROM DEAL_CHANGES_BASE DCB
ORDER BY 
    DCB.deal_id, 
    DCB.change_time
  );
  
[0m06:02:20.604951 [debug] [Thread-1  ]: SQL status: SELECT 17 in 0.007 seconds
[0m06:02:20.613172 [debug] [Thread-1  ]: Using postgres connection "model.enpal_assessment_project.stg_deal_changes_details"
[0m06:02:20.613440 [debug] [Thread-1  ]: On model.enpal_assessment_project.stg_deal_changes_details: /* {"app": "dbt", "dbt_version": "1.10.19", "profile_name": "enpal_assessment_project", "target_name": "dev", "node_id": "model.enpal_assessment_project.stg_deal_changes_details"} */
alter table "postgres"."public_pipedrive_analytics"."stg_deal_changes_details" rename to "stg_deal_changes_details__dbt_backup"
[0m06:02:20.614899 [debug] [Thread-1  ]: SQL status: ALTER TABLE in 0.001 seconds
[0m06:02:20.617114 [debug] [Thread-1  ]: Using postgres connection "model.enpal_assessment_project.stg_deal_changes_details"
[0m06:02:20.617347 [debug] [Thread-1  ]: On model.enpal_assessment_project.stg_deal_changes_details: /* {"app": "dbt", "dbt_version": "1.10.19", "profile_name": "enpal_assessment_project", "target_name": "dev", "node_id": "model.enpal_assessment_project.stg_deal_changes_details"} */
alter table "postgres"."public_pipedrive_analytics"."stg_deal_changes_details__dbt_tmp" rename to "stg_deal_changes_details"
[0m06:02:20.618111 [debug] [Thread-1  ]: SQL status: ALTER TABLE in 0.001 seconds
[0m06:02:20.629821 [debug] [Thread-1  ]: On model.enpal_assessment_project.stg_deal_changes_details: COMMIT
[0m06:02:20.630056 [debug] [Thread-1  ]: Using postgres connection "model.enpal_assessment_project.stg_deal_changes_details"
[0m06:02:20.630253 [debug] [Thread-1  ]: On model.enpal_assessment_project.stg_deal_changes_details: COMMIT
[0m06:02:20.632051 [debug] [Thread-1  ]: SQL status: COMMIT in 0.002 seconds
[0m06:02:20.636255 [debug] [Thread-1  ]: Applying DROP to: "postgres"."public_pipedrive_analytics"."stg_deal_changes_details__dbt_backup"
[0m06:02:20.639053 [debug] [Thread-1  ]: Using postgres connection "model.enpal_assessment_project.stg_deal_changes_details"
[0m06:02:20.639272 [debug] [Thread-1  ]: On model.enpal_assessment_project.stg_deal_changes_details: /* {"app": "dbt", "dbt_version": "1.10.19", "profile_name": "enpal_assessment_project", "target_name": "dev", "node_id": "model.enpal_assessment_project.stg_deal_changes_details"} */
drop table if exists "postgres"."public_pipedrive_analytics"."stg_deal_changes_details__dbt_backup" cascade
[0m06:02:20.642722 [debug] [Thread-1  ]: SQL status: DROP TABLE in 0.003 seconds
[0m06:02:20.644298 [debug] [Thread-1  ]: On model.enpal_assessment_project.stg_deal_changes_details: Close
[0m06:02:20.645659 [debug] [Thread-1  ]: Sending event: {'category': 'dbt', 'action': 'run_model', 'label': '945f7570-f800-4d61-875b-f029430602bf', 'context': [<snowplow_tracker.self_describing_json.SelfDescribingJson object at 0x10df66eb0>]}
[0m06:02:20.646068 [info ] [Thread-1  ]: 1 of 1 OK created sql table model public_pipedrive_analytics.stg_deal_changes_details  [[32mSELECT 17[0m in 0.09s]
[0m06:02:20.646420 [debug] [Thread-1  ]: Finished running node model.enpal_assessment_project.stg_deal_changes_details
[0m06:02:20.647023 [debug] [MainThread]: Using postgres connection "master"
[0m06:02:20.647232 [debug] [MainThread]: On master: BEGIN
[0m06:02:20.647406 [debug] [MainThread]: Opening a new connection, currently in state closed
[0m06:02:20.656419 [debug] [MainThread]: SQL status: BEGIN in 0.009 seconds
[0m06:02:20.656628 [debug] [MainThread]: On master: COMMIT
[0m06:02:20.656802 [debug] [MainThread]: Using postgres connection "master"
[0m06:02:20.656963 [debug] [MainThread]: On master: COMMIT
[0m06:02:20.657574 [debug] [MainThread]: SQL status: COMMIT in 0.000 seconds
[0m06:02:20.657747 [debug] [MainThread]: On master: Close
[0m06:02:20.657976 [debug] [MainThread]: Connection 'master' was properly closed.
[0m06:02:20.658134 [debug] [MainThread]: Connection 'model.enpal_assessment_project.stg_deal_changes_details' was properly closed.
[0m06:02:20.658312 [info ] [MainThread]: 
[0m06:02:20.658509 [info ] [MainThread]: Finished running 1 table model in 0 hours 0 minutes and 0.23 seconds (0.23s).
[0m06:02:20.658934 [debug] [MainThread]: Command end result
[0m06:02:20.676052 [debug] [MainThread]: Wrote artifact WritableManifest to /Users/rajukaju/Projects/dbt_enpal_assessment/target/manifest.json
[0m06:02:20.677032 [debug] [MainThread]: Wrote artifact SemanticManifest to /Users/rajukaju/Projects/dbt_enpal_assessment/target/semantic_manifest.json
[0m06:02:20.681434 [debug] [MainThread]: Wrote artifact RunExecutionResult to /Users/rajukaju/Projects/dbt_enpal_assessment/target/run_results.json
[0m06:02:20.681631 [info ] [MainThread]: 
[0m06:02:20.681862 [info ] [MainThread]: [32mCompleted successfully[0m
[0m06:02:20.682033 [info ] [MainThread]: 
[0m06:02:20.682265 [info ] [MainThread]: Done. PASS=1 WARN=0 ERROR=0 SKIP=0 NO-OP=0 TOTAL=1
[0m06:02:20.684238 [debug] [MainThread]: Resource report: {"command_name": "run", "command_success": true, "command_wall_clock_time": 0.88510144, "process_in_blocks": "0", "process_kernel_time": 0.206961, "process_mem_max_rss": "130334720", "process_out_blocks": "0", "process_user_time": 1.424631}
[0m06:02:20.684477 [debug] [MainThread]: Command `dbt run` succeeded at 06:02:20.684428 after 0.89 seconds
[0m06:02:20.684688 [debug] [MainThread]: Sending event: {'category': 'dbt', 'action': 'invocation', 'label': 'end', 'context': [<snowplow_tracker.self_describing_json.SelfDescribingJson object at 0x10b8ad220>, <snowplow_tracker.self_describing_json.SelfDescribingJson object at 0x10cfd11f0>, <snowplow_tracker.self_describing_json.SelfDescribingJson object at 0x10da07b50>]}
[0m06:02:20.684901 [debug] [MainThread]: Flushing usage events
[0m06:02:21.816792 [debug] [MainThread]: An error was encountered while trying to flush usage events
[0m06:02:53.881653 [debug] [MainThread]: Sending event: {'category': 'dbt', 'action': 'invocation', 'label': 'start', 'context': [<snowplow_tracker.self_describing_json.SelfDescribingJson object at 0x1084ed220>, <snowplow_tracker.self_describing_json.SelfDescribingJson object at 0x10956bee0>, <snowplow_tracker.self_describing_json.SelfDescribingJson object at 0x10956b190>]}


============================== 06:02:53.884852 | 5db999ce-1033-477d-a921-7daba74dd7d2 ==============================
[0m06:02:53.884852 [info ] [MainThread]: Running with dbt=1.10.19
[0m06:02:53.885216 [debug] [MainThread]: running dbt with arguments {'invocation_command': 'dbt run -s stg_deal_changes_details.sql', 'target_path': 'None', 'partial_parse': 'True', 'indirect_selection': 'eager', 'use_colors': 'True', 'empty': 'False', 'log_path': '/Users/rajukaju/Projects/dbt_enpal_assessment/logs', 'debug': 'False', 'cache_selected_only': 'False', 'no_print': 'None', 'warn_error': 'None', 'warn_error_options': 'WarnErrorOptionsV2(error=[], warn=[], silence=[])', 'send_anonymous_usage_stats': 'True', 'use_experimental_parser': 'False', 'version_check': 'True', 'static_parser': 'True', 'log_cache_events': 'False', 'quiet': 'False', 'fail_fast': 'False', 'write_json': 'True', 'introspect': 'True', 'log_format': 'default', 'printer_width': '80', 'profiles_dir': '/Users/rajukaju/Projects/dbt_enpal_assessment'}
[0m06:02:54.004456 [debug] [MainThread]: Sending event: {'category': 'dbt', 'action': 'project_id', 'label': '5db999ce-1033-477d-a921-7daba74dd7d2', 'context': [<snowplow_tracker.self_describing_json.SelfDescribingJson object at 0x1094f1a60>]}
[0m06:02:54.040750 [debug] [MainThread]: Sending event: {'category': 'dbt', 'action': 'adapter_info', 'label': '5db999ce-1033-477d-a921-7daba74dd7d2', 'context': [<snowplow_tracker.self_describing_json.SelfDescribingJson object at 0x1095401f0>]}
[0m06:02:54.041521 [info ] [MainThread]: Registered adapter: postgres=1.9.1
[0m06:02:54.114216 [debug] [MainThread]: checksum: c35ba6d374a0901ceb00688d5179d5550885e1756283b03e5e81c28e0d8d2248, vars: {}, profile: , target: , version: 1.10.19
[0m06:02:54.209283 [debug] [MainThread]: Partial parsing enabled: 0 files deleted, 0 files added, 1 files changed.
[0m06:02:54.209655 [debug] [MainThread]: Partial parsing: updated file: enpal_assessment_project://models/silver_stage/stg_deal_changes_details.sql
[0m06:02:54.395930 [debug] [MainThread]: Sending event: {'category': 'dbt', 'action': 'load_project', 'label': '5db999ce-1033-477d-a921-7daba74dd7d2', 'context': [<snowplow_tracker.self_describing_json.SelfDescribingJson object at 0x10a6113d0>]}
[0m06:02:54.448575 [debug] [MainThread]: Wrote artifact WritableManifest to /Users/rajukaju/Projects/dbt_enpal_assessment/target/manifest.json
[0m06:02:54.449970 [debug] [MainThread]: Wrote artifact SemanticManifest to /Users/rajukaju/Projects/dbt_enpal_assessment/target/semantic_manifest.json
[0m06:02:54.461302 [debug] [MainThread]: Sending event: {'category': 'dbt', 'action': 'resource_counts', 'label': '5db999ce-1033-477d-a921-7daba74dd7d2', 'context': [<snowplow_tracker.self_describing_json.SelfDescribingJson object at 0x109536580>]}
[0m06:02:54.461591 [info ] [MainThread]: Found 8 models, 6 sources, 447 macros
[0m06:02:54.461790 [debug] [MainThread]: Sending event: {'category': 'dbt', 'action': 'runnable_timing', 'label': '5db999ce-1033-477d-a921-7daba74dd7d2', 'context': [<snowplow_tracker.self_describing_json.SelfDescribingJson object at 0x109c11f40>]}
[0m06:02:54.462604 [info ] [MainThread]: 
[0m06:02:54.462790 [info ] [MainThread]: Concurrency: 1 threads (target='dev')
[0m06:02:54.462954 [info ] [MainThread]: 
[0m06:02:54.463217 [debug] [MainThread]: Acquiring new postgres connection 'master'
[0m06:02:54.463669 [debug] [ThreadPool]: Acquiring new postgres connection 'list_postgres'
[0m06:02:54.500742 [debug] [ThreadPool]: Using postgres connection "list_postgres"
[0m06:02:54.500996 [debug] [ThreadPool]: On list_postgres: /* {"app": "dbt", "dbt_version": "1.10.19", "profile_name": "enpal_assessment_project", "target_name": "dev", "connection_name": "list_postgres"} */

    select distinct nspname from pg_namespace
  
[0m06:02:54.501151 [debug] [ThreadPool]: Opening a new connection, currently in state init
[0m06:02:54.540417 [debug] [ThreadPool]: SQL status: SELECT 5 in 0.039 seconds
[0m06:02:54.541249 [debug] [ThreadPool]: On list_postgres: Close
[0m06:02:54.544434 [debug] [ThreadPool]: Re-using an available connection from the pool (formerly list_postgres, now list_postgres_public_pipedrive_analytics)
[0m06:02:54.549192 [debug] [ThreadPool]: Using postgres connection "list_postgres_public_pipedrive_analytics"
[0m06:02:54.549413 [debug] [ThreadPool]: On list_postgres_public_pipedrive_analytics: BEGIN
[0m06:02:54.549590 [debug] [ThreadPool]: Opening a new connection, currently in state closed
[0m06:02:54.559371 [debug] [ThreadPool]: SQL status: BEGIN in 0.010 seconds
[0m06:02:54.559599 [debug] [ThreadPool]: Using postgres connection "list_postgres_public_pipedrive_analytics"
[0m06:02:54.559817 [debug] [ThreadPool]: On list_postgres_public_pipedrive_analytics: /* {"app": "dbt", "dbt_version": "1.10.19", "profile_name": "enpal_assessment_project", "target_name": "dev", "connection_name": "list_postgres_public_pipedrive_analytics"} */
select
      'postgres' as database,
      tablename as name,
      schemaname as schema,
      'table' as type
    from pg_tables
    where schemaname ilike 'public_pipedrive_analytics'
    union all
    select
      'postgres' as database,
      viewname as name,
      schemaname as schema,
      'view' as type
    from pg_views
    where schemaname ilike 'public_pipedrive_analytics'
    union all
    select
      'postgres' as database,
      matviewname as name,
      schemaname as schema,
      'materialized_view' as type
    from pg_matviews
    where schemaname ilike 'public_pipedrive_analytics'
  
[0m06:02:54.563239 [debug] [ThreadPool]: SQL status: SELECT 8 in 0.003 seconds
[0m06:02:54.564192 [debug] [ThreadPool]: On list_postgres_public_pipedrive_analytics: ROLLBACK
[0m06:02:54.564682 [debug] [ThreadPool]: On list_postgres_public_pipedrive_analytics: Close
[0m06:02:54.569423 [debug] [MainThread]: Using postgres connection "master"
[0m06:02:54.569683 [debug] [MainThread]: On master: BEGIN
[0m06:02:54.569884 [debug] [MainThread]: Opening a new connection, currently in state init
[0m06:02:54.579120 [debug] [MainThread]: SQL status: BEGIN in 0.009 seconds
[0m06:02:54.579364 [debug] [MainThread]: Using postgres connection "master"
[0m06:02:54.579617 [debug] [MainThread]: On master: /* {"app": "dbt", "dbt_version": "1.10.19", "profile_name": "enpal_assessment_project", "target_name": "dev", "connection_name": "master"} */
select distinct
        dependent_namespace.nspname as dependent_schema,
        dependent_class.relname as dependent_name,
        referenced_namespace.nspname as referenced_schema,
        referenced_class.relname as referenced_name

    -- Query for views: views are entries in pg_class with an entry in pg_rewrite, but we avoid
    -- a seq scan on pg_rewrite by leveraging the fact there is an "internal" row in pg_depend for
    -- the view...
    from pg_class as dependent_class
    join pg_namespace as dependent_namespace on dependent_namespace.oid = dependent_class.relnamespace
    join pg_depend as dependent_depend on dependent_depend.refobjid = dependent_class.oid
        and dependent_depend.classid = 'pg_rewrite'::regclass
        and dependent_depend.refclassid = 'pg_class'::regclass
        and dependent_depend.deptype = 'i'

    -- ... and via pg_depend (that has a row per column, hence the need for "distinct" above, and
    -- making sure to exclude the internal row to avoid a view appearing to depend on itself)...
    join pg_depend as joining_depend on joining_depend.objid = dependent_depend.objid
        and joining_depend.classid = 'pg_rewrite'::regclass
        and joining_depend.refclassid = 'pg_class'::regclass
        and joining_depend.refobjid != dependent_depend.refobjid

    -- ... we can find the tables they query from in pg_class, but excluding system tables. Note we
    -- don't need need to exclude _dependent_ system tables, because they only query from other
    -- system tables, and so are automatically excluded by excluding _referenced_ system tables
    join pg_class as referenced_class on referenced_class.oid = joining_depend.refobjid
    join pg_namespace as referenced_namespace on referenced_namespace.oid = referenced_class.relnamespace
        and referenced_namespace.nspname != 'information_schema'
        and referenced_namespace.nspname not like 'pg\_%'

    order by
        dependent_schema, dependent_name, referenced_schema, referenced_name;
[0m06:02:54.583132 [debug] [MainThread]: SQL status: SELECT 0 in 0.003 seconds
[0m06:02:54.583942 [debug] [MainThread]: Sending event: {'category': 'dbt', 'action': 'runnable_timing', 'label': '5db999ce-1033-477d-a921-7daba74dd7d2', 'context': [<snowplow_tracker.self_describing_json.SelfDescribingJson object at 0x106f5a8e0>]}
[0m06:02:54.584251 [debug] [MainThread]: On master: ROLLBACK
[0m06:02:54.584733 [debug] [MainThread]: Using postgres connection "master"
[0m06:02:54.584937 [debug] [MainThread]: On master: BEGIN
[0m06:02:54.585625 [debug] [MainThread]: SQL status: BEGIN in 0.000 seconds
[0m06:02:54.585830 [debug] [MainThread]: On master: COMMIT
[0m06:02:54.586017 [debug] [MainThread]: Using postgres connection "master"
[0m06:02:54.586191 [debug] [MainThread]: On master: COMMIT
[0m06:02:54.586879 [debug] [MainThread]: SQL status: COMMIT in 0.001 seconds
[0m06:02:54.587067 [debug] [MainThread]: On master: Close
[0m06:02:54.588738 [debug] [Thread-1  ]: Began running node model.enpal_assessment_project.stg_deal_changes_details
[0m06:02:54.589090 [info ] [Thread-1  ]: 1 of 1 START sql table model public_pipedrive_analytics.stg_deal_changes_details  [RUN]
[0m06:02:54.589380 [debug] [Thread-1  ]: Re-using an available connection from the pool (formerly list_postgres_public_pipedrive_analytics, now model.enpal_assessment_project.stg_deal_changes_details)
[0m06:02:54.589615 [debug] [Thread-1  ]: Began compiling node model.enpal_assessment_project.stg_deal_changes_details
[0m06:02:54.595705 [debug] [Thread-1  ]: Writing injected SQL for node "model.enpal_assessment_project.stg_deal_changes_details"
[0m06:02:54.596156 [debug] [Thread-1  ]: Began executing node model.enpal_assessment_project.stg_deal_changes_details
[0m06:02:54.622509 [debug] [Thread-1  ]: Writing runtime sql for node "model.enpal_assessment_project.stg_deal_changes_details"
[0m06:02:54.622945 [debug] [Thread-1  ]: Using postgres connection "model.enpal_assessment_project.stg_deal_changes_details"
[0m06:02:54.623151 [debug] [Thread-1  ]: On model.enpal_assessment_project.stg_deal_changes_details: BEGIN
[0m06:02:54.623336 [debug] [Thread-1  ]: Opening a new connection, currently in state closed
[0m06:02:54.634716 [debug] [Thread-1  ]: SQL status: BEGIN in 0.011 seconds
[0m06:02:54.634981 [debug] [Thread-1  ]: Using postgres connection "model.enpal_assessment_project.stg_deal_changes_details"
[0m06:02:54.635283 [debug] [Thread-1  ]: On model.enpal_assessment_project.stg_deal_changes_details: /* {"app": "dbt", "dbt_version": "1.10.19", "profile_name": "enpal_assessment_project", "target_name": "dev", "node_id": "model.enpal_assessment_project.stg_deal_changes_details"} */

  
    

  create  table "postgres"."public_pipedrive_analytics"."stg_deal_changes_details__dbt_tmp"
  
  
    as
  
  (
    WITH DEAL_CHANGES_BASE AS (
SELECT 
    DC.deal_id, 
    DC.change_time, 
    DC.changed_field_key, 
    DC.new_value, 
    --- Group the add_time field changes
    COUNT(CASE WHEN DC.changed_field_key = 'add_time' THEN 1 END) OVER(PARTITION BY DC.deal_id ORDER BY DC.change_time) AS add_time_group, 
    --- Group the user_id field changes 
    COUNT(CASE WHEN DC.changed_field_key = 'user_id' THEN 1 END) OVER (PARTITION BY DC.deal_id ORDER BY DC.change_time) AS user_group, 
    --- Group for combined status (stage_id OR lost_reason)
    COUNT(CASE WHEN DC.changed_field_key IN ('stage_id', 'lost_reason') THEN 1 END) OVER (PARTITION BY DC.deal_id ORDER BY DC.change_time) as status_group 
FROM POSTGRES.PUBLIC_PIPEDRIVE_ANALYTICS.DEAL_CHANGES DC 
WHERE deal_id = 399956
), 
DEAL_CHANGES_BASE_TRANSFORM AS (
SELECT 
    DCB.deal_id,
    DCB.change_time,
    DCB.changed_field_key,
    DCB.new_value,
    -- Carry forward add_time, user_id, stage_id, lost_reason to form a record with the same value until it's next change occurs
    CAST(FIRST_VALUE(CASE WHEN DCB.changed_field_key = 'add_time' THEN DCB.new_value END) OVER (PARTITION BY DCB.deal_id, DCB.add_time_group ORDER BY DCB.change_time) AS TIMESTAMP) AS add_time, 
    COALESCE(CAST(FIRST_VALUE(CASE WHEN DCB.changed_field_key = 'user_id' THEN DCB.new_value END) OVER (PARTITION BY DCB.deal_id, DCB.user_group ORDER BY DCB.change_time) AS BIGINT), -1) AS user_id, 
    FIRST_VALUE(CASE WHEN DCB.changed_field_key IN ('stage_id', 'lost_reason') THEN DCB.changed_field_key END) OVER (PARTITION BY DCB.deal_id, DCB.status_group ORDER BY DCB.change_time) AS deal_status_type, 
    CAST(FIRST_VALUE(CASE WHEN DCB.changed_field_key IN ('stage_id', 'lost_reason') THEN DCB.new_value END) OVER (PARTITION BY DCB.deal_id, DCB.status_group ORDER BY DCB.change_time) AS INT) AS deal_status_value 
FROM DEAL_CHANGES_BASE DCB
ORDER BY 
    DCB.deal_id, 
    DCB.change_time
)
SELECT 
    BT.deal_id, 
    BT.change_time, 
    BT.changed_field_key, 
    BT.new_value, 
    BT.add_time, 
    BT.user_id, 
    BT.deal_status_type, 
    BT.deal_status_value, 
    U.name AS user_name, 
    U.email AS user_email, 
    S.stage_name
FROM DEAL_CHANGES_BASE_TRANSFORM BT
LEFT JOIN POSTGRES.PUBLIC_PIPEDRIVE_ANALYTICS.USERS U 
    ON U.id = BT.user_id 
LEFT JOIN (SELECT 'stage_id' AS status_type, stage_id, stage_name FROM POSTGRES.PUBLIC_PIPEDRIVE_ANALYTICS.STAGES
           
           UNION 
           
           SELECT 'lost_reason' AS status_type, reason_id, reason_label FROM POSTGRES.PUBLIC_PIPEDRIVE_ANALYTICS.STG_LOST_REASONS 
          ) S 
    ON S.status_type = COALESCE(BT.deal_status_type, 'XXXX') 
    AND S.stage_id = COALESCE(BT.deal_status_value, 0) 
ORDER BY 
    BT.deal_id, 
    BT.change_time;
  );
  
[0m06:02:54.636491 [debug] [Thread-1  ]: Postgres adapter: Postgres error: syntax error at or near ";"
LINE 68:     BT.change_time;
                           ^

[0m06:02:54.636708 [debug] [Thread-1  ]: On model.enpal_assessment_project.stg_deal_changes_details: ROLLBACK
[0m06:02:54.637489 [debug] [Thread-1  ]: On model.enpal_assessment_project.stg_deal_changes_details: Close
[0m06:02:54.653697 [debug] [Thread-1  ]: Database Error in model stg_deal_changes_details (models/silver_stage/stg_deal_changes_details.sql)
  syntax error at or near ";"
  LINE 68:     BT.change_time;
                             ^
  compiled code at target/run/enpal_assessment_project/models/silver_stage/stg_deal_changes_details.sql
[0m06:02:54.654958 [debug] [Thread-1  ]: Sending event: {'category': 'dbt', 'action': 'run_model', 'label': '5db999ce-1033-477d-a921-7daba74dd7d2', 'context': [<snowplow_tracker.self_describing_json.SelfDescribingJson object at 0x10ac1bca0>]}
[0m06:02:54.655367 [error] [Thread-1  ]: 1 of 1 ERROR creating sql table model public_pipedrive_analytics.stg_deal_changes_details  [[31mERROR[0m in 0.06s]
[0m06:02:54.655711 [debug] [Thread-1  ]: Finished running node model.enpal_assessment_project.stg_deal_changes_details
[0m06:02:54.656014 [debug] [Thread-4  ]: Marking all children of 'model.enpal_assessment_project.stg_deal_changes_details' to be skipped because of status 'error'.  Reason: Database Error in model stg_deal_changes_details (models/silver_stage/stg_deal_changes_details.sql)
  syntax error at or near ";"
  LINE 68:     BT.change_time;
                             ^
  compiled code at target/run/enpal_assessment_project/models/silver_stage/stg_deal_changes_details.sql.
[0m06:02:54.656597 [debug] [MainThread]: Using postgres connection "master"
[0m06:02:54.656790 [debug] [MainThread]: On master: BEGIN
[0m06:02:54.656949 [debug] [MainThread]: Opening a new connection, currently in state closed
[0m06:02:54.665840 [debug] [MainThread]: SQL status: BEGIN in 0.009 seconds
[0m06:02:54.666050 [debug] [MainThread]: On master: COMMIT
[0m06:02:54.666223 [debug] [MainThread]: Using postgres connection "master"
[0m06:02:54.666387 [debug] [MainThread]: On master: COMMIT
[0m06:02:54.666753 [debug] [MainThread]: SQL status: COMMIT in 0.000 seconds
[0m06:02:54.666952 [debug] [MainThread]: On master: Close
[0m06:02:54.667201 [debug] [MainThread]: Connection 'master' was properly closed.
[0m06:02:54.667368 [debug] [MainThread]: Connection 'model.enpal_assessment_project.stg_deal_changes_details' was properly closed.
[0m06:02:54.667543 [info ] [MainThread]: 
[0m06:02:54.667730 [info ] [MainThread]: Finished running 1 table model in 0 hours 0 minutes and 0.20 seconds (0.20s).
[0m06:02:54.668141 [debug] [MainThread]: Command end result
[0m06:02:54.684736 [debug] [MainThread]: Wrote artifact WritableManifest to /Users/rajukaju/Projects/dbt_enpal_assessment/target/manifest.json
[0m06:02:54.685737 [debug] [MainThread]: Wrote artifact SemanticManifest to /Users/rajukaju/Projects/dbt_enpal_assessment/target/semantic_manifest.json
[0m06:02:54.689789 [debug] [MainThread]: Wrote artifact RunExecutionResult to /Users/rajukaju/Projects/dbt_enpal_assessment/target/run_results.json
[0m06:02:54.689974 [info ] [MainThread]: 
[0m06:02:54.690191 [info ] [MainThread]: [31mCompleted with 1 error, 0 partial successes, and 0 warnings:[0m
[0m06:02:54.690368 [info ] [MainThread]: 
[0m06:02:54.690585 [error] [MainThread]: [31mFailure in model stg_deal_changes_details (models/silver_stage/stg_deal_changes_details.sql)[0m
[0m06:02:54.690795 [error] [MainThread]:   Database Error in model stg_deal_changes_details (models/silver_stage/stg_deal_changes_details.sql)
  syntax error at or near ";"
  LINE 68:     BT.change_time;
                             ^
  compiled code at target/run/enpal_assessment_project/models/silver_stage/stg_deal_changes_details.sql
[0m06:02:54.690953 [info ] [MainThread]: 
[0m06:02:54.691144 [info ] [MainThread]:   compiled code at target/compiled/enpal_assessment_project/models/silver_stage/stg_deal_changes_details.sql
[0m06:02:54.691299 [info ] [MainThread]: 
[0m06:02:54.691480 [info ] [MainThread]: Done. PASS=0 WARN=0 ERROR=1 SKIP=0 NO-OP=0 TOTAL=1
[0m06:02:54.693353 [debug] [MainThread]: Resource report: {"command_name": "run", "command_success": false, "command_wall_clock_time": 0.85752356, "process_in_blocks": "0", "process_kernel_time": 0.206454, "process_mem_max_rss": "130482176", "process_out_blocks": "0", "process_user_time": 1.41427}
[0m06:02:54.693580 [debug] [MainThread]: Command `dbt run` failed at 06:02:54.693535 after 0.86 seconds
[0m06:02:54.693792 [debug] [MainThread]: Sending event: {'category': 'dbt', 'action': 'invocation', 'label': 'end', 'context': [<snowplow_tracker.self_describing_json.SelfDescribingJson object at 0x1084ed220>, <snowplow_tracker.self_describing_json.SelfDescribingJson object at 0x109536a90>, <snowplow_tracker.self_describing_json.SelfDescribingJson object at 0x1094f1040>]}
[0m06:02:54.693997 [debug] [MainThread]: Flushing usage events
[0m06:02:55.907749 [debug] [MainThread]: An error was encountered while trying to flush usage events
[0m06:04:03.325122 [debug] [MainThread]: Sending event: {'category': 'dbt', 'action': 'invocation', 'label': 'start', 'context': [<snowplow_tracker.self_describing_json.SelfDescribingJson object at 0x1083e1220>, <snowplow_tracker.self_describing_json.SelfDescribingJson object at 0x10945fee0>, <snowplow_tracker.self_describing_json.SelfDescribingJson object at 0x10945f190>]}


============================== 06:04:03.328203 | df4045e0-c946-4ae3-8fc0-296b72f9f571 ==============================
[0m06:04:03.328203 [info ] [MainThread]: Running with dbt=1.10.19
[0m06:04:03.328556 [debug] [MainThread]: running dbt with arguments {'invocation_command': 'dbt run -s stg_deal_changes_details.sql', 'warn_error_options': 'WarnErrorOptionsV2(error=[], warn=[], silence=[])', 'cache_selected_only': 'False', 'partial_parse': 'True', 'static_parser': 'True', 'write_json': 'True', 'quiet': 'False', 'profiles_dir': '/Users/rajukaju/Projects/dbt_enpal_assessment', 'use_colors': 'True', 'printer_width': '80', 'indirect_selection': 'eager', 'fail_fast': 'False', 'warn_error': 'None', 'no_print': 'None', 'empty': 'False', 'log_format': 'default', 'send_anonymous_usage_stats': 'True', 'log_path': '/Users/rajukaju/Projects/dbt_enpal_assessment/logs', 'use_experimental_parser': 'False', 'target_path': 'None', 'version_check': 'True', 'log_cache_events': 'False', 'introspect': 'True', 'debug': 'False'}
[0m06:04:03.450410 [debug] [MainThread]: Sending event: {'category': 'dbt', 'action': 'project_id', 'label': 'df4045e0-c946-4ae3-8fc0-296b72f9f571', 'context': [<snowplow_tracker.self_describing_json.SelfDescribingJson object at 0x1093f5a60>]}
[0m06:04:03.487178 [debug] [MainThread]: Sending event: {'category': 'dbt', 'action': 'adapter_info', 'label': 'df4045e0-c946-4ae3-8fc0-296b72f9f571', 'context': [<snowplow_tracker.self_describing_json.SelfDescribingJson object at 0x1094341f0>]}
[0m06:04:03.487955 [info ] [MainThread]: Registered adapter: postgres=1.9.1
[0m06:04:03.557346 [debug] [MainThread]: checksum: c35ba6d374a0901ceb00688d5179d5550885e1756283b03e5e81c28e0d8d2248, vars: {}, profile: , target: , version: 1.10.19
[0m06:04:03.652316 [debug] [MainThread]: Partial parsing enabled: 0 files deleted, 0 files added, 1 files changed.
[0m06:04:03.652689 [debug] [MainThread]: Partial parsing: updated file: enpal_assessment_project://models/silver_stage/stg_deal_changes_details.sql
[0m06:04:03.839609 [debug] [MainThread]: Sending event: {'category': 'dbt', 'action': 'load_project', 'label': 'df4045e0-c946-4ae3-8fc0-296b72f9f571', 'context': [<snowplow_tracker.self_describing_json.SelfDescribingJson object at 0x10a5053d0>]}
[0m06:04:03.893394 [debug] [MainThread]: Wrote artifact WritableManifest to /Users/rajukaju/Projects/dbt_enpal_assessment/target/manifest.json
[0m06:04:03.895496 [debug] [MainThread]: Wrote artifact SemanticManifest to /Users/rajukaju/Projects/dbt_enpal_assessment/target/semantic_manifest.json
[0m06:04:03.906785 [debug] [MainThread]: Sending event: {'category': 'dbt', 'action': 'resource_counts', 'label': 'df4045e0-c946-4ae3-8fc0-296b72f9f571', 'context': [<snowplow_tracker.self_describing_json.SelfDescribingJson object at 0x10942aa90>]}
[0m06:04:03.907094 [info ] [MainThread]: Found 8 models, 6 sources, 447 macros
[0m06:04:03.907295 [debug] [MainThread]: Sending event: {'category': 'dbt', 'action': 'runnable_timing', 'label': 'df4045e0-c946-4ae3-8fc0-296b72f9f571', 'context': [<snowplow_tracker.self_describing_json.SelfDescribingJson object at 0x109b012e0>]}
[0m06:04:03.908117 [info ] [MainThread]: 
[0m06:04:03.908305 [info ] [MainThread]: Concurrency: 1 threads (target='dev')
[0m06:04:03.908463 [info ] [MainThread]: 
[0m06:04:03.908734 [debug] [MainThread]: Acquiring new postgres connection 'master'
[0m06:04:03.909195 [debug] [ThreadPool]: Acquiring new postgres connection 'list_postgres'
[0m06:04:03.946306 [debug] [ThreadPool]: Using postgres connection "list_postgres"
[0m06:04:03.946560 [debug] [ThreadPool]: On list_postgres: /* {"app": "dbt", "dbt_version": "1.10.19", "profile_name": "enpal_assessment_project", "target_name": "dev", "connection_name": "list_postgres"} */

    select distinct nspname from pg_namespace
  
[0m06:04:03.946715 [debug] [ThreadPool]: Opening a new connection, currently in state init
[0m06:04:03.985772 [debug] [ThreadPool]: SQL status: SELECT 5 in 0.039 seconds
[0m06:04:03.986583 [debug] [ThreadPool]: On list_postgres: Close
[0m06:04:03.989664 [debug] [ThreadPool]: Re-using an available connection from the pool (formerly list_postgres, now list_postgres_public_pipedrive_analytics)
[0m06:04:03.994032 [debug] [ThreadPool]: Using postgres connection "list_postgres_public_pipedrive_analytics"
[0m06:04:03.994229 [debug] [ThreadPool]: On list_postgres_public_pipedrive_analytics: BEGIN
[0m06:04:03.994388 [debug] [ThreadPool]: Opening a new connection, currently in state closed
[0m06:04:04.004130 [debug] [ThreadPool]: SQL status: BEGIN in 0.010 seconds
[0m06:04:04.004307 [debug] [ThreadPool]: Using postgres connection "list_postgres_public_pipedrive_analytics"
[0m06:04:04.004486 [debug] [ThreadPool]: On list_postgres_public_pipedrive_analytics: /* {"app": "dbt", "dbt_version": "1.10.19", "profile_name": "enpal_assessment_project", "target_name": "dev", "connection_name": "list_postgres_public_pipedrive_analytics"} */
select
      'postgres' as database,
      tablename as name,
      schemaname as schema,
      'table' as type
    from pg_tables
    where schemaname ilike 'public_pipedrive_analytics'
    union all
    select
      'postgres' as database,
      viewname as name,
      schemaname as schema,
      'view' as type
    from pg_views
    where schemaname ilike 'public_pipedrive_analytics'
    union all
    select
      'postgres' as database,
      matviewname as name,
      schemaname as schema,
      'materialized_view' as type
    from pg_matviews
    where schemaname ilike 'public_pipedrive_analytics'
  
[0m06:04:04.007772 [debug] [ThreadPool]: SQL status: SELECT 8 in 0.003 seconds
[0m06:04:04.008708 [debug] [ThreadPool]: On list_postgres_public_pipedrive_analytics: ROLLBACK
[0m06:04:04.009250 [debug] [ThreadPool]: On list_postgres_public_pipedrive_analytics: Close
[0m06:04:04.013891 [debug] [MainThread]: Using postgres connection "master"
[0m06:04:04.014141 [debug] [MainThread]: On master: BEGIN
[0m06:04:04.014325 [debug] [MainThread]: Opening a new connection, currently in state init
[0m06:04:04.023161 [debug] [MainThread]: SQL status: BEGIN in 0.009 seconds
[0m06:04:04.023399 [debug] [MainThread]: Using postgres connection "master"
[0m06:04:04.023653 [debug] [MainThread]: On master: /* {"app": "dbt", "dbt_version": "1.10.19", "profile_name": "enpal_assessment_project", "target_name": "dev", "connection_name": "master"} */
select distinct
        dependent_namespace.nspname as dependent_schema,
        dependent_class.relname as dependent_name,
        referenced_namespace.nspname as referenced_schema,
        referenced_class.relname as referenced_name

    -- Query for views: views are entries in pg_class with an entry in pg_rewrite, but we avoid
    -- a seq scan on pg_rewrite by leveraging the fact there is an "internal" row in pg_depend for
    -- the view...
    from pg_class as dependent_class
    join pg_namespace as dependent_namespace on dependent_namespace.oid = dependent_class.relnamespace
    join pg_depend as dependent_depend on dependent_depend.refobjid = dependent_class.oid
        and dependent_depend.classid = 'pg_rewrite'::regclass
        and dependent_depend.refclassid = 'pg_class'::regclass
        and dependent_depend.deptype = 'i'

    -- ... and via pg_depend (that has a row per column, hence the need for "distinct" above, and
    -- making sure to exclude the internal row to avoid a view appearing to depend on itself)...
    join pg_depend as joining_depend on joining_depend.objid = dependent_depend.objid
        and joining_depend.classid = 'pg_rewrite'::regclass
        and joining_depend.refclassid = 'pg_class'::regclass
        and joining_depend.refobjid != dependent_depend.refobjid

    -- ... we can find the tables they query from in pg_class, but excluding system tables. Note we
    -- don't need need to exclude _dependent_ system tables, because they only query from other
    -- system tables, and so are automatically excluded by excluding _referenced_ system tables
    join pg_class as referenced_class on referenced_class.oid = joining_depend.refobjid
    join pg_namespace as referenced_namespace on referenced_namespace.oid = referenced_class.relnamespace
        and referenced_namespace.nspname != 'information_schema'
        and referenced_namespace.nspname not like 'pg\_%'

    order by
        dependent_schema, dependent_name, referenced_schema, referenced_name;
[0m06:04:04.026167 [debug] [MainThread]: SQL status: SELECT 0 in 0.002 seconds
[0m06:04:04.026972 [debug] [MainThread]: Sending event: {'category': 'dbt', 'action': 'runnable_timing', 'label': 'df4045e0-c946-4ae3-8fc0-296b72f9f571', 'context': [<snowplow_tracker.self_describing_json.SelfDescribingJson object at 0x10a45b5e0>]}
[0m06:04:04.027277 [debug] [MainThread]: On master: ROLLBACK
[0m06:04:04.027763 [debug] [MainThread]: Using postgres connection "master"
[0m06:04:04.027994 [debug] [MainThread]: On master: BEGIN
[0m06:04:04.028693 [debug] [MainThread]: SQL status: BEGIN in 0.001 seconds
[0m06:04:04.028890 [debug] [MainThread]: On master: COMMIT
[0m06:04:04.029073 [debug] [MainThread]: Using postgres connection "master"
[0m06:04:04.029248 [debug] [MainThread]: On master: COMMIT
[0m06:04:04.029677 [debug] [MainThread]: SQL status: COMMIT in 0.000 seconds
[0m06:04:04.029889 [debug] [MainThread]: On master: Close
[0m06:04:04.031622 [debug] [Thread-1  ]: Began running node model.enpal_assessment_project.stg_deal_changes_details
[0m06:04:04.031999 [info ] [Thread-1  ]: 1 of 1 START sql table model public_pipedrive_analytics.stg_deal_changes_details  [RUN]
[0m06:04:04.032304 [debug] [Thread-1  ]: Re-using an available connection from the pool (formerly list_postgres_public_pipedrive_analytics, now model.enpal_assessment_project.stg_deal_changes_details)
[0m06:04:04.032543 [debug] [Thread-1  ]: Began compiling node model.enpal_assessment_project.stg_deal_changes_details
[0m06:04:04.038468 [debug] [Thread-1  ]: Writing injected SQL for node "model.enpal_assessment_project.stg_deal_changes_details"
[0m06:04:04.038936 [debug] [Thread-1  ]: Began executing node model.enpal_assessment_project.stg_deal_changes_details
[0m06:04:04.065215 [debug] [Thread-1  ]: Writing runtime sql for node "model.enpal_assessment_project.stg_deal_changes_details"
[0m06:04:04.065683 [debug] [Thread-1  ]: Using postgres connection "model.enpal_assessment_project.stg_deal_changes_details"
[0m06:04:04.065884 [debug] [Thread-1  ]: On model.enpal_assessment_project.stg_deal_changes_details: BEGIN
[0m06:04:04.066067 [debug] [Thread-1  ]: Opening a new connection, currently in state closed
[0m06:04:04.077618 [debug] [Thread-1  ]: SQL status: BEGIN in 0.012 seconds
[0m06:04:04.077892 [debug] [Thread-1  ]: Using postgres connection "model.enpal_assessment_project.stg_deal_changes_details"
[0m06:04:04.078207 [debug] [Thread-1  ]: On model.enpal_assessment_project.stg_deal_changes_details: /* {"app": "dbt", "dbt_version": "1.10.19", "profile_name": "enpal_assessment_project", "target_name": "dev", "node_id": "model.enpal_assessment_project.stg_deal_changes_details"} */

  
    

  create  table "postgres"."public_pipedrive_analytics"."stg_deal_changes_details__dbt_tmp"
  
  
    as
  
  (
    WITH DEAL_CHANGES_BASE AS (
SELECT 
    DC.deal_id, 
    DC.change_time, 
    DC.changed_field_key, 
    DC.new_value, 
    --- Group the add_time field changes
    COUNT(CASE WHEN DC.changed_field_key = 'add_time' THEN 1 END) OVER(PARTITION BY DC.deal_id ORDER BY DC.change_time) AS add_time_group, 
    --- Group the user_id field changes 
    COUNT(CASE WHEN DC.changed_field_key = 'user_id' THEN 1 END) OVER (PARTITION BY DC.deal_id ORDER BY DC.change_time) AS user_group, 
    --- Group for combined status (stage_id OR lost_reason)
    COUNT(CASE WHEN DC.changed_field_key IN ('stage_id', 'lost_reason') THEN 1 END) OVER (PARTITION BY DC.deal_id ORDER BY DC.change_time) as status_group 
FROM POSTGRES.PUBLIC_PIPEDRIVE_ANALYTICS.DEAL_CHANGES DC 
WHERE deal_id = 399956
), 
DEAL_CHANGES_BASE_TRANSFORM AS (
SELECT 
    DCB.deal_id,
    DCB.change_time,
    DCB.changed_field_key,
    DCB.new_value,
    -- Carry forward add_time, user_id, stage_id, lost_reason to form a record with the same value until it's next change occurs
    CAST(FIRST_VALUE(CASE WHEN DCB.changed_field_key = 'add_time' THEN DCB.new_value END) OVER (PARTITION BY DCB.deal_id, DCB.add_time_group ORDER BY DCB.change_time) AS TIMESTAMP) AS add_time, 
    COALESCE(CAST(FIRST_VALUE(CASE WHEN DCB.changed_field_key = 'user_id' THEN DCB.new_value END) OVER (PARTITION BY DCB.deal_id, DCB.user_group ORDER BY DCB.change_time) AS BIGINT), -1) AS user_id, 
    FIRST_VALUE(CASE WHEN DCB.changed_field_key IN ('stage_id', 'lost_reason') THEN DCB.changed_field_key END) OVER (PARTITION BY DCB.deal_id, DCB.status_group ORDER BY DCB.change_time) AS deal_status_type, 
    CAST(FIRST_VALUE(CASE WHEN DCB.changed_field_key IN ('stage_id', 'lost_reason') THEN DCB.new_value END) OVER (PARTITION BY DCB.deal_id, DCB.status_group ORDER BY DCB.change_time) AS INT) AS deal_status_value 
FROM DEAL_CHANGES_BASE DCB
ORDER BY 
    DCB.deal_id, 
    DCB.change_time
)
SELECT 
    BT.deal_id, 
    BT.change_time, 
    BT.changed_field_key, 
    BT.new_value, 
    BT.add_time, 
    BT.user_id, 
    BT.deal_status_type, 
    BT.deal_status_value, 
    U.name AS user_name, 
    U.email AS user_email, 
    S.stage_name
FROM DEAL_CHANGES_BASE_TRANSFORM BT
LEFT JOIN POSTGRES.PUBLIC_PIPEDRIVE_ANALYTICS.USERS U 
    ON U.id = BT.user_id 
LEFT JOIN (SELECT 'stage_id' AS status_type, stage_id, stage_name FROM POSTGRES.PUBLIC_PIPEDRIVE_ANALYTICS.STAGES
           
           UNION 
           
           SELECT 'lost_reason' AS status_type, reason_id, reason_label FROM POSTGRES.PUBLIC_PIPEDRIVE_ANALYTICS.STG_LOST_REASONS 
          ) S 
    ON S.status_type = COALESCE(BT.deal_status_type, 'XXXX') 
    AND S.stage_id = COALESCE(BT.deal_status_value, 0) 
ORDER BY 
    BT.deal_id, 
    BT.change_time
  );
  
[0m06:04:04.082512 [debug] [Thread-1  ]: SQL status: SELECT 17 in 0.004 seconds
[0m06:04:04.091270 [debug] [Thread-1  ]: Using postgres connection "model.enpal_assessment_project.stg_deal_changes_details"
[0m06:04:04.091542 [debug] [Thread-1  ]: On model.enpal_assessment_project.stg_deal_changes_details: /* {"app": "dbt", "dbt_version": "1.10.19", "profile_name": "enpal_assessment_project", "target_name": "dev", "node_id": "model.enpal_assessment_project.stg_deal_changes_details"} */
alter table "postgres"."public_pipedrive_analytics"."stg_deal_changes_details" rename to "stg_deal_changes_details__dbt_backup"
[0m06:04:04.092291 [debug] [Thread-1  ]: SQL status: ALTER TABLE in 0.001 seconds
[0m06:04:04.094540 [debug] [Thread-1  ]: Using postgres connection "model.enpal_assessment_project.stg_deal_changes_details"
[0m06:04:04.094774 [debug] [Thread-1  ]: On model.enpal_assessment_project.stg_deal_changes_details: /* {"app": "dbt", "dbt_version": "1.10.19", "profile_name": "enpal_assessment_project", "target_name": "dev", "node_id": "model.enpal_assessment_project.stg_deal_changes_details"} */
alter table "postgres"."public_pipedrive_analytics"."stg_deal_changes_details__dbt_tmp" rename to "stg_deal_changes_details"
[0m06:04:04.095369 [debug] [Thread-1  ]: SQL status: ALTER TABLE in 0.000 seconds
[0m06:04:04.106863 [debug] [Thread-1  ]: On model.enpal_assessment_project.stg_deal_changes_details: COMMIT
[0m06:04:04.107100 [debug] [Thread-1  ]: Using postgres connection "model.enpal_assessment_project.stg_deal_changes_details"
[0m06:04:04.107299 [debug] [Thread-1  ]: On model.enpal_assessment_project.stg_deal_changes_details: COMMIT
[0m06:04:04.109216 [debug] [Thread-1  ]: SQL status: COMMIT in 0.002 seconds
[0m06:04:04.113315 [debug] [Thread-1  ]: Applying DROP to: "postgres"."public_pipedrive_analytics"."stg_deal_changes_details__dbt_backup"
[0m06:04:04.116092 [debug] [Thread-1  ]: Using postgres connection "model.enpal_assessment_project.stg_deal_changes_details"
[0m06:04:04.116311 [debug] [Thread-1  ]: On model.enpal_assessment_project.stg_deal_changes_details: /* {"app": "dbt", "dbt_version": "1.10.19", "profile_name": "enpal_assessment_project", "target_name": "dev", "node_id": "model.enpal_assessment_project.stg_deal_changes_details"} */
drop table if exists "postgres"."public_pipedrive_analytics"."stg_deal_changes_details__dbt_backup" cascade
[0m06:04:04.119417 [debug] [Thread-1  ]: SQL status: DROP TABLE in 0.003 seconds
[0m06:04:04.121016 [debug] [Thread-1  ]: On model.enpal_assessment_project.stg_deal_changes_details: Close
[0m06:04:04.122389 [debug] [Thread-1  ]: Sending event: {'category': 'dbt', 'action': 'run_model', 'label': 'df4045e0-c946-4ae3-8fc0-296b72f9f571', 'context': [<snowplow_tracker.self_describing_json.SelfDescribingJson object at 0x10aa96ee0>]}
[0m06:04:04.122800 [info ] [Thread-1  ]: 1 of 1 OK created sql table model public_pipedrive_analytics.stg_deal_changes_details  [[32mSELECT 17[0m in 0.09s]
[0m06:04:04.123147 [debug] [Thread-1  ]: Finished running node model.enpal_assessment_project.stg_deal_changes_details
[0m06:04:04.123759 [debug] [MainThread]: Using postgres connection "master"
[0m06:04:04.123949 [debug] [MainThread]: On master: BEGIN
[0m06:04:04.124114 [debug] [MainThread]: Opening a new connection, currently in state closed
[0m06:04:04.133466 [debug] [MainThread]: SQL status: BEGIN in 0.009 seconds
[0m06:04:04.133662 [debug] [MainThread]: On master: COMMIT
[0m06:04:04.133842 [debug] [MainThread]: Using postgres connection "master"
[0m06:04:04.134014 [debug] [MainThread]: On master: COMMIT
[0m06:04:04.134543 [debug] [MainThread]: SQL status: COMMIT in 0.000 seconds
[0m06:04:04.134727 [debug] [MainThread]: On master: Close
[0m06:04:04.134969 [debug] [MainThread]: Connection 'master' was properly closed.
[0m06:04:04.135136 [debug] [MainThread]: Connection 'model.enpal_assessment_project.stg_deal_changes_details' was properly closed.
[0m06:04:04.135319 [info ] [MainThread]: 
[0m06:04:04.135509 [info ] [MainThread]: Finished running 1 table model in 0 hours 0 minutes and 0.23 seconds (0.23s).
[0m06:04:04.135922 [debug] [MainThread]: Command end result
[0m06:04:04.153114 [debug] [MainThread]: Wrote artifact WritableManifest to /Users/rajukaju/Projects/dbt_enpal_assessment/target/manifest.json
[0m06:04:04.154089 [debug] [MainThread]: Wrote artifact SemanticManifest to /Users/rajukaju/Projects/dbt_enpal_assessment/target/semantic_manifest.json
[0m06:04:04.158576 [debug] [MainThread]: Wrote artifact RunExecutionResult to /Users/rajukaju/Projects/dbt_enpal_assessment/target/run_results.json
[0m06:04:04.158760 [info ] [MainThread]: 
[0m06:04:04.158985 [info ] [MainThread]: [32mCompleted successfully[0m
[0m06:04:04.159155 [info ] [MainThread]: 
[0m06:04:04.159346 [info ] [MainThread]: Done. PASS=1 WARN=0 ERROR=0 SKIP=0 NO-OP=0 TOTAL=1
[0m06:04:04.161238 [debug] [MainThread]: Resource report: {"command_name": "run", "command_success": true, "command_wall_clock_time": 0.88291544, "process_in_blocks": "0", "process_kernel_time": 0.209183, "process_mem_max_rss": "130613248", "process_out_blocks": "0", "process_user_time": 1.439517}
[0m06:04:04.161473 [debug] [MainThread]: Command `dbt run` succeeded at 06:04:04.161427 after 0.88 seconds
[0m06:04:04.161688 [debug] [MainThread]: Sending event: {'category': 'dbt', 'action': 'invocation', 'label': 'end', 'context': [<snowplow_tracker.self_describing_json.SelfDescribingJson object at 0x1083e1220>, <snowplow_tracker.self_describing_json.SelfDescribingJson object at 0x108667670>, <snowplow_tracker.self_describing_json.SelfDescribingJson object at 0x10942a190>]}
[0m06:04:04.161902 [debug] [MainThread]: Flushing usage events
[0m06:04:05.333059 [debug] [MainThread]: An error was encountered while trying to flush usage events
[0m06:10:51.013433 [debug] [MainThread]: Sending event: {'category': 'dbt', 'action': 'invocation', 'label': 'start', 'context': [<snowplow_tracker.self_describing_json.SelfDescribingJson object at 0x10a7c9220>, <snowplow_tracker.self_describing_json.SelfDescribingJson object at 0x10b847ee0>, <snowplow_tracker.self_describing_json.SelfDescribingJson object at 0x10b847190>]}


============================== 06:10:51.016414 | e69ec22f-5e9c-499e-bc63-e577731ffae8 ==============================
[0m06:10:51.016414 [info ] [MainThread]: Running with dbt=1.10.19
[0m06:10:51.016765 [debug] [MainThread]: running dbt with arguments {'profiles_dir': '/Users/rajukaju/Projects/dbt_enpal_assessment', 'quiet': 'False', 'log_path': '/Users/rajukaju/Projects/dbt_enpal_assessment/logs', 'version_check': 'True', 'debug': 'False', 'warn_error': 'None', 'log_format': 'default', 'write_json': 'True', 'use_experimental_parser': 'False', 'indirect_selection': 'eager', 'send_anonymous_usage_stats': 'True', 'no_print': 'None', 'log_cache_events': 'False', 'empty': 'False', 'introspect': 'True', 'partial_parse': 'True', 'use_colors': 'True', 'fail_fast': 'False', 'cache_selected_only': 'False', 'invocation_command': 'dbt run -s stg_deal_changes_details.sql', 'static_parser': 'True', 'printer_width': '80', 'target_path': 'None', 'warn_error_options': 'WarnErrorOptionsV2(error=[], warn=[], silence=[])'}
[0m06:10:51.131692 [debug] [MainThread]: Sending event: {'category': 'dbt', 'action': 'project_id', 'label': 'e69ec22f-5e9c-499e-bc63-e577731ffae8', 'context': [<snowplow_tracker.self_describing_json.SelfDescribingJson object at 0x10b7cda60>]}
[0m06:10:51.168488 [debug] [MainThread]: Sending event: {'category': 'dbt', 'action': 'adapter_info', 'label': 'e69ec22f-5e9c-499e-bc63-e577731ffae8', 'context': [<snowplow_tracker.self_describing_json.SelfDescribingJson object at 0x10b81b1f0>]}
[0m06:10:51.169408 [info ] [MainThread]: Registered adapter: postgres=1.9.1
[0m06:10:51.240536 [debug] [MainThread]: checksum: c35ba6d374a0901ceb00688d5179d5550885e1756283b03e5e81c28e0d8d2248, vars: {}, profile: , target: , version: 1.10.19
[0m06:10:51.335475 [debug] [MainThread]: Partial parsing enabled: 0 files deleted, 0 files added, 0 files changed.
[0m06:10:51.335721 [debug] [MainThread]: Partial parsing enabled, no changes found, skipping parsing
[0m06:10:51.361690 [debug] [MainThread]: Sending event: {'category': 'dbt', 'action': 'load_project', 'label': 'e69ec22f-5e9c-499e-bc63-e577731ffae8', 'context': [<snowplow_tracker.self_describing_json.SelfDescribingJson object at 0x10c8b1130>]}
[0m06:10:51.417198 [debug] [MainThread]: Wrote artifact WritableManifest to /Users/rajukaju/Projects/dbt_enpal_assessment/target/manifest.json
[0m06:10:51.418646 [debug] [MainThread]: Wrote artifact SemanticManifest to /Users/rajukaju/Projects/dbt_enpal_assessment/target/semantic_manifest.json
[0m06:10:51.430232 [debug] [MainThread]: Sending event: {'category': 'dbt', 'action': 'resource_counts', 'label': 'e69ec22f-5e9c-499e-bc63-e577731ffae8', 'context': [<snowplow_tracker.self_describing_json.SelfDescribingJson object at 0x10c8b14c0>]}
[0m06:10:51.430538 [info ] [MainThread]: Found 8 models, 6 sources, 447 macros
[0m06:10:51.430732 [debug] [MainThread]: Sending event: {'category': 'dbt', 'action': 'runnable_timing', 'label': 'e69ec22f-5e9c-499e-bc63-e577731ffae8', 'context': [<snowplow_tracker.self_describing_json.SelfDescribingJson object at 0x10c89fdc0>]}
[0m06:10:51.431571 [info ] [MainThread]: 
[0m06:10:51.431763 [info ] [MainThread]: Concurrency: 1 threads (target='dev')
[0m06:10:51.431922 [info ] [MainThread]: 
[0m06:10:51.432203 [debug] [MainThread]: Acquiring new postgres connection 'master'
[0m06:10:51.432698 [debug] [ThreadPool]: Acquiring new postgres connection 'list_postgres'
[0m06:10:51.497411 [debug] [ThreadPool]: Using postgres connection "list_postgres"
[0m06:10:51.497656 [debug] [ThreadPool]: On list_postgres: /* {"app": "dbt", "dbt_version": "1.10.19", "profile_name": "enpal_assessment_project", "target_name": "dev", "connection_name": "list_postgres"} */

    select distinct nspname from pg_namespace
  
[0m06:10:51.497814 [debug] [ThreadPool]: Opening a new connection, currently in state init
[0m06:10:51.537291 [debug] [ThreadPool]: SQL status: SELECT 5 in 0.039 seconds
[0m06:10:51.538156 [debug] [ThreadPool]: On list_postgres: Close
[0m06:10:51.541376 [debug] [ThreadPool]: Re-using an available connection from the pool (formerly list_postgres, now list_postgres_public_pipedrive_analytics)
[0m06:10:51.545595 [debug] [ThreadPool]: Using postgres connection "list_postgres_public_pipedrive_analytics"
[0m06:10:51.545789 [debug] [ThreadPool]: On list_postgres_public_pipedrive_analytics: BEGIN
[0m06:10:51.545949 [debug] [ThreadPool]: Opening a new connection, currently in state closed
[0m06:10:51.555663 [debug] [ThreadPool]: SQL status: BEGIN in 0.010 seconds
[0m06:10:51.555874 [debug] [ThreadPool]: Using postgres connection "list_postgres_public_pipedrive_analytics"
[0m06:10:51.556081 [debug] [ThreadPool]: On list_postgres_public_pipedrive_analytics: /* {"app": "dbt", "dbt_version": "1.10.19", "profile_name": "enpal_assessment_project", "target_name": "dev", "connection_name": "list_postgres_public_pipedrive_analytics"} */
select
      'postgres' as database,
      tablename as name,
      schemaname as schema,
      'table' as type
    from pg_tables
    where schemaname ilike 'public_pipedrive_analytics'
    union all
    select
      'postgres' as database,
      viewname as name,
      schemaname as schema,
      'view' as type
    from pg_views
    where schemaname ilike 'public_pipedrive_analytics'
    union all
    select
      'postgres' as database,
      matviewname as name,
      schemaname as schema,
      'materialized_view' as type
    from pg_matviews
    where schemaname ilike 'public_pipedrive_analytics'
  
[0m06:10:51.558951 [debug] [ThreadPool]: SQL status: SELECT 8 in 0.003 seconds
[0m06:10:51.559951 [debug] [ThreadPool]: On list_postgres_public_pipedrive_analytics: ROLLBACK
[0m06:10:51.560470 [debug] [ThreadPool]: On list_postgres_public_pipedrive_analytics: Close
[0m06:10:51.565195 [debug] [MainThread]: Using postgres connection "master"
[0m06:10:51.565425 [debug] [MainThread]: On master: BEGIN
[0m06:10:51.565596 [debug] [MainThread]: Opening a new connection, currently in state init
[0m06:10:51.573000 [debug] [MainThread]: SQL status: BEGIN in 0.007 seconds
[0m06:10:51.573243 [debug] [MainThread]: Using postgres connection "master"
[0m06:10:51.573486 [debug] [MainThread]: On master: /* {"app": "dbt", "dbt_version": "1.10.19", "profile_name": "enpal_assessment_project", "target_name": "dev", "connection_name": "master"} */
select distinct
        dependent_namespace.nspname as dependent_schema,
        dependent_class.relname as dependent_name,
        referenced_namespace.nspname as referenced_schema,
        referenced_class.relname as referenced_name

    -- Query for views: views are entries in pg_class with an entry in pg_rewrite, but we avoid
    -- a seq scan on pg_rewrite by leveraging the fact there is an "internal" row in pg_depend for
    -- the view...
    from pg_class as dependent_class
    join pg_namespace as dependent_namespace on dependent_namespace.oid = dependent_class.relnamespace
    join pg_depend as dependent_depend on dependent_depend.refobjid = dependent_class.oid
        and dependent_depend.classid = 'pg_rewrite'::regclass
        and dependent_depend.refclassid = 'pg_class'::regclass
        and dependent_depend.deptype = 'i'

    -- ... and via pg_depend (that has a row per column, hence the need for "distinct" above, and
    -- making sure to exclude the internal row to avoid a view appearing to depend on itself)...
    join pg_depend as joining_depend on joining_depend.objid = dependent_depend.objid
        and joining_depend.classid = 'pg_rewrite'::regclass
        and joining_depend.refclassid = 'pg_class'::regclass
        and joining_depend.refobjid != dependent_depend.refobjid

    -- ... we can find the tables they query from in pg_class, but excluding system tables. Note we
    -- don't need need to exclude _dependent_ system tables, because they only query from other
    -- system tables, and so are automatically excluded by excluding _referenced_ system tables
    join pg_class as referenced_class on referenced_class.oid = joining_depend.refobjid
    join pg_namespace as referenced_namespace on referenced_namespace.oid = referenced_class.relnamespace
        and referenced_namespace.nspname != 'information_schema'
        and referenced_namespace.nspname not like 'pg\_%'

    order by
        dependent_schema, dependent_name, referenced_schema, referenced_name;
[0m06:10:51.576012 [debug] [MainThread]: SQL status: SELECT 0 in 0.002 seconds
[0m06:10:51.576847 [debug] [MainThread]: Sending event: {'category': 'dbt', 'action': 'runnable_timing', 'label': 'e69ec22f-5e9c-499e-bc63-e577731ffae8', 'context': [<snowplow_tracker.self_describing_json.SelfDescribingJson object at 0x1092358e0>]}
[0m06:10:51.577173 [debug] [MainThread]: On master: ROLLBACK
[0m06:10:51.577691 [debug] [MainThread]: Using postgres connection "master"
[0m06:10:51.577898 [debug] [MainThread]: On master: BEGIN
[0m06:10:51.578585 [debug] [MainThread]: SQL status: BEGIN in 0.000 seconds
[0m06:10:51.578781 [debug] [MainThread]: On master: COMMIT
[0m06:10:51.578968 [debug] [MainThread]: Using postgres connection "master"
[0m06:10:51.579145 [debug] [MainThread]: On master: COMMIT
[0m06:10:51.579629 [debug] [MainThread]: SQL status: COMMIT in 0.000 seconds
[0m06:10:51.579874 [debug] [MainThread]: On master: Close
[0m06:10:51.583466 [debug] [Thread-1  ]: Began running node model.enpal_assessment_project.stg_deal_changes_details
[0m06:10:51.583841 [info ] [Thread-1  ]: 1 of 1 START sql table model public_pipedrive_analytics.stg_deal_changes_details  [RUN]
[0m06:10:51.584154 [debug] [Thread-1  ]: Re-using an available connection from the pool (formerly list_postgres_public_pipedrive_analytics, now model.enpal_assessment_project.stg_deal_changes_details)
[0m06:10:51.584394 [debug] [Thread-1  ]: Began compiling node model.enpal_assessment_project.stg_deal_changes_details
[0m06:10:51.590160 [debug] [Thread-1  ]: Writing injected SQL for node "model.enpal_assessment_project.stg_deal_changes_details"
[0m06:10:51.590787 [debug] [Thread-1  ]: Began executing node model.enpal_assessment_project.stg_deal_changes_details
[0m06:10:51.616572 [debug] [Thread-1  ]: Writing runtime sql for node "model.enpal_assessment_project.stg_deal_changes_details"
[0m06:10:51.617017 [debug] [Thread-1  ]: Using postgres connection "model.enpal_assessment_project.stg_deal_changes_details"
[0m06:10:51.617220 [debug] [Thread-1  ]: On model.enpal_assessment_project.stg_deal_changes_details: BEGIN
[0m06:10:51.617406 [debug] [Thread-1  ]: Opening a new connection, currently in state closed
[0m06:10:51.627625 [debug] [Thread-1  ]: SQL status: BEGIN in 0.010 seconds
[0m06:10:51.627876 [debug] [Thread-1  ]: Using postgres connection "model.enpal_assessment_project.stg_deal_changes_details"
[0m06:10:51.628165 [debug] [Thread-1  ]: On model.enpal_assessment_project.stg_deal_changes_details: /* {"app": "dbt", "dbt_version": "1.10.19", "profile_name": "enpal_assessment_project", "target_name": "dev", "node_id": "model.enpal_assessment_project.stg_deal_changes_details"} */

  
    

  create  table "postgres"."public_pipedrive_analytics"."stg_deal_changes_details__dbt_tmp"
  
  
    as
  
  (
    WITH DEAL_CHANGES_BASE AS (
SELECT 
    DC.deal_id, 
    DC.change_time, 
    DC.changed_field_key, 
    DC.new_value, 
    --- Group the add_time field changes
    COUNT(CASE WHEN DC.changed_field_key = 'add_time' THEN 1 END) OVER(PARTITION BY DC.deal_id ORDER BY DC.change_time) AS add_time_group, 
    --- Group the user_id field changes 
    COUNT(CASE WHEN DC.changed_field_key = 'user_id' THEN 1 END) OVER (PARTITION BY DC.deal_id ORDER BY DC.change_time) AS user_group, 
    --- Group for combined status (stage_id OR lost_reason)
    COUNT(CASE WHEN DC.changed_field_key IN ('stage_id', 'lost_reason') THEN 1 END) OVER (PARTITION BY DC.deal_id ORDER BY DC.change_time) as status_group 
FROM POSTGRES.PUBLIC_PIPEDRIVE_ANALYTICS.DEAL_CHANGES DC 
WHERE deal_id = 399956
), 
DEAL_CHANGES_BASE_TRANSFORM AS (
SELECT 
    DCB.deal_id,
    DCB.change_time,
    DCB.changed_field_key,
    DCB.new_value,
    -- Carry forward add_time, user_id, stage_id, lost_reason to form a record with the same value until it's next change occurs
    CAST(FIRST_VALUE(CASE WHEN DCB.changed_field_key = 'add_time' THEN DCB.new_value END) OVER (PARTITION BY DCB.deal_id, DCB.add_time_group ORDER BY DCB.change_time) AS TIMESTAMP) AS add_time, 
    COALESCE(CAST(FIRST_VALUE(CASE WHEN DCB.changed_field_key = 'user_id' THEN DCB.new_value END) OVER (PARTITION BY DCB.deal_id, DCB.user_group ORDER BY DCB.change_time) AS BIGINT), -1) AS user_id, 
    FIRST_VALUE(CASE WHEN DCB.changed_field_key IN ('stage_id', 'lost_reason') THEN DCB.changed_field_key END) OVER (PARTITION BY DCB.deal_id, DCB.status_group ORDER BY DCB.change_time) AS deal_status_type, 
    CAST(FIRST_VALUE(CASE WHEN DCB.changed_field_key IN ('stage_id', 'lost_reason') THEN DCB.new_value END) OVER (PARTITION BY DCB.deal_id, DCB.status_group ORDER BY DCB.change_time) AS INT) AS deal_status_value 
FROM DEAL_CHANGES_BASE DCB
ORDER BY 
    DCB.deal_id, 
    DCB.change_time
)
SELECT 
    BT.deal_id, 
    BT.change_time, 
    BT.changed_field_key, 
    BT.new_value, 
    BT.add_time, 
    BT.user_id, 
    BT.deal_status_type, 
    BT.deal_status_value, 
    U.name AS user_name, 
    U.email AS user_email, 
    S.stage_name
FROM DEAL_CHANGES_BASE_TRANSFORM BT
LEFT JOIN POSTGRES.PUBLIC_PIPEDRIVE_ANALYTICS.USERS U 
    ON U.id = BT.user_id 
LEFT JOIN (SELECT 'stage_id' AS status_type, stage_id, stage_name FROM POSTGRES.PUBLIC_PIPEDRIVE_ANALYTICS.STAGES
           
           UNION 
           
           SELECT 'lost_reason' AS status_type, reason_id, reason_label FROM POSTGRES.PUBLIC_PIPEDRIVE_ANALYTICS.STG_LOST_REASONS 
          ) S 
    ON S.status_type = COALESCE(BT.deal_status_type, 'XXXX') 
    AND S.stage_id = COALESCE(BT.deal_status_value, 0) 
ORDER BY 
    BT.deal_id, 
    BT.change_time
  );
  
[0m06:10:51.637988 [debug] [Thread-1  ]: SQL status: SELECT 17 in 0.010 seconds
[0m06:10:51.645568 [debug] [Thread-1  ]: Using postgres connection "model.enpal_assessment_project.stg_deal_changes_details"
[0m06:10:51.645885 [debug] [Thread-1  ]: On model.enpal_assessment_project.stg_deal_changes_details: /* {"app": "dbt", "dbt_version": "1.10.19", "profile_name": "enpal_assessment_project", "target_name": "dev", "node_id": "model.enpal_assessment_project.stg_deal_changes_details"} */
alter table "postgres"."public_pipedrive_analytics"."stg_deal_changes_details" rename to "stg_deal_changes_details__dbt_backup"
[0m06:10:51.646719 [debug] [Thread-1  ]: SQL status: ALTER TABLE in 0.001 seconds
[0m06:10:51.648851 [debug] [Thread-1  ]: Using postgres connection "model.enpal_assessment_project.stg_deal_changes_details"
[0m06:10:51.649072 [debug] [Thread-1  ]: On model.enpal_assessment_project.stg_deal_changes_details: /* {"app": "dbt", "dbt_version": "1.10.19", "profile_name": "enpal_assessment_project", "target_name": "dev", "node_id": "model.enpal_assessment_project.stg_deal_changes_details"} */
alter table "postgres"."public_pipedrive_analytics"."stg_deal_changes_details__dbt_tmp" rename to "stg_deal_changes_details"
[0m06:10:51.649626 [debug] [Thread-1  ]: SQL status: ALTER TABLE in 0.000 seconds
[0m06:10:51.661031 [debug] [Thread-1  ]: On model.enpal_assessment_project.stg_deal_changes_details: COMMIT
[0m06:10:51.661271 [debug] [Thread-1  ]: Using postgres connection "model.enpal_assessment_project.stg_deal_changes_details"
[0m06:10:51.661477 [debug] [Thread-1  ]: On model.enpal_assessment_project.stg_deal_changes_details: COMMIT
[0m06:10:51.663796 [debug] [Thread-1  ]: SQL status: COMMIT in 0.002 seconds
[0m06:10:51.668255 [debug] [Thread-1  ]: Applying DROP to: "postgres"."public_pipedrive_analytics"."stg_deal_changes_details__dbt_backup"
[0m06:10:51.671275 [debug] [Thread-1  ]: Using postgres connection "model.enpal_assessment_project.stg_deal_changes_details"
[0m06:10:51.671504 [debug] [Thread-1  ]: On model.enpal_assessment_project.stg_deal_changes_details: /* {"app": "dbt", "dbt_version": "1.10.19", "profile_name": "enpal_assessment_project", "target_name": "dev", "node_id": "model.enpal_assessment_project.stg_deal_changes_details"} */
drop table if exists "postgres"."public_pipedrive_analytics"."stg_deal_changes_details__dbt_backup" cascade
[0m06:10:51.675264 [debug] [Thread-1  ]: SQL status: DROP TABLE in 0.004 seconds
[0m06:10:51.676874 [debug] [Thread-1  ]: On model.enpal_assessment_project.stg_deal_changes_details: Close
[0m06:10:51.678249 [debug] [Thread-1  ]: Sending event: {'category': 'dbt', 'action': 'run_model', 'label': 'e69ec22f-5e9c-499e-bc63-e577731ffae8', 'context': [<snowplow_tracker.self_describing_json.SelfDescribingJson object at 0x10ccbc820>]}
[0m06:10:51.678659 [info ] [Thread-1  ]: 1 of 1 OK created sql table model public_pipedrive_analytics.stg_deal_changes_details  [[32mSELECT 17[0m in 0.09s]
[0m06:10:51.679010 [debug] [Thread-1  ]: Finished running node model.enpal_assessment_project.stg_deal_changes_details
[0m06:10:51.679596 [debug] [MainThread]: Using postgres connection "master"
[0m06:10:51.679778 [debug] [MainThread]: On master: BEGIN
[0m06:10:51.679941 [debug] [MainThread]: Opening a new connection, currently in state closed
[0m06:10:51.689368 [debug] [MainThread]: SQL status: BEGIN in 0.009 seconds
[0m06:10:51.689561 [debug] [MainThread]: On master: COMMIT
[0m06:10:51.689730 [debug] [MainThread]: Using postgres connection "master"
[0m06:10:51.689889 [debug] [MainThread]: On master: COMMIT
[0m06:10:51.690326 [debug] [MainThread]: SQL status: COMMIT in 0.000 seconds
[0m06:10:51.690499 [debug] [MainThread]: On master: Close
[0m06:10:51.690731 [debug] [MainThread]: Connection 'master' was properly closed.
[0m06:10:51.690890 [debug] [MainThread]: Connection 'model.enpal_assessment_project.stg_deal_changes_details' was properly closed.
[0m06:10:51.691065 [info ] [MainThread]: 
[0m06:10:51.691251 [info ] [MainThread]: Finished running 1 table model in 0 hours 0 minutes and 0.26 seconds (0.26s).
[0m06:10:51.691649 [debug] [MainThread]: Command end result
[0m06:10:51.709307 [debug] [MainThread]: Wrote artifact WritableManifest to /Users/rajukaju/Projects/dbt_enpal_assessment/target/manifest.json
[0m06:10:51.710295 [debug] [MainThread]: Wrote artifact SemanticManifest to /Users/rajukaju/Projects/dbt_enpal_assessment/target/semantic_manifest.json
[0m06:10:51.714644 [debug] [MainThread]: Wrote artifact RunExecutionResult to /Users/rajukaju/Projects/dbt_enpal_assessment/target/run_results.json
[0m06:10:51.714849 [info ] [MainThread]: 
[0m06:10:51.715087 [info ] [MainThread]: [32mCompleted successfully[0m
[0m06:10:51.715265 [info ] [MainThread]: 
[0m06:10:51.715450 [info ] [MainThread]: Done. PASS=1 WARN=0 ERROR=0 SKIP=0 NO-OP=0 TOTAL=1
[0m06:10:51.717564 [debug] [MainThread]: Resource report: {"command_name": "run", "command_success": true, "command_wall_clock_time": 0.751433, "process_in_blocks": "0", "process_kernel_time": 0.204016, "process_mem_max_rss": "126795776", "process_out_blocks": "0", "process_user_time": 1.296616}
[0m06:10:51.717797 [debug] [MainThread]: Command `dbt run` succeeded at 06:10:51.717749 after 0.75 seconds
[0m06:10:51.718008 [debug] [MainThread]: Sending event: {'category': 'dbt', 'action': 'invocation', 'label': 'end', 'context': [<snowplow_tracker.self_describing_json.SelfDescribingJson object at 0x10a7c9220>, <snowplow_tracker.self_describing_json.SelfDescribingJson object at 0x10a8f0a60>, <snowplow_tracker.self_describing_json.SelfDescribingJson object at 0x10b81b1f0>]}
[0m06:10:51.718219 [debug] [MainThread]: Flushing usage events
[0m06:10:52.593622 [debug] [MainThread]: An error was encountered while trying to flush usage events
[0m06:15:32.936335 [debug] [MainThread]: Sending event: {'category': 'dbt', 'action': 'invocation', 'label': 'start', 'context': [<snowplow_tracker.self_describing_json.SelfDescribingJson object at 0x107f31280>, <snowplow_tracker.self_describing_json.SelfDescribingJson object at 0x108fafe80>, <snowplow_tracker.self_describing_json.SelfDescribingJson object at 0x108faf250>]}


============================== 06:15:32.939338 | 6860e4a5-2933-4f39-8410-91642009bcbf ==============================
[0m06:15:32.939338 [info ] [MainThread]: Running with dbt=1.10.19
[0m06:15:32.939689 [debug] [MainThread]: running dbt with arguments {'no_print': 'None', 'use_colors': 'True', 'write_json': 'True', 'profiles_dir': '/Users/rajukaju/Projects/dbt_enpal_assessment', 'quiet': 'False', 'partial_parse': 'True', 'static_parser': 'True', 'printer_width': '80', 'introspect': 'True', 'warn_error_options': 'WarnErrorOptionsV2(error=[], warn=[], silence=[])', 'target_path': 'None', 'debug': 'False', 'log_cache_events': 'False', 'invocation_command': 'dbt run -s stg_deal_changes_details.sql', 'send_anonymous_usage_stats': 'True', 'log_path': '/Users/rajukaju/Projects/dbt_enpal_assessment/logs', 'version_check': 'True', 'use_experimental_parser': 'False', 'empty': 'False', 'cache_selected_only': 'False', 'warn_error': 'None', 'log_format': 'default', 'fail_fast': 'False', 'indirect_selection': 'eager'}
[0m06:15:33.056954 [debug] [MainThread]: Sending event: {'category': 'dbt', 'action': 'project_id', 'label': '6860e4a5-2933-4f39-8410-91642009bcbf', 'context': [<snowplow_tracker.self_describing_json.SelfDescribingJson object at 0x108f8a460>]}
[0m06:15:33.093708 [debug] [MainThread]: Sending event: {'category': 'dbt', 'action': 'adapter_info', 'label': '6860e4a5-2933-4f39-8410-91642009bcbf', 'context': [<snowplow_tracker.self_describing_json.SelfDescribingJson object at 0x108822670>]}
[0m06:15:33.094525 [info ] [MainThread]: Registered adapter: postgres=1.9.1
[0m06:15:33.166144 [debug] [MainThread]: checksum: c35ba6d374a0901ceb00688d5179d5550885e1756283b03e5e81c28e0d8d2248, vars: {}, profile: , target: , version: 1.10.19
[0m06:15:33.260610 [debug] [MainThread]: Partial parsing enabled: 0 files deleted, 0 files added, 1 files changed.
[0m06:15:33.260987 [debug] [MainThread]: Partial parsing: updated file: enpal_assessment_project://models/silver_stage/stg_deal_changes_details.sql
[0m06:15:33.449533 [debug] [MainThread]: Sending event: {'category': 'dbt', 'action': 'load_project', 'label': '6860e4a5-2933-4f39-8410-91642009bcbf', 'context': [<snowplow_tracker.self_describing_json.SelfDescribingJson object at 0x109f49ca0>]}
[0m06:15:33.503171 [debug] [MainThread]: Wrote artifact WritableManifest to /Users/rajukaju/Projects/dbt_enpal_assessment/target/manifest.json
[0m06:15:33.504600 [debug] [MainThread]: Wrote artifact SemanticManifest to /Users/rajukaju/Projects/dbt_enpal_assessment/target/semantic_manifest.json
[0m06:15:33.516500 [debug] [MainThread]: Sending event: {'category': 'dbt', 'action': 'resource_counts', 'label': '6860e4a5-2933-4f39-8410-91642009bcbf', 'context': [<snowplow_tracker.self_describing_json.SelfDescribingJson object at 0x108f3cbe0>]}
[0m06:15:33.516800 [info ] [MainThread]: Found 8 models, 6 sources, 447 macros
[0m06:15:33.516996 [debug] [MainThread]: Sending event: {'category': 'dbt', 'action': 'runnable_timing', 'label': '6860e4a5-2933-4f39-8410-91642009bcbf', 'context': [<snowplow_tracker.self_describing_json.SelfDescribingJson object at 0x10a14aca0>]}
[0m06:15:33.517821 [info ] [MainThread]: 
[0m06:15:33.518016 [info ] [MainThread]: Concurrency: 1 threads (target='dev')
[0m06:15:33.518178 [info ] [MainThread]: 
[0m06:15:33.518454 [debug] [MainThread]: Acquiring new postgres connection 'master'
[0m06:15:33.518914 [debug] [ThreadPool]: Acquiring new postgres connection 'list_postgres'
[0m06:15:33.556938 [debug] [ThreadPool]: Using postgres connection "list_postgres"
[0m06:15:33.557204 [debug] [ThreadPool]: On list_postgres: /* {"app": "dbt", "dbt_version": "1.10.19", "profile_name": "enpal_assessment_project", "target_name": "dev", "connection_name": "list_postgres"} */

    select distinct nspname from pg_namespace
  
[0m06:15:33.557362 [debug] [ThreadPool]: Opening a new connection, currently in state init
[0m06:15:33.599918 [debug] [ThreadPool]: SQL status: SELECT 5 in 0.042 seconds
[0m06:15:33.600820 [debug] [ThreadPool]: On list_postgres: Close
[0m06:15:33.604210 [debug] [ThreadPool]: Re-using an available connection from the pool (formerly list_postgres, now list_postgres_public_pipedrive_analytics)
[0m06:15:33.608555 [debug] [ThreadPool]: Using postgres connection "list_postgres_public_pipedrive_analytics"
[0m06:15:33.608779 [debug] [ThreadPool]: On list_postgres_public_pipedrive_analytics: BEGIN
[0m06:15:33.608955 [debug] [ThreadPool]: Opening a new connection, currently in state closed
[0m06:15:33.620595 [debug] [ThreadPool]: SQL status: BEGIN in 0.011 seconds
[0m06:15:33.620975 [debug] [ThreadPool]: Using postgres connection "list_postgres_public_pipedrive_analytics"
[0m06:15:33.621209 [debug] [ThreadPool]: On list_postgres_public_pipedrive_analytics: /* {"app": "dbt", "dbt_version": "1.10.19", "profile_name": "enpal_assessment_project", "target_name": "dev", "connection_name": "list_postgres_public_pipedrive_analytics"} */
select
      'postgres' as database,
      tablename as name,
      schemaname as schema,
      'table' as type
    from pg_tables
    where schemaname ilike 'public_pipedrive_analytics'
    union all
    select
      'postgres' as database,
      viewname as name,
      schemaname as schema,
      'view' as type
    from pg_views
    where schemaname ilike 'public_pipedrive_analytics'
    union all
    select
      'postgres' as database,
      matviewname as name,
      schemaname as schema,
      'materialized_view' as type
    from pg_matviews
    where schemaname ilike 'public_pipedrive_analytics'
  
[0m06:15:33.624039 [debug] [ThreadPool]: SQL status: SELECT 8 in 0.003 seconds
[0m06:15:33.625077 [debug] [ThreadPool]: On list_postgres_public_pipedrive_analytics: ROLLBACK
[0m06:15:33.625599 [debug] [ThreadPool]: On list_postgres_public_pipedrive_analytics: Close
[0m06:15:33.630335 [debug] [MainThread]: Using postgres connection "master"
[0m06:15:33.630582 [debug] [MainThread]: On master: BEGIN
[0m06:15:33.630756 [debug] [MainThread]: Opening a new connection, currently in state init
[0m06:15:33.637995 [debug] [MainThread]: SQL status: BEGIN in 0.007 seconds
[0m06:15:33.638243 [debug] [MainThread]: Using postgres connection "master"
[0m06:15:33.638500 [debug] [MainThread]: On master: /* {"app": "dbt", "dbt_version": "1.10.19", "profile_name": "enpal_assessment_project", "target_name": "dev", "connection_name": "master"} */
select distinct
        dependent_namespace.nspname as dependent_schema,
        dependent_class.relname as dependent_name,
        referenced_namespace.nspname as referenced_schema,
        referenced_class.relname as referenced_name

    -- Query for views: views are entries in pg_class with an entry in pg_rewrite, but we avoid
    -- a seq scan on pg_rewrite by leveraging the fact there is an "internal" row in pg_depend for
    -- the view...
    from pg_class as dependent_class
    join pg_namespace as dependent_namespace on dependent_namespace.oid = dependent_class.relnamespace
    join pg_depend as dependent_depend on dependent_depend.refobjid = dependent_class.oid
        and dependent_depend.classid = 'pg_rewrite'::regclass
        and dependent_depend.refclassid = 'pg_class'::regclass
        and dependent_depend.deptype = 'i'

    -- ... and via pg_depend (that has a row per column, hence the need for "distinct" above, and
    -- making sure to exclude the internal row to avoid a view appearing to depend on itself)...
    join pg_depend as joining_depend on joining_depend.objid = dependent_depend.objid
        and joining_depend.classid = 'pg_rewrite'::regclass
        and joining_depend.refclassid = 'pg_class'::regclass
        and joining_depend.refobjid != dependent_depend.refobjid

    -- ... we can find the tables they query from in pg_class, but excluding system tables. Note we
    -- don't need need to exclude _dependent_ system tables, because they only query from other
    -- system tables, and so are automatically excluded by excluding _referenced_ system tables
    join pg_class as referenced_class on referenced_class.oid = joining_depend.refobjid
    join pg_namespace as referenced_namespace on referenced_namespace.oid = referenced_class.relnamespace
        and referenced_namespace.nspname != 'information_schema'
        and referenced_namespace.nspname not like 'pg\_%'

    order by
        dependent_schema, dependent_name, referenced_schema, referenced_name;
[0m06:15:33.641073 [debug] [MainThread]: SQL status: SELECT 0 in 0.002 seconds
[0m06:15:33.641912 [debug] [MainThread]: Sending event: {'category': 'dbt', 'action': 'runnable_timing', 'label': '6860e4a5-2933-4f39-8410-91642009bcbf', 'context': [<snowplow_tracker.self_describing_json.SelfDescribingJson object at 0x108f52f10>]}
[0m06:15:33.642233 [debug] [MainThread]: On master: ROLLBACK
[0m06:15:33.642716 [debug] [MainThread]: Using postgres connection "master"
[0m06:15:33.642919 [debug] [MainThread]: On master: BEGIN
[0m06:15:33.643587 [debug] [MainThread]: SQL status: BEGIN in 0.000 seconds
[0m06:15:33.643783 [debug] [MainThread]: On master: COMMIT
[0m06:15:33.643967 [debug] [MainThread]: Using postgres connection "master"
[0m06:15:33.644143 [debug] [MainThread]: On master: COMMIT
[0m06:15:33.644552 [debug] [MainThread]: SQL status: COMMIT in 0.000 seconds
[0m06:15:33.644749 [debug] [MainThread]: On master: Close
[0m06:15:33.646631 [debug] [Thread-1  ]: Began running node model.enpal_assessment_project.stg_deal_changes_details
[0m06:15:33.647083 [info ] [Thread-1  ]: 1 of 1 START sql table model public_pipedrive_analytics.stg_deal_changes_details  [RUN]
[0m06:15:33.647416 [debug] [Thread-1  ]: Re-using an available connection from the pool (formerly list_postgres_public_pipedrive_analytics, now model.enpal_assessment_project.stg_deal_changes_details)
[0m06:15:33.647652 [debug] [Thread-1  ]: Began compiling node model.enpal_assessment_project.stg_deal_changes_details
[0m06:15:33.654899 [debug] [Thread-1  ]: Writing injected SQL for node "model.enpal_assessment_project.stg_deal_changes_details"
[0m06:15:33.655490 [debug] [Thread-1  ]: Began executing node model.enpal_assessment_project.stg_deal_changes_details
[0m06:15:33.681486 [debug] [Thread-1  ]: Writing runtime sql for node "model.enpal_assessment_project.stg_deal_changes_details"
[0m06:15:33.682046 [debug] [Thread-1  ]: Using postgres connection "model.enpal_assessment_project.stg_deal_changes_details"
[0m06:15:33.682254 [debug] [Thread-1  ]: On model.enpal_assessment_project.stg_deal_changes_details: BEGIN
[0m06:15:33.682443 [debug] [Thread-1  ]: Opening a new connection, currently in state closed
[0m06:15:33.689304 [debug] [Thread-1  ]: SQL status: BEGIN in 0.007 seconds
[0m06:15:33.689583 [debug] [Thread-1  ]: Using postgres connection "model.enpal_assessment_project.stg_deal_changes_details"
[0m06:15:33.689882 [debug] [Thread-1  ]: On model.enpal_assessment_project.stg_deal_changes_details: /* {"app": "dbt", "dbt_version": "1.10.19", "profile_name": "enpal_assessment_project", "target_name": "dev", "node_id": "model.enpal_assessment_project.stg_deal_changes_details"} */

  
    

  create  table "postgres"."public_pipedrive_analytics"."stg_deal_changes_details__dbt_tmp"
  
  
    as
  
  (
    WITH DEAL_CHANGES_BASE AS (
SELECT 
    DC.deal_id, 
    DC.change_time, 
    DC.changed_field_key, 
    DC.new_value, 
    --- Group the add_time field changes
    COUNT(CASE WHEN DC.changed_field_key = 'add_time' THEN 1 END) OVER(PARTITION BY DC.deal_id ORDER BY DC.change_time) AS add_time_group, 
    --- Group the user_id field changes 
    COUNT(CASE WHEN DC.changed_field_key = 'user_id' THEN 1 END) OVER (PARTITION BY DC.deal_id ORDER BY DC.change_time) AS user_group, 
    --- Group for combined status (stage_id OR lost_reason)
    COUNT(CASE WHEN DC.changed_field_key IN ('stage_id', 'lost_reason') THEN 1 END) OVER (PARTITION BY DC.deal_id ORDER BY DC.change_time) as status_group 
FROM "postgres"."public_pipedrive_analytics"."deal_changes" DC 
WHERE deal_id = 399956
), 
DEAL_CHANGES_BASE_TRANSFORM AS (
SELECT 
    DCB.deal_id,
    DCB.change_time,
    DCB.changed_field_key,
    DCB.new_value,
    -- Carry forward add_time, user_id, stage_id, lost_reason to form a record with the same value until it's next change occurs
    CAST(FIRST_VALUE(CASE WHEN DCB.changed_field_key = 'add_time' THEN DCB.new_value END) OVER (PARTITION BY DCB.deal_id, DCB.add_time_group ORDER BY DCB.change_time) AS TIMESTAMP) AS add_time, 
    COALESCE(CAST(FIRST_VALUE(CASE WHEN DCB.changed_field_key = 'user_id' THEN DCB.new_value END) OVER (PARTITION BY DCB.deal_id, DCB.user_group ORDER BY DCB.change_time) AS BIGINT), -1) AS user_id, 
    FIRST_VALUE(CASE WHEN DCB.changed_field_key IN ('stage_id', 'lost_reason') THEN DCB.changed_field_key END) OVER (PARTITION BY DCB.deal_id, DCB.status_group ORDER BY DCB.change_time) AS deal_status_type, 
    CAST(FIRST_VALUE(CASE WHEN DCB.changed_field_key IN ('stage_id', 'lost_reason') THEN DCB.new_value END) OVER (PARTITION BY DCB.deal_id, DCB.status_group ORDER BY DCB.change_time) AS INT) AS deal_status_value 
FROM DEAL_CHANGES_BASE DCB
ORDER BY 
    DCB.deal_id, 
    DCB.change_time
)
SELECT 
    BT.deal_id, 
    BT.change_time, 
    BT.changed_field_key, 
    BT.new_value, 
    BT.add_time, 
    BT.user_id, 
    BT.deal_status_type, 
    BT.deal_status_value, 
    U.name AS user_name, 
    U.email AS user_email, 
    S.stage_name
FROM DEAL_CHANGES_BASE_TRANSFORM BT
LEFT JOIN "postgres"."public_pipedrive_analytics"."users" U 
    ON U.id = BT.user_id 
LEFT JOIN (SELECT 'stage_id' AS status_type, stage_id, stage_name FROM "postgres"."public_pipedrive_analytics"."stages"
           
           UNION 
           
           SELECT 'lost_reason' AS status_type, reason_id, reason_label FROM "postgres"."public_pipedrive_analytics"."stg_lost_reasons" 
          ) S 
    ON S.status_type = COALESCE(BT.deal_status_type, 'XXXX') 
    AND S.stage_id = COALESCE(BT.deal_status_value, 0) 
ORDER BY 
    BT.deal_id, 
    BT.change_time
  );
  
[0m06:15:33.694530 [debug] [Thread-1  ]: SQL status: SELECT 17 in 0.004 seconds
[0m06:15:33.702354 [debug] [Thread-1  ]: Using postgres connection "model.enpal_assessment_project.stg_deal_changes_details"
[0m06:15:33.702689 [debug] [Thread-1  ]: On model.enpal_assessment_project.stg_deal_changes_details: /* {"app": "dbt", "dbt_version": "1.10.19", "profile_name": "enpal_assessment_project", "target_name": "dev", "node_id": "model.enpal_assessment_project.stg_deal_changes_details"} */
alter table "postgres"."public_pipedrive_analytics"."stg_deal_changes_details" rename to "stg_deal_changes_details__dbt_backup"
[0m06:15:33.703445 [debug] [Thread-1  ]: SQL status: ALTER TABLE in 0.001 seconds
[0m06:15:33.705568 [debug] [Thread-1  ]: Using postgres connection "model.enpal_assessment_project.stg_deal_changes_details"
[0m06:15:33.705787 [debug] [Thread-1  ]: On model.enpal_assessment_project.stg_deal_changes_details: /* {"app": "dbt", "dbt_version": "1.10.19", "profile_name": "enpal_assessment_project", "target_name": "dev", "node_id": "model.enpal_assessment_project.stg_deal_changes_details"} */
alter table "postgres"."public_pipedrive_analytics"."stg_deal_changes_details__dbt_tmp" rename to "stg_deal_changes_details"
[0m06:15:33.706340 [debug] [Thread-1  ]: SQL status: ALTER TABLE in 0.000 seconds
[0m06:15:33.717388 [debug] [Thread-1  ]: On model.enpal_assessment_project.stg_deal_changes_details: COMMIT
[0m06:15:33.717620 [debug] [Thread-1  ]: Using postgres connection "model.enpal_assessment_project.stg_deal_changes_details"
[0m06:15:33.717821 [debug] [Thread-1  ]: On model.enpal_assessment_project.stg_deal_changes_details: COMMIT
[0m06:15:33.718939 [debug] [Thread-1  ]: SQL status: COMMIT in 0.001 seconds
[0m06:15:33.723270 [debug] [Thread-1  ]: Applying DROP to: "postgres"."public_pipedrive_analytics"."stg_deal_changes_details__dbt_backup"
[0m06:15:33.726085 [debug] [Thread-1  ]: Using postgres connection "model.enpal_assessment_project.stg_deal_changes_details"
[0m06:15:33.726313 [debug] [Thread-1  ]: On model.enpal_assessment_project.stg_deal_changes_details: /* {"app": "dbt", "dbt_version": "1.10.19", "profile_name": "enpal_assessment_project", "target_name": "dev", "node_id": "model.enpal_assessment_project.stg_deal_changes_details"} */
drop table if exists "postgres"."public_pipedrive_analytics"."stg_deal_changes_details__dbt_backup" cascade
[0m06:15:33.727722 [debug] [Thread-1  ]: SQL status: DROP TABLE in 0.001 seconds
[0m06:15:33.729280 [debug] [Thread-1  ]: On model.enpal_assessment_project.stg_deal_changes_details: Close
[0m06:15:33.730620 [debug] [Thread-1  ]: Sending event: {'category': 'dbt', 'action': 'run_model', 'label': '6860e4a5-2933-4f39-8410-91642009bcbf', 'context': [<snowplow_tracker.self_describing_json.SelfDescribingJson object at 0x10a50f8b0>]}
[0m06:15:33.731039 [info ] [Thread-1  ]: 1 of 1 OK created sql table model public_pipedrive_analytics.stg_deal_changes_details  [[32mSELECT 17[0m in 0.08s]
[0m06:15:33.731374 [debug] [Thread-1  ]: Finished running node model.enpal_assessment_project.stg_deal_changes_details
[0m06:15:33.731953 [debug] [MainThread]: Using postgres connection "master"
[0m06:15:33.732135 [debug] [MainThread]: On master: BEGIN
[0m06:15:33.732290 [debug] [MainThread]: Opening a new connection, currently in state closed
[0m06:15:33.738595 [debug] [MainThread]: SQL status: BEGIN in 0.006 seconds
[0m06:15:33.738824 [debug] [MainThread]: On master: COMMIT
[0m06:15:33.739005 [debug] [MainThread]: Using postgres connection "master"
[0m06:15:33.739198 [debug] [MainThread]: On master: COMMIT
[0m06:15:33.739538 [debug] [MainThread]: SQL status: COMMIT in 0.000 seconds
[0m06:15:33.739723 [debug] [MainThread]: On master: Close
[0m06:15:33.739964 [debug] [MainThread]: Connection 'master' was properly closed.
[0m06:15:33.740120 [debug] [MainThread]: Connection 'model.enpal_assessment_project.stg_deal_changes_details' was properly closed.
[0m06:15:33.740291 [info ] [MainThread]: 
[0m06:15:33.740470 [info ] [MainThread]: Finished running 1 table model in 0 hours 0 minutes and 0.22 seconds (0.22s).
[0m06:15:33.740863 [debug] [MainThread]: Command end result
[0m06:15:33.757314 [debug] [MainThread]: Wrote artifact WritableManifest to /Users/rajukaju/Projects/dbt_enpal_assessment/target/manifest.json
[0m06:15:33.758301 [debug] [MainThread]: Wrote artifact SemanticManifest to /Users/rajukaju/Projects/dbt_enpal_assessment/target/semantic_manifest.json
[0m06:15:33.762609 [debug] [MainThread]: Wrote artifact RunExecutionResult to /Users/rajukaju/Projects/dbt_enpal_assessment/target/run_results.json
[0m06:15:33.762785 [info ] [MainThread]: 
[0m06:15:33.763010 [info ] [MainThread]: [32mCompleted successfully[0m
[0m06:15:33.763178 [info ] [MainThread]: 
[0m06:15:33.763359 [info ] [MainThread]: Done. PASS=1 WARN=0 ERROR=0 SKIP=0 NO-OP=0 TOTAL=1
[0m06:15:33.765427 [debug] [MainThread]: Resource report: {"command_name": "run", "command_success": true, "command_wall_clock_time": 0.8767597, "process_in_blocks": "0", "process_kernel_time": 0.209481, "process_mem_max_rss": "129138688", "process_out_blocks": "0", "process_user_time": 1.438744}
[0m06:15:33.765659 [debug] [MainThread]: Command `dbt run` succeeded at 06:15:33.765609 after 0.88 seconds
[0m06:15:33.765874 [debug] [MainThread]: Sending event: {'category': 'dbt', 'action': 'invocation', 'label': 'end', 'context': [<snowplow_tracker.self_describing_json.SelfDescribingJson object at 0x107f31280>, <snowplow_tracker.self_describing_json.SelfDescribingJson object at 0x108867670>, <snowplow_tracker.self_describing_json.SelfDescribingJson object at 0x108d4c880>]}
[0m06:15:33.766096 [debug] [MainThread]: Flushing usage events
[0m06:15:34.638238 [debug] [MainThread]: An error was encountered while trying to flush usage events
[0m06:17:50.575333 [debug] [MainThread]: Sending event: {'category': 'dbt', 'action': 'invocation', 'label': 'start', 'context': [<snowplow_tracker.self_describing_json.SelfDescribingJson object at 0x10a7bd250>, <snowplow_tracker.self_describing_json.SelfDescribingJson object at 0x10b83bf10>, <snowplow_tracker.self_describing_json.SelfDescribingJson object at 0x10b83b190>]}


============================== 06:17:50.578365 | f76e70f4-1ff8-4192-b82b-c84d51693eea ==============================
[0m06:17:50.578365 [info ] [MainThread]: Running with dbt=1.10.19
[0m06:17:50.578712 [debug] [MainThread]: running dbt with arguments {'log_format': 'default', 'use_experimental_parser': 'False', 'profiles_dir': '/Users/rajukaju/Projects/dbt_enpal_assessment', 'write_json': 'True', 'fail_fast': 'False', 'target_path': 'None', 'debug': 'False', 'introspect': 'True', 'invocation_command': 'dbt run -s stg_deal_changes_details.sql', 'log_path': '/Users/rajukaju/Projects/dbt_enpal_assessment/logs', 'partial_parse': 'True', 'static_parser': 'True', 'log_cache_events': 'False', 'no_print': 'None', 'send_anonymous_usage_stats': 'True', 'cache_selected_only': 'False', 'warn_error': 'None', 'indirect_selection': 'eager', 'quiet': 'False', 'version_check': 'True', 'empty': 'False', 'printer_width': '80', 'warn_error_options': 'WarnErrorOptionsV2(error=[], warn=[], silence=[])', 'use_colors': 'True'}
[0m06:17:50.694163 [debug] [MainThread]: Sending event: {'category': 'dbt', 'action': 'project_id', 'label': 'f76e70f4-1ff8-4192-b82b-c84d51693eea', 'context': [<snowplow_tracker.self_describing_json.SelfDescribingJson object at 0x108f108b0>]}
[0m06:17:50.730861 [debug] [MainThread]: Sending event: {'category': 'dbt', 'action': 'adapter_info', 'label': 'f76e70f4-1ff8-4192-b82b-c84d51693eea', 'context': [<snowplow_tracker.self_describing_json.SelfDescribingJson object at 0x10b8164c0>]}
[0m06:17:50.731583 [info ] [MainThread]: Registered adapter: postgres=1.9.1
[0m06:17:50.803054 [debug] [MainThread]: checksum: c35ba6d374a0901ceb00688d5179d5550885e1756283b03e5e81c28e0d8d2248, vars: {}, profile: , target: , version: 1.10.19
[0m06:17:50.898259 [debug] [MainThread]: Partial parsing enabled: 0 files deleted, 0 files added, 1 files changed.
[0m06:17:50.898641 [debug] [MainThread]: Partial parsing: updated file: enpal_assessment_project://models/silver_stage/stg_deal_changes_details.sql
[0m06:17:51.087831 [debug] [MainThread]: Sending event: {'category': 'dbt', 'action': 'load_project', 'label': 'f76e70f4-1ff8-4192-b82b-c84d51693eea', 'context': [<snowplow_tracker.self_describing_json.SelfDescribingJson object at 0x10914dcd0>]}
[0m06:17:51.141076 [debug] [MainThread]: Wrote artifact WritableManifest to /Users/rajukaju/Projects/dbt_enpal_assessment/target/manifest.json
[0m06:17:51.142531 [debug] [MainThread]: Wrote artifact SemanticManifest to /Users/rajukaju/Projects/dbt_enpal_assessment/target/semantic_manifest.json
[0m06:17:51.154096 [debug] [MainThread]: Sending event: {'category': 'dbt', 'action': 'resource_counts', 'label': 'f76e70f4-1ff8-4192-b82b-c84d51693eea', 'context': [<snowplow_tracker.self_describing_json.SelfDescribingJson object at 0x10b7e78e0>]}
[0m06:17:51.154405 [info ] [MainThread]: Found 8 models, 6 sources, 447 macros
[0m06:17:51.154602 [debug] [MainThread]: Sending event: {'category': 'dbt', 'action': 'runnable_timing', 'label': 'f76e70f4-1ff8-4192-b82b-c84d51693eea', 'context': [<snowplow_tracker.self_describing_json.SelfDescribingJson object at 0x10ca0cc40>]}
[0m06:17:51.155439 [info ] [MainThread]: 
[0m06:17:51.155632 [info ] [MainThread]: Concurrency: 1 threads (target='dev')
[0m06:17:51.155794 [info ] [MainThread]: 
[0m06:17:51.156069 [debug] [MainThread]: Acquiring new postgres connection 'master'
[0m06:17:51.156528 [debug] [ThreadPool]: Acquiring new postgres connection 'list_postgres'
[0m06:17:51.195000 [debug] [ThreadPool]: Using postgres connection "list_postgres"
[0m06:17:51.195289 [debug] [ThreadPool]: On list_postgres: /* {"app": "dbt", "dbt_version": "1.10.19", "profile_name": "enpal_assessment_project", "target_name": "dev", "connection_name": "list_postgres"} */

    select distinct nspname from pg_namespace
  
[0m06:17:51.195449 [debug] [ThreadPool]: Opening a new connection, currently in state init
[0m06:17:51.342964 [debug] [ThreadPool]: SQL status: SELECT 5 in 0.147 seconds
[0m06:17:51.344479 [debug] [ThreadPool]: On list_postgres: Close
[0m06:17:51.350399 [debug] [ThreadPool]: Re-using an available connection from the pool (formerly list_postgres, now list_postgres_public_pipedrive_analytics)
[0m06:17:51.357083 [debug] [ThreadPool]: Using postgres connection "list_postgres_public_pipedrive_analytics"
[0m06:17:51.357393 [debug] [ThreadPool]: On list_postgres_public_pipedrive_analytics: BEGIN
[0m06:17:51.357611 [debug] [ThreadPool]: Opening a new connection, currently in state closed
[0m06:17:51.369012 [debug] [ThreadPool]: SQL status: BEGIN in 0.011 seconds
[0m06:17:51.369389 [debug] [ThreadPool]: Using postgres connection "list_postgres_public_pipedrive_analytics"
[0m06:17:51.369657 [debug] [ThreadPool]: On list_postgres_public_pipedrive_analytics: /* {"app": "dbt", "dbt_version": "1.10.19", "profile_name": "enpal_assessment_project", "target_name": "dev", "connection_name": "list_postgres_public_pipedrive_analytics"} */
select
      'postgres' as database,
      tablename as name,
      schemaname as schema,
      'table' as type
    from pg_tables
    where schemaname ilike 'public_pipedrive_analytics'
    union all
    select
      'postgres' as database,
      viewname as name,
      schemaname as schema,
      'view' as type
    from pg_views
    where schemaname ilike 'public_pipedrive_analytics'
    union all
    select
      'postgres' as database,
      matviewname as name,
      schemaname as schema,
      'materialized_view' as type
    from pg_matviews
    where schemaname ilike 'public_pipedrive_analytics'
  
[0m06:17:51.375686 [debug] [ThreadPool]: SQL status: SELECT 8 in 0.006 seconds
[0m06:17:51.376985 [debug] [ThreadPool]: On list_postgres_public_pipedrive_analytics: ROLLBACK
[0m06:17:51.377621 [debug] [ThreadPool]: On list_postgres_public_pipedrive_analytics: Close
[0m06:17:51.383878 [debug] [MainThread]: Using postgres connection "master"
[0m06:17:51.384189 [debug] [MainThread]: On master: BEGIN
[0m06:17:51.384393 [debug] [MainThread]: Opening a new connection, currently in state init
[0m06:17:51.393764 [debug] [MainThread]: SQL status: BEGIN in 0.009 seconds
[0m06:17:51.394068 [debug] [MainThread]: Using postgres connection "master"
[0m06:17:51.394323 [debug] [MainThread]: On master: /* {"app": "dbt", "dbt_version": "1.10.19", "profile_name": "enpal_assessment_project", "target_name": "dev", "connection_name": "master"} */
select distinct
        dependent_namespace.nspname as dependent_schema,
        dependent_class.relname as dependent_name,
        referenced_namespace.nspname as referenced_schema,
        referenced_class.relname as referenced_name

    -- Query for views: views are entries in pg_class with an entry in pg_rewrite, but we avoid
    -- a seq scan on pg_rewrite by leveraging the fact there is an "internal" row in pg_depend for
    -- the view...
    from pg_class as dependent_class
    join pg_namespace as dependent_namespace on dependent_namespace.oid = dependent_class.relnamespace
    join pg_depend as dependent_depend on dependent_depend.refobjid = dependent_class.oid
        and dependent_depend.classid = 'pg_rewrite'::regclass
        and dependent_depend.refclassid = 'pg_class'::regclass
        and dependent_depend.deptype = 'i'

    -- ... and via pg_depend (that has a row per column, hence the need for "distinct" above, and
    -- making sure to exclude the internal row to avoid a view appearing to depend on itself)...
    join pg_depend as joining_depend on joining_depend.objid = dependent_depend.objid
        and joining_depend.classid = 'pg_rewrite'::regclass
        and joining_depend.refclassid = 'pg_class'::regclass
        and joining_depend.refobjid != dependent_depend.refobjid

    -- ... we can find the tables they query from in pg_class, but excluding system tables. Note we
    -- don't need need to exclude _dependent_ system tables, because they only query from other
    -- system tables, and so are automatically excluded by excluding _referenced_ system tables
    join pg_class as referenced_class on referenced_class.oid = joining_depend.refobjid
    join pg_namespace as referenced_namespace on referenced_namespace.oid = referenced_class.relnamespace
        and referenced_namespace.nspname != 'information_schema'
        and referenced_namespace.nspname not like 'pg\_%'

    order by
        dependent_schema, dependent_name, referenced_schema, referenced_name;
[0m06:17:51.397331 [debug] [MainThread]: SQL status: SELECT 0 in 0.003 seconds
[0m06:17:51.398212 [debug] [MainThread]: Sending event: {'category': 'dbt', 'action': 'runnable_timing', 'label': 'f76e70f4-1ff8-4192-b82b-c84d51693eea', 'context': [<snowplow_tracker.self_describing_json.SelfDescribingJson object at 0x10ca04130>]}
[0m06:17:51.398531 [debug] [MainThread]: On master: ROLLBACK
[0m06:17:51.399083 [debug] [MainThread]: Using postgres connection "master"
[0m06:17:51.399308 [debug] [MainThread]: On master: BEGIN
[0m06:17:51.400041 [debug] [MainThread]: SQL status: BEGIN in 0.001 seconds
[0m06:17:51.400241 [debug] [MainThread]: On master: COMMIT
[0m06:17:51.400422 [debug] [MainThread]: Using postgres connection "master"
[0m06:17:51.400643 [debug] [MainThread]: On master: COMMIT
[0m06:17:51.401088 [debug] [MainThread]: SQL status: COMMIT in 0.000 seconds
[0m06:17:51.401277 [debug] [MainThread]: On master: Close
[0m06:17:51.403033 [debug] [Thread-1  ]: Began running node model.enpal_assessment_project.stg_deal_changes_details
[0m06:17:51.403427 [info ] [Thread-1  ]: 1 of 1 START sql table model public_pipedrive_analytics.stg_deal_changes_details  [RUN]
[0m06:17:51.403814 [debug] [Thread-1  ]: Re-using an available connection from the pool (formerly list_postgres_public_pipedrive_analytics, now model.enpal_assessment_project.stg_deal_changes_details)
[0m06:17:51.404069 [debug] [Thread-1  ]: Began compiling node model.enpal_assessment_project.stg_deal_changes_details
[0m06:17:51.410884 [debug] [Thread-1  ]: Writing injected SQL for node "model.enpal_assessment_project.stg_deal_changes_details"
[0m06:17:51.411700 [debug] [Thread-1  ]: Began executing node model.enpal_assessment_project.stg_deal_changes_details
[0m06:17:51.439999 [debug] [Thread-1  ]: Writing runtime sql for node "model.enpal_assessment_project.stg_deal_changes_details"
[0m06:17:51.440727 [debug] [Thread-1  ]: Using postgres connection "model.enpal_assessment_project.stg_deal_changes_details"
[0m06:17:51.440960 [debug] [Thread-1  ]: On model.enpal_assessment_project.stg_deal_changes_details: BEGIN
[0m06:17:51.441166 [debug] [Thread-1  ]: Opening a new connection, currently in state closed
[0m06:17:51.456882 [debug] [Thread-1  ]: SQL status: BEGIN in 0.016 seconds
[0m06:17:51.457197 [debug] [Thread-1  ]: Using postgres connection "model.enpal_assessment_project.stg_deal_changes_details"
[0m06:17:51.457478 [debug] [Thread-1  ]: On model.enpal_assessment_project.stg_deal_changes_details: /* {"app": "dbt", "dbt_version": "1.10.19", "profile_name": "enpal_assessment_project", "target_name": "dev", "node_id": "model.enpal_assessment_project.stg_deal_changes_details"} */

  
    

  create  table "postgres"."public_pipedrive_analytics"."stg_deal_changes_details__dbt_tmp"
  
  
    as
  
  (
    WITH DEAL_CHANGES_BASE AS (
SELECT 
    DC.deal_id, 
    DC.change_time, 
    DC.changed_field_key, 
    DC.new_value, 
    --- Group the add_time field changes
    COUNT(CASE WHEN DC.changed_field_key = 'add_time' THEN 1 END) OVER(PARTITION BY DC.deal_id ORDER BY DC.change_time) AS add_time_group, 
    --- Group the user_id field changes 
    COUNT(CASE WHEN DC.changed_field_key = 'user_id' THEN 1 END) OVER (PARTITION BY DC.deal_id ORDER BY DC.change_time) AS user_group, 
    --- Group for combined status (stage_id OR lost_reason)
    COUNT(CASE WHEN DC.changed_field_key IN ('stage_id', 'lost_reason') THEN 1 END) OVER (PARTITION BY DC.deal_id ORDER BY DC.change_time) as status_group 
FROM "postgres"."public_pipedrive_analytics"."deal_changes" DC 
), 
DEAL_CHANGES_BASE_TRANSFORM AS (
SELECT 
    DCB.deal_id,
    DCB.change_time,
    DCB.changed_field_key,
    DCB.new_value,
    -- Carry forward add_time, user_id, stage_id, lost_reason to form a record with the same value until it's next change occurs
    CAST(FIRST_VALUE(CASE WHEN DCB.changed_field_key = 'add_time' THEN DCB.new_value END) OVER (PARTITION BY DCB.deal_id, DCB.add_time_group ORDER BY DCB.change_time) AS TIMESTAMP) AS add_time, 
    COALESCE(CAST(FIRST_VALUE(CASE WHEN DCB.changed_field_key = 'user_id' THEN DCB.new_value END) OVER (PARTITION BY DCB.deal_id, DCB.user_group ORDER BY DCB.change_time) AS BIGINT), -1) AS user_id, 
    FIRST_VALUE(CASE WHEN DCB.changed_field_key IN ('stage_id', 'lost_reason') THEN DCB.changed_field_key END) OVER (PARTITION BY DCB.deal_id, DCB.status_group ORDER BY DCB.change_time) AS deal_status_type, 
    CAST(FIRST_VALUE(CASE WHEN DCB.changed_field_key IN ('stage_id', 'lost_reason') THEN DCB.new_value END) OVER (PARTITION BY DCB.deal_id, DCB.status_group ORDER BY DCB.change_time) AS INT) AS deal_status_value 
FROM DEAL_CHANGES_BASE DCB
ORDER BY 
    DCB.deal_id, 
    DCB.change_time
)
SELECT 
    BT.deal_id, 
    BT.change_time, 
    BT.changed_field_key, 
    BT.new_value, 
    BT.add_time, 
    BT.user_id, 
    BT.deal_status_type, 
    BT.deal_status_value, 
    U.name AS user_name, 
    U.email AS user_email, 
    S.stage_name
FROM DEAL_CHANGES_BASE_TRANSFORM BT
LEFT JOIN "postgres"."public_pipedrive_analytics"."users" U 
    ON U.id = BT.user_id 
LEFT JOIN (SELECT 'stage_id' AS status_type, stage_id, stage_name FROM "postgres"."public_pipedrive_analytics"."stages"
           
           UNION 
           
           SELECT 'lost_reason' AS status_type, reason_id, reason_label FROM "postgres"."public_pipedrive_analytics"."stg_lost_reasons" 
          ) S 
    ON S.status_type = COALESCE(BT.deal_status_type, 'XXXX') 
    AND S.stage_id = COALESCE(BT.deal_status_value, 0) 
ORDER BY 
    BT.deal_id, 
    BT.change_time
  );
  
[0m06:17:51.529794 [debug] [Thread-1  ]: SQL status: SELECT 15406 in 0.072 seconds
[0m06:17:51.538833 [debug] [Thread-1  ]: Using postgres connection "model.enpal_assessment_project.stg_deal_changes_details"
[0m06:17:51.539225 [debug] [Thread-1  ]: On model.enpal_assessment_project.stg_deal_changes_details: /* {"app": "dbt", "dbt_version": "1.10.19", "profile_name": "enpal_assessment_project", "target_name": "dev", "node_id": "model.enpal_assessment_project.stg_deal_changes_details"} */
alter table "postgres"."public_pipedrive_analytics"."stg_deal_changes_details" rename to "stg_deal_changes_details__dbt_backup"
[0m06:17:51.540227 [debug] [Thread-1  ]: SQL status: ALTER TABLE in 0.001 seconds
[0m06:17:51.542913 [debug] [Thread-1  ]: Using postgres connection "model.enpal_assessment_project.stg_deal_changes_details"
[0m06:17:51.543192 [debug] [Thread-1  ]: On model.enpal_assessment_project.stg_deal_changes_details: /* {"app": "dbt", "dbt_version": "1.10.19", "profile_name": "enpal_assessment_project", "target_name": "dev", "node_id": "model.enpal_assessment_project.stg_deal_changes_details"} */
alter table "postgres"."public_pipedrive_analytics"."stg_deal_changes_details__dbt_tmp" rename to "stg_deal_changes_details"
[0m06:17:51.544258 [debug] [Thread-1  ]: SQL status: ALTER TABLE in 0.001 seconds
[0m06:17:51.558540 [debug] [Thread-1  ]: On model.enpal_assessment_project.stg_deal_changes_details: COMMIT
[0m06:17:51.558863 [debug] [Thread-1  ]: Using postgres connection "model.enpal_assessment_project.stg_deal_changes_details"
[0m06:17:51.559139 [debug] [Thread-1  ]: On model.enpal_assessment_project.stg_deal_changes_details: COMMIT
[0m06:17:51.562739 [debug] [Thread-1  ]: SQL status: COMMIT in 0.003 seconds
[0m06:17:51.568656 [debug] [Thread-1  ]: Applying DROP to: "postgres"."public_pipedrive_analytics"."stg_deal_changes_details__dbt_backup"
[0m06:17:51.572160 [debug] [Thread-1  ]: Using postgres connection "model.enpal_assessment_project.stg_deal_changes_details"
[0m06:17:51.572441 [debug] [Thread-1  ]: On model.enpal_assessment_project.stg_deal_changes_details: /* {"app": "dbt", "dbt_version": "1.10.19", "profile_name": "enpal_assessment_project", "target_name": "dev", "node_id": "model.enpal_assessment_project.stg_deal_changes_details"} */
drop table if exists "postgres"."public_pipedrive_analytics"."stg_deal_changes_details__dbt_backup" cascade
[0m06:17:51.574854 [debug] [Thread-1  ]: SQL status: DROP TABLE in 0.002 seconds
[0m06:17:51.576837 [debug] [Thread-1  ]: On model.enpal_assessment_project.stg_deal_changes_details: Close
[0m06:17:51.578429 [debug] [Thread-1  ]: Sending event: {'category': 'dbt', 'action': 'run_model', 'label': 'f76e70f4-1ff8-4192-b82b-c84d51693eea', 'context': [<snowplow_tracker.self_describing_json.SelfDescribingJson object at 0x10cd9b880>]}
[0m06:17:51.578951 [info ] [Thread-1  ]: 1 of 1 OK created sql table model public_pipedrive_analytics.stg_deal_changes_details  [[32mSELECT 15406[0m in 0.17s]
[0m06:17:51.579365 [debug] [Thread-1  ]: Finished running node model.enpal_assessment_project.stg_deal_changes_details
[0m06:17:51.580148 [debug] [MainThread]: Using postgres connection "master"
[0m06:17:51.580399 [debug] [MainThread]: On master: BEGIN
[0m06:17:51.580608 [debug] [MainThread]: Opening a new connection, currently in state closed
[0m06:17:51.590342 [debug] [MainThread]: SQL status: BEGIN in 0.010 seconds
[0m06:17:51.590652 [debug] [MainThread]: On master: COMMIT
[0m06:17:51.590876 [debug] [MainThread]: Using postgres connection "master"
[0m06:17:51.591077 [debug] [MainThread]: On master: COMMIT
[0m06:17:51.591603 [debug] [MainThread]: SQL status: COMMIT in 0.000 seconds
[0m06:17:51.591831 [debug] [MainThread]: On master: Close
[0m06:17:51.592132 [debug] [MainThread]: Connection 'master' was properly closed.
[0m06:17:51.592326 [debug] [MainThread]: Connection 'model.enpal_assessment_project.stg_deal_changes_details' was properly closed.
[0m06:17:51.592535 [info ] [MainThread]: 
[0m06:17:51.592751 [info ] [MainThread]: Finished running 1 table model in 0 hours 0 minutes and 0.44 seconds (0.44s).
[0m06:17:51.593231 [debug] [MainThread]: Command end result
[0m06:17:51.612523 [debug] [MainThread]: Wrote artifact WritableManifest to /Users/rajukaju/Projects/dbt_enpal_assessment/target/manifest.json
[0m06:17:51.613711 [debug] [MainThread]: Wrote artifact SemanticManifest to /Users/rajukaju/Projects/dbt_enpal_assessment/target/semantic_manifest.json
[0m06:17:51.618161 [debug] [MainThread]: Wrote artifact RunExecutionResult to /Users/rajukaju/Projects/dbt_enpal_assessment/target/run_results.json
[0m06:17:51.618366 [info ] [MainThread]: 
[0m06:17:51.618591 [info ] [MainThread]: [32mCompleted successfully[0m
[0m06:17:51.618759 [info ] [MainThread]: 
[0m06:17:51.618939 [info ] [MainThread]: Done. PASS=1 WARN=0 ERROR=0 SKIP=0 NO-OP=0 TOTAL=1
[0m06:17:51.621073 [debug] [MainThread]: Resource report: {"command_name": "run", "command_success": true, "command_wall_clock_time": 1.0928166, "process_in_blocks": "0", "process_kernel_time": 0.233834, "process_mem_max_rss": "130351104", "process_out_blocks": "0", "process_user_time": 1.459342}
[0m06:17:51.621314 [debug] [MainThread]: Command `dbt run` succeeded at 06:17:51.621262 after 1.09 seconds
[0m06:17:51.621531 [debug] [MainThread]: Sending event: {'category': 'dbt', 'action': 'invocation', 'label': 'end', 'context': [<snowplow_tracker.self_describing_json.SelfDescribingJson object at 0x10a7bd250>, <snowplow_tracker.self_describing_json.SelfDescribingJson object at 0x10c627df0>, <snowplow_tracker.self_describing_json.SelfDescribingJson object at 0x10c627250>]}
[0m06:17:51.621748 [debug] [MainThread]: Flushing usage events
[0m06:17:52.955323 [debug] [MainThread]: An error was encountered while trying to flush usage events
[0m06:35:32.012527 [debug] [MainThread]: Sending event: {'category': 'dbt', 'action': 'invocation', 'label': 'start', 'context': [<snowplow_tracker.self_describing_json.SelfDescribingJson object at 0x109f59220>, <snowplow_tracker.self_describing_json.SelfDescribingJson object at 0x10afd7f10>, <snowplow_tracker.self_describing_json.SelfDescribingJson object at 0x10afd7130>]}


============================== 06:35:32.015707 | b68bd61d-fe67-4480-9fcc-0c0c152bc8e8 ==============================
[0m06:35:32.015707 [info ] [MainThread]: Running with dbt=1.10.19
[0m06:35:32.016064 [debug] [MainThread]: running dbt with arguments {'use_experimental_parser': 'False', 'target_path': 'None', 'quiet': 'False', 'introspect': 'True', 'cache_selected_only': 'False', 'printer_width': '80', 'debug': 'False', 'version_check': 'True', 'warn_error': 'None', 'send_anonymous_usage_stats': 'True', 'log_path': '/Users/rajukaju/Projects/dbt_enpal_assessment/logs', 'invocation_command': 'dbt run -s stg_deal_changes_details.sql', 'use_colors': 'True', 'write_json': 'True', 'log_format': 'default', 'indirect_selection': 'eager', 'partial_parse': 'True', 'static_parser': 'True', 'log_cache_events': 'False', 'fail_fast': 'False', 'no_print': 'None', 'warn_error_options': 'WarnErrorOptionsV2(error=[], warn=[], silence=[])', 'empty': 'False', 'profiles_dir': '/Users/rajukaju/Projects/dbt_enpal_assessment'}
[0m06:35:32.134411 [debug] [MainThread]: Sending event: {'category': 'dbt', 'action': 'project_id', 'label': 'b68bd61d-fe67-4480-9fcc-0c0c152bc8e8', 'context': [<snowplow_tracker.self_describing_json.SelfDescribingJson object at 0x10afb3040>]}
[0m06:35:32.171118 [debug] [MainThread]: Sending event: {'category': 'dbt', 'action': 'adapter_info', 'label': 'b68bd61d-fe67-4480-9fcc-0c0c152bc8e8', 'context': [<snowplow_tracker.self_describing_json.SelfDescribingJson object at 0x10b4ba430>]}
[0m06:35:32.171861 [info ] [MainThread]: Registered adapter: postgres=1.9.1
[0m06:35:32.244628 [debug] [MainThread]: checksum: c35ba6d374a0901ceb00688d5179d5550885e1756283b03e5e81c28e0d8d2248, vars: {}, profile: , target: , version: 1.10.19
[0m06:35:32.341194 [debug] [MainThread]: Partial parsing enabled: 0 files deleted, 0 files added, 1 files changed.
[0m06:35:32.341586 [debug] [MainThread]: Partial parsing: updated file: enpal_assessment_project://models/silver_stage/stg_deal_changes_details.sql
[0m06:35:32.530178 [debug] [MainThread]: Sending event: {'category': 'dbt', 'action': 'load_project', 'label': 'b68bd61d-fe67-4480-9fcc-0c0c152bc8e8', 'context': [<snowplow_tracker.self_describing_json.SelfDescribingJson object at 0x108a40e20>]}
[0m06:35:32.584152 [debug] [MainThread]: Wrote artifact WritableManifest to /Users/rajukaju/Projects/dbt_enpal_assessment/target/manifest.json
[0m06:35:32.585593 [debug] [MainThread]: Wrote artifact SemanticManifest to /Users/rajukaju/Projects/dbt_enpal_assessment/target/semantic_manifest.json
[0m06:35:32.597014 [debug] [MainThread]: Sending event: {'category': 'dbt', 'action': 'resource_counts', 'label': 'b68bd61d-fe67-4480-9fcc-0c0c152bc8e8', 'context': [<snowplow_tracker.self_describing_json.SelfDescribingJson object at 0x10ae07e20>]}
[0m06:35:32.597312 [info ] [MainThread]: Found 8 models, 6 sources, 447 macros
[0m06:35:32.597507 [debug] [MainThread]: Sending event: {'category': 'dbt', 'action': 'runnable_timing', 'label': 'b68bd61d-fe67-4480-9fcc-0c0c152bc8e8', 'context': [<snowplow_tracker.self_describing_json.SelfDescribingJson object at 0x10af6d5e0>]}
[0m06:35:32.598328 [info ] [MainThread]: 
[0m06:35:32.598514 [info ] [MainThread]: Concurrency: 1 threads (target='dev')
[0m06:35:32.598672 [info ] [MainThread]: 
[0m06:35:32.598936 [debug] [MainThread]: Acquiring new postgres connection 'master'
[0m06:35:32.599375 [debug] [ThreadPool]: Acquiring new postgres connection 'list_postgres'
[0m06:35:32.636803 [debug] [ThreadPool]: Using postgres connection "list_postgres"
[0m06:35:32.637107 [debug] [ThreadPool]: On list_postgres: /* {"app": "dbt", "dbt_version": "1.10.19", "profile_name": "enpal_assessment_project", "target_name": "dev", "connection_name": "list_postgres"} */

    select distinct nspname from pg_namespace
  
[0m06:35:32.637267 [debug] [ThreadPool]: Opening a new connection, currently in state init
[0m06:35:32.680327 [debug] [ThreadPool]: SQL status: SELECT 5 in 0.043 seconds
[0m06:35:32.681200 [debug] [ThreadPool]: On list_postgres: Close
[0m06:35:32.684615 [debug] [ThreadPool]: Re-using an available connection from the pool (formerly list_postgres, now list_postgres_public_pipedrive_analytics)
[0m06:35:32.689296 [debug] [ThreadPool]: Using postgres connection "list_postgres_public_pipedrive_analytics"
[0m06:35:32.689512 [debug] [ThreadPool]: On list_postgres_public_pipedrive_analytics: BEGIN
[0m06:35:32.689685 [debug] [ThreadPool]: Opening a new connection, currently in state closed
[0m06:35:32.698188 [debug] [ThreadPool]: SQL status: BEGIN in 0.008 seconds
[0m06:35:32.698437 [debug] [ThreadPool]: Using postgres connection "list_postgres_public_pipedrive_analytics"
[0m06:35:32.698639 [debug] [ThreadPool]: On list_postgres_public_pipedrive_analytics: /* {"app": "dbt", "dbt_version": "1.10.19", "profile_name": "enpal_assessment_project", "target_name": "dev", "connection_name": "list_postgres_public_pipedrive_analytics"} */
select
      'postgres' as database,
      tablename as name,
      schemaname as schema,
      'table' as type
    from pg_tables
    where schemaname ilike 'public_pipedrive_analytics'
    union all
    select
      'postgres' as database,
      viewname as name,
      schemaname as schema,
      'view' as type
    from pg_views
    where schemaname ilike 'public_pipedrive_analytics'
    union all
    select
      'postgres' as database,
      matviewname as name,
      schemaname as schema,
      'materialized_view' as type
    from pg_matviews
    where schemaname ilike 'public_pipedrive_analytics'
  
[0m06:35:32.701383 [debug] [ThreadPool]: SQL status: SELECT 8 in 0.003 seconds
[0m06:35:32.702392 [debug] [ThreadPool]: On list_postgres_public_pipedrive_analytics: ROLLBACK
[0m06:35:32.702891 [debug] [ThreadPool]: On list_postgres_public_pipedrive_analytics: Close
[0m06:35:32.707579 [debug] [MainThread]: Using postgres connection "master"
[0m06:35:32.707802 [debug] [MainThread]: On master: BEGIN
[0m06:35:32.707971 [debug] [MainThread]: Opening a new connection, currently in state init
[0m06:35:32.716611 [debug] [MainThread]: SQL status: BEGIN in 0.009 seconds
[0m06:35:32.716848 [debug] [MainThread]: Using postgres connection "master"
[0m06:35:32.717104 [debug] [MainThread]: On master: /* {"app": "dbt", "dbt_version": "1.10.19", "profile_name": "enpal_assessment_project", "target_name": "dev", "connection_name": "master"} */
select distinct
        dependent_namespace.nspname as dependent_schema,
        dependent_class.relname as dependent_name,
        referenced_namespace.nspname as referenced_schema,
        referenced_class.relname as referenced_name

    -- Query for views: views are entries in pg_class with an entry in pg_rewrite, but we avoid
    -- a seq scan on pg_rewrite by leveraging the fact there is an "internal" row in pg_depend for
    -- the view...
    from pg_class as dependent_class
    join pg_namespace as dependent_namespace on dependent_namespace.oid = dependent_class.relnamespace
    join pg_depend as dependent_depend on dependent_depend.refobjid = dependent_class.oid
        and dependent_depend.classid = 'pg_rewrite'::regclass
        and dependent_depend.refclassid = 'pg_class'::regclass
        and dependent_depend.deptype = 'i'

    -- ... and via pg_depend (that has a row per column, hence the need for "distinct" above, and
    -- making sure to exclude the internal row to avoid a view appearing to depend on itself)...
    join pg_depend as joining_depend on joining_depend.objid = dependent_depend.objid
        and joining_depend.classid = 'pg_rewrite'::regclass
        and joining_depend.refclassid = 'pg_class'::regclass
        and joining_depend.refobjid != dependent_depend.refobjid

    -- ... we can find the tables they query from in pg_class, but excluding system tables. Note we
    -- don't need need to exclude _dependent_ system tables, because they only query from other
    -- system tables, and so are automatically excluded by excluding _referenced_ system tables
    join pg_class as referenced_class on referenced_class.oid = joining_depend.refobjid
    join pg_namespace as referenced_namespace on referenced_namespace.oid = referenced_class.relnamespace
        and referenced_namespace.nspname != 'information_schema'
        and referenced_namespace.nspname not like 'pg\_%'

    order by
        dependent_schema, dependent_name, referenced_schema, referenced_name;
[0m06:35:32.719571 [debug] [MainThread]: SQL status: SELECT 0 in 0.002 seconds
[0m06:35:32.720389 [debug] [MainThread]: Sending event: {'category': 'dbt', 'action': 'runnable_timing', 'label': 'b68bd61d-fe67-4480-9fcc-0c0c152bc8e8', 'context': [<snowplow_tracker.self_describing_json.SelfDescribingJson object at 0x10b6ce700>]}
[0m06:35:32.720706 [debug] [MainThread]: On master: ROLLBACK
[0m06:35:32.721164 [debug] [MainThread]: Using postgres connection "master"
[0m06:35:32.721351 [debug] [MainThread]: On master: BEGIN
[0m06:35:32.722036 [debug] [MainThread]: SQL status: BEGIN in 0.001 seconds
[0m06:35:32.722235 [debug] [MainThread]: On master: COMMIT
[0m06:35:32.722421 [debug] [MainThread]: Using postgres connection "master"
[0m06:35:32.722598 [debug] [MainThread]: On master: COMMIT
[0m06:35:32.723035 [debug] [MainThread]: SQL status: COMMIT in 0.000 seconds
[0m06:35:32.723277 [debug] [MainThread]: On master: Close
[0m06:35:32.725041 [debug] [Thread-1  ]: Began running node model.enpal_assessment_project.stg_deal_changes_details
[0m06:35:32.725423 [info ] [Thread-1  ]: 1 of 1 START sql table model public_pipedrive_analytics.stg_deal_changes_details  [RUN]
[0m06:35:32.725725 [debug] [Thread-1  ]: Re-using an available connection from the pool (formerly list_postgres_public_pipedrive_analytics, now model.enpal_assessment_project.stg_deal_changes_details)
[0m06:35:32.725959 [debug] [Thread-1  ]: Began compiling node model.enpal_assessment_project.stg_deal_changes_details
[0m06:35:32.733210 [debug] [Thread-1  ]: Writing injected SQL for node "model.enpal_assessment_project.stg_deal_changes_details"
[0m06:35:32.734052 [debug] [Thread-1  ]: Began executing node model.enpal_assessment_project.stg_deal_changes_details
[0m06:35:32.760018 [debug] [Thread-1  ]: Writing runtime sql for node "model.enpal_assessment_project.stg_deal_changes_details"
[0m06:35:32.760669 [debug] [Thread-1  ]: Using postgres connection "model.enpal_assessment_project.stg_deal_changes_details"
[0m06:35:32.760875 [debug] [Thread-1  ]: On model.enpal_assessment_project.stg_deal_changes_details: BEGIN
[0m06:35:32.761059 [debug] [Thread-1  ]: Opening a new connection, currently in state closed
[0m06:35:32.773959 [debug] [Thread-1  ]: SQL status: BEGIN in 0.013 seconds
[0m06:35:32.774238 [debug] [Thread-1  ]: Using postgres connection "model.enpal_assessment_project.stg_deal_changes_details"
[0m06:35:32.774561 [debug] [Thread-1  ]: On model.enpal_assessment_project.stg_deal_changes_details: /* {"app": "dbt", "dbt_version": "1.10.19", "profile_name": "enpal_assessment_project", "target_name": "dev", "node_id": "model.enpal_assessment_project.stg_deal_changes_details"} */

  
    

  create  table "postgres"."public_pipedrive_analytics"."stg_deal_changes_details__dbt_tmp"
  
  
    as
  
  (
    WITH DEAL_CHANGES_BASE AS (
SELECT 
    DC.deal_id, 
    DC.change_time, 
    DC.changed_field_key, 
    DC.new_value, 
    --- Group the add_time field changes
    COUNT(CASE WHEN DC.changed_field_key = 'add_time' THEN 1 END) OVER(PARTITION BY DC.deal_id ORDER BY DC.change_time) AS add_time_group, 
    --- Group the user_id field changes 
    COUNT(CASE WHEN DC.changed_field_key = 'user_id' THEN 1 END) OVER (PARTITION BY DC.deal_id ORDER BY DC.change_time) AS user_group, 
    --- Group for combined status (stage_id OR lost_reason)
    COUNT(CASE WHEN DC.changed_field_key IN ('stage_id', 'lost_reason') THEN 1 END) OVER (PARTITION BY DC.deal_id ORDER BY DC.change_time) as status_group 
FROM "postgres"."public_pipedrive_analytics"."deal_changes" DC 
), 
DEAL_CHANGES_BASE_TRANSFORM AS (
SELECT 
    DCB.deal_id,
    DCB.change_time,
    DCB.changed_field_key,
    DCB.new_value,
    -- Carry forward add_time, user_id, stage_id, lost_reason to form a record with the same value until it's next change occurs
    CAST(FIRST_VALUE(CASE WHEN DCB.changed_field_key = 'add_time' THEN DCB.new_value END) OVER (PARTITION BY DCB.deal_id, DCB.add_time_group ORDER BY DCB.change_time) AS TIMESTAMP) AS add_time, 
    COALESCE(CAST(FIRST_VALUE(CASE WHEN DCB.changed_field_key = 'user_id' THEN DCB.new_value END) OVER (PARTITION BY DCB.deal_id, DCB.user_group ORDER BY DCB.change_time) AS BIGINT), -1) AS user_id, 
    FIRST_VALUE(CASE WHEN DCB.changed_field_key IN ('stage_id', 'lost_reason') THEN DCB.changed_field_key END) OVER (PARTITION BY DCB.deal_id, DCB.status_group ORDER BY DCB.change_time) AS deal_status_type, 
    CAST(FIRST_VALUE(CASE WHEN DCB.changed_field_key IN ('stage_id', 'lost_reason') THEN DCB.new_value END) OVER (PARTITION BY DCB.deal_id, DCB.status_group ORDER BY DCB.change_time) AS INT) AS deal_status_value 
FROM DEAL_CHANGES_BASE DCB
ORDER BY 
    DCB.deal_id, 
    DCB.change_time
)
SELECT 
    BT.deal_id, 
    BT.change_time, 
    BT.changed_field_key, 
    BT.new_value, 
    BT.add_time, 
    BT.user_id, 
    BT.deal_status_type, 
    BT.deal_status_value, 
    U.name AS user_name, 
    U.email AS user_email, 
    S.stage_name, 
    CAST(DATE_PART('YEAR', BT.change_time) AS INT) AS change_year, 
    CAST(DATE_PART('MONTH', BT.change_time) AS INT) AS change_month 
FROM DEAL_CHANGES_BASE_TRANSFORM BT
LEFT JOIN "postgres"."public_pipedrive_analytics"."users" U 
    ON U.id = BT.user_id 
LEFT JOIN (SELECT 'stage_id' AS status_type, stage_id, stage_name FROM "postgres"."public_pipedrive_analytics"."stages"
           
           UNION 
           
           SELECT 'lost_reason' AS status_type, reason_id, reason_label FROM "postgres"."public_pipedrive_analytics"."stg_lost_reasons" 
          ) S 
    ON S.status_type = COALESCE(BT.deal_status_type, 'XXXX') 
    AND S.stage_id = COALESCE(BT.deal_status_value, 0) 
ORDER BY 
    BT.deal_id, 
    BT.change_time
  );
  
[0m06:35:32.870669 [debug] [Thread-1  ]: SQL status: SELECT 15406 in 0.096 seconds
[0m06:35:32.878696 [debug] [Thread-1  ]: Using postgres connection "model.enpal_assessment_project.stg_deal_changes_details"
[0m06:35:32.879052 [debug] [Thread-1  ]: On model.enpal_assessment_project.stg_deal_changes_details: /* {"app": "dbt", "dbt_version": "1.10.19", "profile_name": "enpal_assessment_project", "target_name": "dev", "node_id": "model.enpal_assessment_project.stg_deal_changes_details"} */
alter table "postgres"."public_pipedrive_analytics"."stg_deal_changes_details" rename to "stg_deal_changes_details__dbt_backup"
[0m06:35:32.879963 [debug] [Thread-1  ]: SQL status: ALTER TABLE in 0.001 seconds
[0m06:35:32.882409 [debug] [Thread-1  ]: Using postgres connection "model.enpal_assessment_project.stg_deal_changes_details"
[0m06:35:32.882657 [debug] [Thread-1  ]: On model.enpal_assessment_project.stg_deal_changes_details: /* {"app": "dbt", "dbt_version": "1.10.19", "profile_name": "enpal_assessment_project", "target_name": "dev", "node_id": "model.enpal_assessment_project.stg_deal_changes_details"} */
alter table "postgres"."public_pipedrive_analytics"."stg_deal_changes_details__dbt_tmp" rename to "stg_deal_changes_details"
[0m06:35:32.883291 [debug] [Thread-1  ]: SQL status: ALTER TABLE in 0.000 seconds
[0m06:35:32.898502 [debug] [Thread-1  ]: On model.enpal_assessment_project.stg_deal_changes_details: COMMIT
[0m06:35:32.898791 [debug] [Thread-1  ]: Using postgres connection "model.enpal_assessment_project.stg_deal_changes_details"
[0m06:35:32.899043 [debug] [Thread-1  ]: On model.enpal_assessment_project.stg_deal_changes_details: COMMIT
[0m06:35:32.901797 [debug] [Thread-1  ]: SQL status: COMMIT in 0.002 seconds
[0m06:35:32.907224 [debug] [Thread-1  ]: Applying DROP to: "postgres"."public_pipedrive_analytics"."stg_deal_changes_details__dbt_backup"
[0m06:35:32.910956 [debug] [Thread-1  ]: Using postgres connection "model.enpal_assessment_project.stg_deal_changes_details"
[0m06:35:32.911261 [debug] [Thread-1  ]: On model.enpal_assessment_project.stg_deal_changes_details: /* {"app": "dbt", "dbt_version": "1.10.19", "profile_name": "enpal_assessment_project", "target_name": "dev", "node_id": "model.enpal_assessment_project.stg_deal_changes_details"} */
drop table if exists "postgres"."public_pipedrive_analytics"."stg_deal_changes_details__dbt_backup" cascade
[0m06:35:32.913915 [debug] [Thread-1  ]: SQL status: DROP TABLE in 0.002 seconds
[0m06:35:32.916003 [debug] [Thread-1  ]: On model.enpal_assessment_project.stg_deal_changes_details: Close
[0m06:35:32.917780 [debug] [Thread-1  ]: Sending event: {'category': 'dbt', 'action': 'run_model', 'label': 'b68bd61d-fe67-4480-9fcc-0c0c152bc8e8', 'context': [<snowplow_tracker.self_describing_json.SelfDescribingJson object at 0x10c537820>]}
[0m06:35:32.918352 [info ] [Thread-1  ]: 1 of 1 OK created sql table model public_pipedrive_analytics.stg_deal_changes_details  [[32mSELECT 15406[0m in 0.19s]
[0m06:35:32.918809 [debug] [Thread-1  ]: Finished running node model.enpal_assessment_project.stg_deal_changes_details
[0m06:35:32.919564 [debug] [MainThread]: Using postgres connection "master"
[0m06:35:32.919807 [debug] [MainThread]: On master: BEGIN
[0m06:35:32.920018 [debug] [MainThread]: Opening a new connection, currently in state closed
[0m06:35:32.928694 [debug] [MainThread]: SQL status: BEGIN in 0.009 seconds
[0m06:35:32.928968 [debug] [MainThread]: On master: COMMIT
[0m06:35:32.929173 [debug] [MainThread]: Using postgres connection "master"
[0m06:35:32.929384 [debug] [MainThread]: On master: COMMIT
[0m06:35:32.929831 [debug] [MainThread]: SQL status: COMMIT in 0.000 seconds
[0m06:35:32.930066 [debug] [MainThread]: On master: Close
[0m06:35:32.930364 [debug] [MainThread]: Connection 'master' was properly closed.
[0m06:35:32.930561 [debug] [MainThread]: Connection 'model.enpal_assessment_project.stg_deal_changes_details' was properly closed.
[0m06:35:32.930768 [info ] [MainThread]: 
[0m06:35:32.930993 [info ] [MainThread]: Finished running 1 table model in 0 hours 0 minutes and 0.33 seconds (0.33s).
[0m06:35:32.931473 [debug] [MainThread]: Command end result
[0m06:35:32.950751 [debug] [MainThread]: Wrote artifact WritableManifest to /Users/rajukaju/Projects/dbt_enpal_assessment/target/manifest.json
[0m06:35:32.951861 [debug] [MainThread]: Wrote artifact SemanticManifest to /Users/rajukaju/Projects/dbt_enpal_assessment/target/semantic_manifest.json
[0m06:35:32.956845 [debug] [MainThread]: Wrote artifact RunExecutionResult to /Users/rajukaju/Projects/dbt_enpal_assessment/target/run_results.json
[0m06:35:32.957062 [info ] [MainThread]: 
[0m06:35:32.957290 [info ] [MainThread]: [32mCompleted successfully[0m
[0m06:35:32.957455 [info ] [MainThread]: 
[0m06:35:32.957636 [info ] [MainThread]: Done. PASS=1 WARN=0 ERROR=0 SKIP=0 NO-OP=0 TOTAL=1
[0m06:35:32.961130 [debug] [MainThread]: Resource report: {"command_name": "run", "command_success": true, "command_wall_clock_time": 0.9986419, "process_in_blocks": "0", "process_kernel_time": 0.237085, "process_mem_max_rss": "130187264", "process_out_blocks": "0", "process_user_time": 1.436704}
[0m06:35:32.961388 [debug] [MainThread]: Command `dbt run` succeeded at 06:35:32.961334 after 1.00 seconds
[0m06:35:32.961613 [debug] [MainThread]: Sending event: {'category': 'dbt', 'action': 'invocation', 'label': 'end', 'context': [<snowplow_tracker.self_describing_json.SelfDescribingJson object at 0x109f59220>, <snowplow_tracker.self_describing_json.SelfDescribingJson object at 0x10af83af0>, <snowplow_tracker.self_describing_json.SelfDescribingJson object at 0x10a1df670>]}
[0m06:35:32.961834 [debug] [MainThread]: Flushing usage events
[0m06:35:34.197988 [debug] [MainThread]: An error was encountered while trying to flush usage events
[0m09:14:47.397667 [debug] [MainThread]: Sending event: {'category': 'dbt', 'action': 'invocation', 'label': 'start', 'context': [<snowplow_tracker.self_describing_json.SelfDescribingJson object at 0x109d651c0>, <snowplow_tracker.self_describing_json.SelfDescribingJson object at 0x10ade2f10>, <snowplow_tracker.self_describing_json.SelfDescribingJson object at 0x10ade2100>]}


============================== 09:14:47.400781 | 03364085-cf70-4796-822c-f9c711d191ac ==============================
[0m09:14:47.400781 [info ] [MainThread]: Running with dbt=1.10.19
[0m09:14:47.401142 [debug] [MainThread]: running dbt with arguments {'fail_fast': 'False', 'static_parser': 'True', 'target_path': 'None', 'empty': 'False', 'cache_selected_only': 'False', 'invocation_command': 'dbt run -s stg_activity_detail.sql', 'send_anonymous_usage_stats': 'True', 'use_colors': 'True', 'log_cache_events': 'False', 'warn_error_options': 'WarnErrorOptionsV2(error=[], warn=[], silence=[])', 'introspect': 'True', 'printer_width': '80', 'log_format': 'default', 'profiles_dir': '/Users/rajukaju/Projects/dbt_enpal_assessment', 'quiet': 'False', 'partial_parse': 'True', 'warn_error': 'None', 'write_json': 'True', 'log_path': '/Users/rajukaju/Projects/dbt_enpal_assessment/logs', 'no_print': 'None', 'debug': 'False', 'use_experimental_parser': 'False', 'indirect_selection': 'eager', 'version_check': 'True'}
[0m09:14:47.519453 [debug] [MainThread]: Sending event: {'category': 'dbt', 'action': 'project_id', 'label': '03364085-cf70-4796-822c-f9c711d191ac', 'context': [<snowplow_tracker.self_describing_json.SelfDescribingJson object at 0x1084b81c0>]}
[0m09:14:47.555820 [debug] [MainThread]: Sending event: {'category': 'dbt', 'action': 'adapter_info', 'label': '03364085-cf70-4796-822c-f9c711d191ac', 'context': [<snowplow_tracker.self_describing_json.SelfDescribingJson object at 0x10ad851f0>]}
[0m09:14:47.556554 [info ] [MainThread]: Registered adapter: postgres=1.9.1
[0m09:14:47.630866 [debug] [MainThread]: checksum: c35ba6d374a0901ceb00688d5179d5550885e1756283b03e5e81c28e0d8d2248, vars: {}, profile: , target: , version: 1.10.19
[0m09:14:47.727187 [debug] [MainThread]: Partial parsing enabled: 1 files deleted, 2 files added, 0 files changed.
[0m09:14:47.727528 [debug] [MainThread]: Partial parsing: added file: enpal_assessment_project://models/silver_stage/stg_deal_changes_detail.sql
[0m09:14:47.727721 [debug] [MainThread]: Partial parsing: added file: enpal_assessment_project://models/silver_stage/stg_activity_detail.sql
[0m09:14:47.727875 [debug] [MainThread]: Partial parsing: deleted file: enpal_assessment_project://models/silver_stage/stg_deal_changes_details.sql
[0m09:14:47.917399 [debug] [MainThread]: Sending event: {'category': 'dbt', 'action': 'load_project', 'label': '03364085-cf70-4796-822c-f9c711d191ac', 'context': [<snowplow_tracker.self_describing_json.SelfDescribingJson object at 0x10b4a0280>]}
[0m09:14:47.971445 [debug] [MainThread]: Wrote artifact WritableManifest to /Users/rajukaju/Projects/dbt_enpal_assessment/target/manifest.json
[0m09:14:47.972907 [debug] [MainThread]: Wrote artifact SemanticManifest to /Users/rajukaju/Projects/dbt_enpal_assessment/target/semantic_manifest.json
[0m09:14:47.984616 [debug] [MainThread]: Sending event: {'category': 'dbt', 'action': 'resource_counts', 'label': '03364085-cf70-4796-822c-f9c711d191ac', 'context': [<snowplow_tracker.self_describing_json.SelfDescribingJson object at 0x10b5974f0>]}
[0m09:14:47.984927 [info ] [MainThread]: Found 9 models, 6 sources, 447 macros
[0m09:14:47.985124 [debug] [MainThread]: Sending event: {'category': 'dbt', 'action': 'runnable_timing', 'label': '03364085-cf70-4796-822c-f9c711d191ac', 'context': [<snowplow_tracker.self_describing_json.SelfDescribingJson object at 0x10b4ed400>]}
[0m09:14:47.985945 [info ] [MainThread]: 
[0m09:14:47.986133 [info ] [MainThread]: Concurrency: 1 threads (target='dev')
[0m09:14:47.986292 [info ] [MainThread]: 
[0m09:14:47.986567 [debug] [MainThread]: Acquiring new postgres connection 'master'
[0m09:14:47.987021 [debug] [ThreadPool]: Acquiring new postgres connection 'list_postgres'
[0m09:14:48.024505 [debug] [ThreadPool]: Using postgres connection "list_postgres"
[0m09:14:48.024769 [debug] [ThreadPool]: On list_postgres: /* {"app": "dbt", "dbt_version": "1.10.19", "profile_name": "enpal_assessment_project", "target_name": "dev", "connection_name": "list_postgres"} */

    select distinct nspname from pg_namespace
  
[0m09:14:48.024926 [debug] [ThreadPool]: Opening a new connection, currently in state init
[0m09:14:48.179186 [debug] [ThreadPool]: SQL status: SELECT 5 in 0.154 seconds
[0m09:14:48.180606 [debug] [ThreadPool]: On list_postgres: Close
[0m09:14:48.186280 [debug] [ThreadPool]: Re-using an available connection from the pool (formerly list_postgres, now list_postgres_public_pipedrive_analytics)
[0m09:14:48.192997 [debug] [ThreadPool]: Using postgres connection "list_postgres_public_pipedrive_analytics"
[0m09:14:48.193317 [debug] [ThreadPool]: On list_postgres_public_pipedrive_analytics: BEGIN
[0m09:14:48.193569 [debug] [ThreadPool]: Opening a new connection, currently in state closed
[0m09:14:48.204934 [debug] [ThreadPool]: SQL status: BEGIN in 0.011 seconds
[0m09:14:48.205258 [debug] [ThreadPool]: Using postgres connection "list_postgres_public_pipedrive_analytics"
[0m09:14:48.205564 [debug] [ThreadPool]: On list_postgres_public_pipedrive_analytics: /* {"app": "dbt", "dbt_version": "1.10.19", "profile_name": "enpal_assessment_project", "target_name": "dev", "connection_name": "list_postgres_public_pipedrive_analytics"} */
select
      'postgres' as database,
      tablename as name,
      schemaname as schema,
      'table' as type
    from pg_tables
    where schemaname ilike 'public_pipedrive_analytics'
    union all
    select
      'postgres' as database,
      viewname as name,
      schemaname as schema,
      'view' as type
    from pg_views
    where schemaname ilike 'public_pipedrive_analytics'
    union all
    select
      'postgres' as database,
      matviewname as name,
      schemaname as schema,
      'materialized_view' as type
    from pg_matviews
    where schemaname ilike 'public_pipedrive_analytics'
  
[0m09:14:48.209982 [debug] [ThreadPool]: SQL status: SELECT 8 in 0.004 seconds
[0m09:14:48.211370 [debug] [ThreadPool]: On list_postgres_public_pipedrive_analytics: ROLLBACK
[0m09:14:48.212082 [debug] [ThreadPool]: On list_postgres_public_pipedrive_analytics: Close
[0m09:14:48.218323 [debug] [MainThread]: Using postgres connection "master"
[0m09:14:48.218638 [debug] [MainThread]: On master: BEGIN
[0m09:14:48.218851 [debug] [MainThread]: Opening a new connection, currently in state init
[0m09:14:48.228343 [debug] [MainThread]: SQL status: BEGIN in 0.009 seconds
[0m09:14:48.228697 [debug] [MainThread]: Using postgres connection "master"
[0m09:14:48.228997 [debug] [MainThread]: On master: /* {"app": "dbt", "dbt_version": "1.10.19", "profile_name": "enpal_assessment_project", "target_name": "dev", "connection_name": "master"} */
select distinct
        dependent_namespace.nspname as dependent_schema,
        dependent_class.relname as dependent_name,
        referenced_namespace.nspname as referenced_schema,
        referenced_class.relname as referenced_name

    -- Query for views: views are entries in pg_class with an entry in pg_rewrite, but we avoid
    -- a seq scan on pg_rewrite by leveraging the fact there is an "internal" row in pg_depend for
    -- the view...
    from pg_class as dependent_class
    join pg_namespace as dependent_namespace on dependent_namespace.oid = dependent_class.relnamespace
    join pg_depend as dependent_depend on dependent_depend.refobjid = dependent_class.oid
        and dependent_depend.classid = 'pg_rewrite'::regclass
        and dependent_depend.refclassid = 'pg_class'::regclass
        and dependent_depend.deptype = 'i'

    -- ... and via pg_depend (that has a row per column, hence the need for "distinct" above, and
    -- making sure to exclude the internal row to avoid a view appearing to depend on itself)...
    join pg_depend as joining_depend on joining_depend.objid = dependent_depend.objid
        and joining_depend.classid = 'pg_rewrite'::regclass
        and joining_depend.refclassid = 'pg_class'::regclass
        and joining_depend.refobjid != dependent_depend.refobjid

    -- ... we can find the tables they query from in pg_class, but excluding system tables. Note we
    -- don't need need to exclude _dependent_ system tables, because they only query from other
    -- system tables, and so are automatically excluded by excluding _referenced_ system tables
    join pg_class as referenced_class on referenced_class.oid = joining_depend.refobjid
    join pg_namespace as referenced_namespace on referenced_namespace.oid = referenced_class.relnamespace
        and referenced_namespace.nspname != 'information_schema'
        and referenced_namespace.nspname not like 'pg\_%'

    order by
        dependent_schema, dependent_name, referenced_schema, referenced_name;
[0m09:14:48.232752 [debug] [MainThread]: SQL status: SELECT 0 in 0.003 seconds
[0m09:14:48.233759 [debug] [MainThread]: Sending event: {'category': 'dbt', 'action': 'runnable_timing', 'label': '03364085-cf70-4796-822c-f9c711d191ac', 'context': [<snowplow_tracker.self_describing_json.SelfDescribingJson object at 0x10bee9280>]}
[0m09:14:48.234124 [debug] [MainThread]: On master: ROLLBACK
[0m09:14:48.234799 [debug] [MainThread]: Using postgres connection "master"
[0m09:14:48.235039 [debug] [MainThread]: On master: BEGIN
[0m09:14:48.235951 [debug] [MainThread]: SQL status: BEGIN in 0.001 seconds
[0m09:14:48.236166 [debug] [MainThread]: On master: COMMIT
[0m09:14:48.236358 [debug] [MainThread]: Using postgres connection "master"
[0m09:14:48.236534 [debug] [MainThread]: On master: COMMIT
[0m09:14:48.236964 [debug] [MainThread]: SQL status: COMMIT in 0.000 seconds
[0m09:14:48.237176 [debug] [MainThread]: On master: Close
[0m09:14:48.239133 [debug] [Thread-1  ]: Began running node model.enpal_assessment_project.stg_activity_detail
[0m09:14:48.239538 [info ] [Thread-1  ]: 1 of 1 START sql table model public_pipedrive_analytics.stg_activity_detail .... [RUN]
[0m09:14:48.239901 [debug] [Thread-1  ]: Re-using an available connection from the pool (formerly list_postgres_public_pipedrive_analytics, now model.enpal_assessment_project.stg_activity_detail)
[0m09:14:48.240160 [debug] [Thread-1  ]: Began compiling node model.enpal_assessment_project.stg_activity_detail
[0m09:14:48.246336 [debug] [Thread-1  ]: Writing injected SQL for node "model.enpal_assessment_project.stg_activity_detail"
[0m09:14:48.246876 [debug] [Thread-1  ]: Began executing node model.enpal_assessment_project.stg_activity_detail
[0m09:14:48.274395 [debug] [Thread-1  ]: Writing runtime sql for node "model.enpal_assessment_project.stg_activity_detail"
[0m09:14:48.274994 [debug] [Thread-1  ]: Using postgres connection "model.enpal_assessment_project.stg_activity_detail"
[0m09:14:48.275218 [debug] [Thread-1  ]: On model.enpal_assessment_project.stg_activity_detail: BEGIN
[0m09:14:48.275416 [debug] [Thread-1  ]: Opening a new connection, currently in state closed
[0m09:14:48.285919 [debug] [Thread-1  ]: SQL status: BEGIN in 0.010 seconds
[0m09:14:48.286231 [debug] [Thread-1  ]: Using postgres connection "model.enpal_assessment_project.stg_activity_detail"
[0m09:14:48.286483 [debug] [Thread-1  ]: On model.enpal_assessment_project.stg_activity_detail: /* {"app": "dbt", "dbt_version": "1.10.19", "profile_name": "enpal_assessment_project", "target_name": "dev", "node_id": "model.enpal_assessment_project.stg_activity_detail"} */

  
    

  create  table "postgres"."public_pipedrive_analytics"."stg_activity_detail__dbt_tmp"
  
  
    as
  
  (
    --- Remove the duplicate activities (assuming that activity_id can't be same for different deal and user_id/owner) 
--- prioritize based on 'done' status (TRUE, FALSE) and due_to to keep the activity_id unique 
--- sample duplicate acitivity_id's - 206894, 283308, 283914, 332746, 370773 
--- map the stage_name to the activity_type 
--- derive the year and month from 'due_to'

WITH ACTIVITY_BASE AS (
SELECT 
    A.activity_id, 
    A.type, 
    A.assigned_to_user, 
    A.deal_id, 
    A.done, 
    A.due_to, 
    AT.id AS activity_type_id, 
    AT.name AS activity_name,  
    CASE 
	    A.type 
    	WHEN 'meeting' THEN 'Qualified lead' 
    	WHEN 'sc_2' THEN 'Needs Assessment' 
    	WHEN 'follow_up' THEN 'Follow-up/Customer Success' 
    	WHEN 'after_close_call' THEN 'Closing'
    END AS stage_name,  
    DATE_PART('YEAR', due_to) AS year, 
    DATE_PART('MONTH', due_to) AS month 
    ROW_NUMBER() OVER(PARTITION BY A.activity_id ORDER BY A.done DESC, A.due_to) AS ranking
FROM POSTGRES.PUBLIC_PIPEDRIVE_ANALYTICS.ACTIVITY A
LEFT JOIN POSTGRES.PUBLIC_PIPEDRIVE_ANALYTICS.ACTIVITY_TYPES AT 
    ON AT.type = A.type
) 
SELECT 
    AB.activity_id, 
    AB.type, 
    AB.assigned_to_user, 
    AB.deal_id, 
    AB.done, 
    AB.due_to, 
    AB.activity_type_id, 
    AB.activity_name,  
    AB.stage_name, 
    AB.year, 
    AB.month  
FROM ACTIVITY_BASE AB 
WHERE AB.ranking = 1  --- remove duplicate based on the priority logic / assumption
  );
  
[0m09:14:48.287549 [debug] [Thread-1  ]: Postgres adapter: Postgres error: syntax error at or near "ROW_NUMBER"
LINE 37:     ROW_NUMBER() OVER(PARTITION BY A.activity_id ORDER BY A....
             ^

[0m09:14:48.287756 [debug] [Thread-1  ]: On model.enpal_assessment_project.stg_activity_detail: ROLLBACK
[0m09:14:48.288392 [debug] [Thread-1  ]: On model.enpal_assessment_project.stg_activity_detail: Close
[0m09:14:48.305439 [debug] [Thread-1  ]: Database Error in model stg_activity_detail (models/silver_stage/stg_activity_detail.sql)
  syntax error at or near "ROW_NUMBER"
  LINE 37:     ROW_NUMBER() OVER(PARTITION BY A.activity_id ORDER BY A....
               ^
  compiled code at target/run/enpal_assessment_project/models/silver_stage/stg_activity_detail.sql
[0m09:14:48.306842 [debug] [Thread-1  ]: Sending event: {'category': 'dbt', 'action': 'run_model', 'label': '03364085-cf70-4796-822c-f9c711d191ac', 'context': [<snowplow_tracker.self_describing_json.SelfDescribingJson object at 0x1097f8160>]}
[0m09:14:48.307296 [error] [Thread-1  ]: 1 of 1 ERROR creating sql table model public_pipedrive_analytics.stg_activity_detail  [[31mERROR[0m in 0.07s]
[0m09:14:48.307650 [debug] [Thread-1  ]: Finished running node model.enpal_assessment_project.stg_activity_detail
[0m09:14:48.307971 [debug] [Thread-4  ]: Marking all children of 'model.enpal_assessment_project.stg_activity_detail' to be skipped because of status 'error'.  Reason: Database Error in model stg_activity_detail (models/silver_stage/stg_activity_detail.sql)
  syntax error at or near "ROW_NUMBER"
  LINE 37:     ROW_NUMBER() OVER(PARTITION BY A.activity_id ORDER BY A....
               ^
  compiled code at target/run/enpal_assessment_project/models/silver_stage/stg_activity_detail.sql.
[0m09:14:48.308628 [debug] [MainThread]: Using postgres connection "master"
[0m09:14:48.308837 [debug] [MainThread]: On master: BEGIN
[0m09:14:48.309002 [debug] [MainThread]: Opening a new connection, currently in state closed
[0m09:14:48.319380 [debug] [MainThread]: SQL status: BEGIN in 0.010 seconds
[0m09:14:48.319624 [debug] [MainThread]: On master: COMMIT
[0m09:14:48.319797 [debug] [MainThread]: Using postgres connection "master"
[0m09:14:48.319955 [debug] [MainThread]: On master: COMMIT
[0m09:14:48.320391 [debug] [MainThread]: SQL status: COMMIT in 0.000 seconds
[0m09:14:48.320611 [debug] [MainThread]: On master: Close
[0m09:14:48.320889 [debug] [MainThread]: Connection 'master' was properly closed.
[0m09:14:48.321105 [debug] [MainThread]: Connection 'model.enpal_assessment_project.stg_activity_detail' was properly closed.
[0m09:14:48.321331 [info ] [MainThread]: 
[0m09:14:48.321570 [info ] [MainThread]: Finished running 1 table model in 0 hours 0 minutes and 0.33 seconds (0.33s).
[0m09:14:48.322204 [debug] [MainThread]: Command end result
[0m09:14:48.338111 [debug] [MainThread]: Wrote artifact WritableManifest to /Users/rajukaju/Projects/dbt_enpal_assessment/target/manifest.json
[0m09:14:48.339159 [debug] [MainThread]: Wrote artifact SemanticManifest to /Users/rajukaju/Projects/dbt_enpal_assessment/target/semantic_manifest.json
[0m09:14:48.343773 [debug] [MainThread]: Wrote artifact RunExecutionResult to /Users/rajukaju/Projects/dbt_enpal_assessment/target/run_results.json
[0m09:14:48.344057 [info ] [MainThread]: 
[0m09:14:48.344281 [info ] [MainThread]: [31mCompleted with 1 error, 0 partial successes, and 0 warnings:[0m
[0m09:14:48.344459 [info ] [MainThread]: 
[0m09:14:48.344673 [error] [MainThread]: [31mFailure in model stg_activity_detail (models/silver_stage/stg_activity_detail.sql)[0m
[0m09:14:48.344885 [error] [MainThread]:   Database Error in model stg_activity_detail (models/silver_stage/stg_activity_detail.sql)
  syntax error at or near "ROW_NUMBER"
  LINE 37:     ROW_NUMBER() OVER(PARTITION BY A.activity_id ORDER BY A....
               ^
  compiled code at target/run/enpal_assessment_project/models/silver_stage/stg_activity_detail.sql
[0m09:14:48.345049 [info ] [MainThread]: 
[0m09:14:48.345239 [info ] [MainThread]:   compiled code at target/compiled/enpal_assessment_project/models/silver_stage/stg_activity_detail.sql
[0m09:14:48.345396 [info ] [MainThread]: 
[0m09:14:48.345572 [info ] [MainThread]: Done. PASS=0 WARN=0 ERROR=1 SKIP=0 NO-OP=0 TOTAL=1
[0m09:14:48.347968 [debug] [MainThread]: Resource report: {"command_name": "run", "command_success": false, "command_wall_clock_time": 0.9983524, "process_in_blocks": "0", "process_kernel_time": 0.249951, "process_mem_max_rss": "130285568", "process_out_blocks": "0", "process_user_time": 1.423872}
[0m09:14:48.348196 [debug] [MainThread]: Command `dbt run` failed at 09:14:48.348149 after 1.00 seconds
[0m09:14:48.348409 [debug] [MainThread]: Sending event: {'category': 'dbt', 'action': 'invocation', 'label': 'end', 'context': [<snowplow_tracker.self_describing_json.SelfDescribingJson object at 0x109d651c0>, <snowplow_tracker.self_describing_json.SelfDescribingJson object at 0x10b597fd0>, <snowplow_tracker.self_describing_json.SelfDescribingJson object at 0x10a017160>]}
[0m09:14:48.348620 [debug] [MainThread]: Flushing usage events
[0m09:14:49.404446 [debug] [MainThread]: An error was encountered while trying to flush usage events
[0m09:15:29.873091 [debug] [MainThread]: Sending event: {'category': 'dbt', 'action': 'invocation', 'label': 'start', 'context': [<snowplow_tracker.self_describing_json.SelfDescribingJson object at 0x10a6dd1c0>, <snowplow_tracker.self_describing_json.SelfDescribingJson object at 0x10b75af10>, <snowplow_tracker.self_describing_json.SelfDescribingJson object at 0x10b75a100>]}


============================== 09:15:29.876183 | 22e40310-396a-4189-8304-03841a1ac25a ==============================
[0m09:15:29.876183 [info ] [MainThread]: Running with dbt=1.10.19
[0m09:15:29.876532 [debug] [MainThread]: running dbt with arguments {'empty': 'False', 'write_json': 'True', 'no_print': 'None', 'log_path': '/Users/rajukaju/Projects/dbt_enpal_assessment/logs', 'printer_width': '80', 'version_check': 'True', 'use_experimental_parser': 'False', 'cache_selected_only': 'False', 'partial_parse': 'True', 'use_colors': 'True', 'warn_error_options': 'WarnErrorOptionsV2(error=[], warn=[], silence=[])', 'introspect': 'True', 'log_format': 'default', 'fail_fast': 'False', 'log_cache_events': 'False', 'static_parser': 'True', 'profiles_dir': '/Users/rajukaju/Projects/dbt_enpal_assessment', 'target_path': 'None', 'send_anonymous_usage_stats': 'True', 'invocation_command': 'dbt run -s stg_activity_detail.sql', 'quiet': 'False', 'warn_error': 'None', 'indirect_selection': 'eager', 'debug': 'False'}
[0m09:15:29.994349 [debug] [MainThread]: Sending event: {'category': 'dbt', 'action': 'project_id', 'label': '22e40310-396a-4189-8304-03841a1ac25a', 'context': [<snowplow_tracker.self_describing_json.SelfDescribingJson object at 0x108e301c0>]}
[0m09:15:30.031142 [debug] [MainThread]: Sending event: {'category': 'dbt', 'action': 'adapter_info', 'label': '22e40310-396a-4189-8304-03841a1ac25a', 'context': [<snowplow_tracker.self_describing_json.SelfDescribingJson object at 0x10b6fd1f0>]}
[0m09:15:30.031967 [info ] [MainThread]: Registered adapter: postgres=1.9.1
[0m09:15:30.103669 [debug] [MainThread]: checksum: c35ba6d374a0901ceb00688d5179d5550885e1756283b03e5e81c28e0d8d2248, vars: {}, profile: , target: , version: 1.10.19
[0m09:15:30.199036 [debug] [MainThread]: Partial parsing enabled: 0 files deleted, 0 files added, 1 files changed.
[0m09:15:30.199407 [debug] [MainThread]: Partial parsing: updated file: enpal_assessment_project://models/silver_stage/stg_activity_detail.sql
[0m09:15:30.387502 [debug] [MainThread]: Sending event: {'category': 'dbt', 'action': 'load_project', 'label': '22e40310-396a-4189-8304-03841a1ac25a', 'context': [<snowplow_tracker.self_describing_json.SelfDescribingJson object at 0x1091ac5e0>]}
[0m09:15:30.440906 [debug] [MainThread]: Wrote artifact WritableManifest to /Users/rajukaju/Projects/dbt_enpal_assessment/target/manifest.json
[0m09:15:30.442177 [debug] [MainThread]: Wrote artifact SemanticManifest to /Users/rajukaju/Projects/dbt_enpal_assessment/target/semantic_manifest.json
[0m09:15:30.453623 [debug] [MainThread]: Sending event: {'category': 'dbt', 'action': 'resource_counts', 'label': '22e40310-396a-4189-8304-03841a1ac25a', 'context': [<snowplow_tracker.self_describing_json.SelfDescribingJson object at 0x10b6f1910>]}
[0m09:15:30.453917 [info ] [MainThread]: Found 9 models, 6 sources, 447 macros
[0m09:15:30.454109 [debug] [MainThread]: Sending event: {'category': 'dbt', 'action': 'runnable_timing', 'label': '22e40310-396a-4189-8304-03841a1ac25a', 'context': [<snowplow_tracker.self_describing_json.SelfDescribingJson object at 0x10b6f1cd0>]}
[0m09:15:30.454944 [info ] [MainThread]: 
[0m09:15:30.455137 [info ] [MainThread]: Concurrency: 1 threads (target='dev')
[0m09:15:30.455296 [info ] [MainThread]: 
[0m09:15:30.455567 [debug] [MainThread]: Acquiring new postgres connection 'master'
[0m09:15:30.456019 [debug] [ThreadPool]: Acquiring new postgres connection 'list_postgres'
[0m09:15:30.493839 [debug] [ThreadPool]: Using postgres connection "list_postgres"
[0m09:15:30.494096 [debug] [ThreadPool]: On list_postgres: /* {"app": "dbt", "dbt_version": "1.10.19", "profile_name": "enpal_assessment_project", "target_name": "dev", "connection_name": "list_postgres"} */

    select distinct nspname from pg_namespace
  
[0m09:15:30.494253 [debug] [ThreadPool]: Opening a new connection, currently in state init
[0m09:15:30.536788 [debug] [ThreadPool]: SQL status: SELECT 5 in 0.042 seconds
[0m09:15:30.537679 [debug] [ThreadPool]: On list_postgres: Close
[0m09:15:30.541036 [debug] [ThreadPool]: Re-using an available connection from the pool (formerly list_postgres, now list_postgres_public_pipedrive_analytics)
[0m09:15:30.545332 [debug] [ThreadPool]: Using postgres connection "list_postgres_public_pipedrive_analytics"
[0m09:15:30.545523 [debug] [ThreadPool]: On list_postgres_public_pipedrive_analytics: BEGIN
[0m09:15:30.545682 [debug] [ThreadPool]: Opening a new connection, currently in state closed
[0m09:15:30.555698 [debug] [ThreadPool]: SQL status: BEGIN in 0.010 seconds
[0m09:15:30.555905 [debug] [ThreadPool]: Using postgres connection "list_postgres_public_pipedrive_analytics"
[0m09:15:30.556106 [debug] [ThreadPool]: On list_postgres_public_pipedrive_analytics: /* {"app": "dbt", "dbt_version": "1.10.19", "profile_name": "enpal_assessment_project", "target_name": "dev", "connection_name": "list_postgres_public_pipedrive_analytics"} */
select
      'postgres' as database,
      tablename as name,
      schemaname as schema,
      'table' as type
    from pg_tables
    where schemaname ilike 'public_pipedrive_analytics'
    union all
    select
      'postgres' as database,
      viewname as name,
      schemaname as schema,
      'view' as type
    from pg_views
    where schemaname ilike 'public_pipedrive_analytics'
    union all
    select
      'postgres' as database,
      matviewname as name,
      schemaname as schema,
      'materialized_view' as type
    from pg_matviews
    where schemaname ilike 'public_pipedrive_analytics'
  
[0m09:15:30.560005 [debug] [ThreadPool]: SQL status: SELECT 8 in 0.004 seconds
[0m09:15:30.560921 [debug] [ThreadPool]: On list_postgres_public_pipedrive_analytics: ROLLBACK
[0m09:15:30.561421 [debug] [ThreadPool]: On list_postgres_public_pipedrive_analytics: Close
[0m09:15:30.566083 [debug] [MainThread]: Using postgres connection "master"
[0m09:15:30.566314 [debug] [MainThread]: On master: BEGIN
[0m09:15:30.566481 [debug] [MainThread]: Opening a new connection, currently in state init
[0m09:15:30.575196 [debug] [MainThread]: SQL status: BEGIN in 0.009 seconds
[0m09:15:30.575432 [debug] [MainThread]: Using postgres connection "master"
[0m09:15:30.575680 [debug] [MainThread]: On master: /* {"app": "dbt", "dbt_version": "1.10.19", "profile_name": "enpal_assessment_project", "target_name": "dev", "connection_name": "master"} */
select distinct
        dependent_namespace.nspname as dependent_schema,
        dependent_class.relname as dependent_name,
        referenced_namespace.nspname as referenced_schema,
        referenced_class.relname as referenced_name

    -- Query for views: views are entries in pg_class with an entry in pg_rewrite, but we avoid
    -- a seq scan on pg_rewrite by leveraging the fact there is an "internal" row in pg_depend for
    -- the view...
    from pg_class as dependent_class
    join pg_namespace as dependent_namespace on dependent_namespace.oid = dependent_class.relnamespace
    join pg_depend as dependent_depend on dependent_depend.refobjid = dependent_class.oid
        and dependent_depend.classid = 'pg_rewrite'::regclass
        and dependent_depend.refclassid = 'pg_class'::regclass
        and dependent_depend.deptype = 'i'

    -- ... and via pg_depend (that has a row per column, hence the need for "distinct" above, and
    -- making sure to exclude the internal row to avoid a view appearing to depend on itself)...
    join pg_depend as joining_depend on joining_depend.objid = dependent_depend.objid
        and joining_depend.classid = 'pg_rewrite'::regclass
        and joining_depend.refclassid = 'pg_class'::regclass
        and joining_depend.refobjid != dependent_depend.refobjid

    -- ... we can find the tables they query from in pg_class, but excluding system tables. Note we
    -- don't need need to exclude _dependent_ system tables, because they only query from other
    -- system tables, and so are automatically excluded by excluding _referenced_ system tables
    join pg_class as referenced_class on referenced_class.oid = joining_depend.refobjid
    join pg_namespace as referenced_namespace on referenced_namespace.oid = referenced_class.relnamespace
        and referenced_namespace.nspname != 'information_schema'
        and referenced_namespace.nspname not like 'pg\_%'

    order by
        dependent_schema, dependent_name, referenced_schema, referenced_name;
[0m09:15:30.579997 [debug] [MainThread]: SQL status: SELECT 0 in 0.004 seconds
[0m09:15:30.580774 [debug] [MainThread]: Sending event: {'category': 'dbt', 'action': 'runnable_timing', 'label': '22e40310-396a-4189-8304-03841a1ac25a', 'context': [<snowplow_tracker.self_describing_json.SelfDescribingJson object at 0x10c7f0880>]}
[0m09:15:30.581073 [debug] [MainThread]: On master: ROLLBACK
[0m09:15:30.581536 [debug] [MainThread]: Using postgres connection "master"
[0m09:15:30.581770 [debug] [MainThread]: On master: BEGIN
[0m09:15:30.582453 [debug] [MainThread]: SQL status: BEGIN in 0.000 seconds
[0m09:15:30.582678 [debug] [MainThread]: On master: COMMIT
[0m09:15:30.582871 [debug] [MainThread]: Using postgres connection "master"
[0m09:15:30.583052 [debug] [MainThread]: On master: COMMIT
[0m09:15:30.583469 [debug] [MainThread]: SQL status: COMMIT in 0.000 seconds
[0m09:15:30.583677 [debug] [MainThread]: On master: Close
[0m09:15:30.585417 [debug] [Thread-1  ]: Began running node model.enpal_assessment_project.stg_activity_detail
[0m09:15:30.585790 [info ] [Thread-1  ]: 1 of 1 START sql table model public_pipedrive_analytics.stg_activity_detail .... [RUN]
[0m09:15:30.586099 [debug] [Thread-1  ]: Re-using an available connection from the pool (formerly list_postgres_public_pipedrive_analytics, now model.enpal_assessment_project.stg_activity_detail)
[0m09:15:30.586334 [debug] [Thread-1  ]: Began compiling node model.enpal_assessment_project.stg_activity_detail
[0m09:15:30.592243 [debug] [Thread-1  ]: Writing injected SQL for node "model.enpal_assessment_project.stg_activity_detail"
[0m09:15:30.592713 [debug] [Thread-1  ]: Began executing node model.enpal_assessment_project.stg_activity_detail
[0m09:15:30.619005 [debug] [Thread-1  ]: Writing runtime sql for node "model.enpal_assessment_project.stg_activity_detail"
[0m09:15:30.619466 [debug] [Thread-1  ]: Using postgres connection "model.enpal_assessment_project.stg_activity_detail"
[0m09:15:30.619667 [debug] [Thread-1  ]: On model.enpal_assessment_project.stg_activity_detail: BEGIN
[0m09:15:30.619851 [debug] [Thread-1  ]: Opening a new connection, currently in state closed
[0m09:15:30.630674 [debug] [Thread-1  ]: SQL status: BEGIN in 0.011 seconds
[0m09:15:30.630949 [debug] [Thread-1  ]: Using postgres connection "model.enpal_assessment_project.stg_activity_detail"
[0m09:15:30.631220 [debug] [Thread-1  ]: On model.enpal_assessment_project.stg_activity_detail: /* {"app": "dbt", "dbt_version": "1.10.19", "profile_name": "enpal_assessment_project", "target_name": "dev", "node_id": "model.enpal_assessment_project.stg_activity_detail"} */

  
    

  create  table "postgres"."public_pipedrive_analytics"."stg_activity_detail__dbt_tmp"
  
  
    as
  
  (
    --- Remove the duplicate activities (assuming that activity_id can't be same for different deal and user_id/owner) 
--- prioritize based on 'done' status (TRUE, FALSE) and due_to to keep the activity_id unique 
--- sample duplicate acitivity_id's - 206894, 283308, 283914, 332746, 370773 
--- map the stage_name to the activity_type 
--- derive the year and month from 'due_to'

WITH ACTIVITY_BASE AS (
SELECT 
    A.activity_id, 
    A.type, 
    A.assigned_to_user, 
    A.deal_id, 
    A.done, 
    A.due_to, 
    AT.id AS activity_type_id, 
    AT.name AS activity_name,  
    CASE 
	    A.type 
    	WHEN 'meeting' THEN 'Qualified lead' 
    	WHEN 'sc_2' THEN 'Needs Assessment' 
    	WHEN 'follow_up' THEN 'Follow-up/Customer Success' 
    	WHEN 'after_close_call' THEN 'Closing'
    END AS stage_name,  
    DATE_PART('YEAR', due_to) AS year, 
    DATE_PART('MONTH', due_to) AS month,  
    ROW_NUMBER() OVER(PARTITION BY A.activity_id ORDER BY A.done DESC, A.due_to) AS ranking
FROM POSTGRES.PUBLIC_PIPEDRIVE_ANALYTICS.ACTIVITY A
LEFT JOIN POSTGRES.PUBLIC_PIPEDRIVE_ANALYTICS.ACTIVITY_TYPES AT 
    ON AT.type = A.type
) 
SELECT 
    AB.activity_id, 
    AB.type, 
    AB.assigned_to_user, 
    AB.deal_id, 
    AB.done, 
    AB.due_to, 
    AB.activity_type_id, 
    AB.activity_name,  
    AB.stage_name, 
    AB.year, 
    AB.month  
FROM ACTIVITY_BASE AB 
WHERE AB.ranking = 1  --- remove duplicate based on the priority logic / assumption
  );
  
[0m09:15:30.651173 [debug] [Thread-1  ]: SQL status: SELECT 4568 in 0.020 seconds
[0m09:15:30.660145 [debug] [Thread-1  ]: Using postgres connection "model.enpal_assessment_project.stg_activity_detail"
[0m09:15:30.660428 [debug] [Thread-1  ]: On model.enpal_assessment_project.stg_activity_detail: /* {"app": "dbt", "dbt_version": "1.10.19", "profile_name": "enpal_assessment_project", "target_name": "dev", "node_id": "model.enpal_assessment_project.stg_activity_detail"} */
alter table "postgres"."public_pipedrive_analytics"."stg_activity_detail__dbt_tmp" rename to "stg_activity_detail"
[0m09:15:30.661193 [debug] [Thread-1  ]: SQL status: ALTER TABLE in 0.001 seconds
[0m09:15:30.672084 [debug] [Thread-1  ]: On model.enpal_assessment_project.stg_activity_detail: COMMIT
[0m09:15:30.672337 [debug] [Thread-1  ]: Using postgres connection "model.enpal_assessment_project.stg_activity_detail"
[0m09:15:30.672552 [debug] [Thread-1  ]: On model.enpal_assessment_project.stg_activity_detail: COMMIT
[0m09:15:30.674401 [debug] [Thread-1  ]: SQL status: COMMIT in 0.002 seconds
[0m09:15:30.678934 [debug] [Thread-1  ]: Applying DROP to: "postgres"."public_pipedrive_analytics"."stg_activity_detail__dbt_backup"
[0m09:15:30.681966 [debug] [Thread-1  ]: Using postgres connection "model.enpal_assessment_project.stg_activity_detail"
[0m09:15:30.682203 [debug] [Thread-1  ]: On model.enpal_assessment_project.stg_activity_detail: /* {"app": "dbt", "dbt_version": "1.10.19", "profile_name": "enpal_assessment_project", "target_name": "dev", "node_id": "model.enpal_assessment_project.stg_activity_detail"} */
drop table if exists "postgres"."public_pipedrive_analytics"."stg_activity_detail__dbt_backup" cascade
[0m09:15:30.682820 [debug] [Thread-1  ]: SQL status: DROP TABLE in 0.000 seconds
[0m09:15:30.684457 [debug] [Thread-1  ]: On model.enpal_assessment_project.stg_activity_detail: Close
[0m09:15:30.685877 [debug] [Thread-1  ]: Sending event: {'category': 'dbt', 'action': 'run_model', 'label': '22e40310-396a-4189-8304-03841a1ac25a', 'context': [<snowplow_tracker.self_describing_json.SelfDescribingJson object at 0x10ccb1b80>]}
[0m09:15:30.686319 [info ] [Thread-1  ]: 1 of 1 OK created sql table model public_pipedrive_analytics.stg_activity_detail  [[32mSELECT 4568[0m in 0.10s]
[0m09:15:30.686673 [debug] [Thread-1  ]: Finished running node model.enpal_assessment_project.stg_activity_detail
[0m09:15:30.687298 [debug] [MainThread]: Using postgres connection "master"
[0m09:15:30.687508 [debug] [MainThread]: On master: BEGIN
[0m09:15:30.687675 [debug] [MainThread]: Opening a new connection, currently in state closed
[0m09:15:30.694126 [debug] [MainThread]: SQL status: BEGIN in 0.006 seconds
[0m09:15:30.694357 [debug] [MainThread]: On master: COMMIT
[0m09:15:30.694529 [debug] [MainThread]: Using postgres connection "master"
[0m09:15:30.694693 [debug] [MainThread]: On master: COMMIT
[0m09:15:30.695066 [debug] [MainThread]: SQL status: COMMIT in 0.000 seconds
[0m09:15:30.695239 [debug] [MainThread]: On master: Close
[0m09:15:30.695481 [debug] [MainThread]: Connection 'master' was properly closed.
[0m09:15:30.695645 [debug] [MainThread]: Connection 'model.enpal_assessment_project.stg_activity_detail' was properly closed.
[0m09:15:30.695826 [info ] [MainThread]: 
[0m09:15:30.696015 [info ] [MainThread]: Finished running 1 table model in 0 hours 0 minutes and 0.24 seconds (0.24s).
[0m09:15:30.696421 [debug] [MainThread]: Command end result
[0m09:15:30.712860 [debug] [MainThread]: Wrote artifact WritableManifest to /Users/rajukaju/Projects/dbt_enpal_assessment/target/manifest.json
[0m09:15:30.713849 [debug] [MainThread]: Wrote artifact SemanticManifest to /Users/rajukaju/Projects/dbt_enpal_assessment/target/semantic_manifest.json
[0m09:15:30.718119 [debug] [MainThread]: Wrote artifact RunExecutionResult to /Users/rajukaju/Projects/dbt_enpal_assessment/target/run_results.json
[0m09:15:30.718301 [info ] [MainThread]: 
[0m09:15:30.718525 [info ] [MainThread]: [32mCompleted successfully[0m
[0m09:15:30.718696 [info ] [MainThread]: 
[0m09:15:30.718876 [info ] [MainThread]: Done. PASS=1 WARN=0 ERROR=0 SKIP=0 NO-OP=0 TOTAL=1
[0m09:15:30.720656 [debug] [MainThread]: Resource report: {"command_name": "run", "command_success": true, "command_wall_clock_time": 0.8940811, "process_in_blocks": "0", "process_kernel_time": 0.231518, "process_mem_max_rss": "130236416", "process_out_blocks": "0", "process_user_time": 1.425149}
[0m09:15:30.720881 [debug] [MainThread]: Command `dbt run` succeeded at 09:15:30.720834 after 0.89 seconds
[0m09:15:30.721090 [debug] [MainThread]: Sending event: {'category': 'dbt', 'action': 'invocation', 'label': 'end', 'context': [<snowplow_tracker.self_describing_json.SelfDescribingJson object at 0x10a6dd1c0>, <snowplow_tracker.self_describing_json.SelfDescribingJson object at 0x10bdf9190>, <snowplow_tracker.self_describing_json.SelfDescribingJson object at 0x10a9d2850>]}
[0m09:15:30.721305 [debug] [MainThread]: Flushing usage events
[0m09:15:31.819148 [debug] [MainThread]: An error was encountered while trying to flush usage events
[0m09:18:24.260179 [debug] [MainThread]: Sending event: {'category': 'dbt', 'action': 'invocation', 'label': 'start', 'context': [<snowplow_tracker.self_describing_json.SelfDescribingJson object at 0x10c6811f0>, <snowplow_tracker.self_describing_json.SelfDescribingJson object at 0x10d6ffe20>, <snowplow_tracker.self_describing_json.SelfDescribingJson object at 0x10d6ff220>]}


============================== 09:18:24.263305 | 89b1064e-c44a-4cab-88ea-b5a274e0eaf0 ==============================
[0m09:18:24.263305 [info ] [MainThread]: Running with dbt=1.10.19
[0m09:18:24.263655 [debug] [MainThread]: running dbt with arguments {'partial_parse': 'True', 'introspect': 'True', 'fail_fast': 'False', 'log_cache_events': 'False', 'log_format': 'default', 'log_path': '/Users/rajukaju/Projects/dbt_enpal_assessment/logs', 'no_print': 'None', 'static_parser': 'True', 'cache_selected_only': 'False', 'indirect_selection': 'eager', 'write_json': 'True', 'profiles_dir': '/Users/rajukaju/Projects/dbt_enpal_assessment', 'target_path': 'None', 'quiet': 'False', 'warn_error': 'None', 'use_experimental_parser': 'False', 'printer_width': '80', 'warn_error_options': 'WarnErrorOptionsV2(error=[], warn=[], silence=[])', 'use_colors': 'True', 'send_anonymous_usage_stats': 'True', 'debug': 'False', 'empty': 'False', 'version_check': 'True', 'invocation_command': 'dbt run -s stg_deal_changes_detail.sql'}
[0m09:18:24.378699 [debug] [MainThread]: Sending event: {'category': 'dbt', 'action': 'project_id', 'label': '89b1064e-c44a-4cab-88ea-b5a274e0eaf0', 'context': [<snowplow_tracker.self_describing_json.SelfDescribingJson object at 0x10add4220>]}
[0m09:18:24.415127 [debug] [MainThread]: Sending event: {'category': 'dbt', 'action': 'adapter_info', 'label': '89b1064e-c44a-4cab-88ea-b5a274e0eaf0', 'context': [<snowplow_tracker.self_describing_json.SelfDescribingJson object at 0x10d6b6b80>]}
[0m09:18:24.415801 [info ] [MainThread]: Registered adapter: postgres=1.9.1
[0m09:18:24.486866 [debug] [MainThread]: checksum: c35ba6d374a0901ceb00688d5179d5550885e1756283b03e5e81c28e0d8d2248, vars: {}, profile: , target: , version: 1.10.19
[0m09:18:24.584353 [debug] [MainThread]: Partial parsing enabled: 0 files deleted, 0 files added, 0 files changed.
[0m09:18:24.584597 [debug] [MainThread]: Partial parsing enabled, no changes found, skipping parsing
[0m09:18:24.610572 [debug] [MainThread]: Sending event: {'category': 'dbt', 'action': 'load_project', 'label': '89b1064e-c44a-4cab-88ea-b5a274e0eaf0', 'context': [<snowplow_tracker.self_describing_json.SelfDescribingJson object at 0x10e76c130>]}
[0m09:18:24.665871 [debug] [MainThread]: Wrote artifact WritableManifest to /Users/rajukaju/Projects/dbt_enpal_assessment/target/manifest.json
[0m09:18:24.667354 [debug] [MainThread]: Wrote artifact SemanticManifest to /Users/rajukaju/Projects/dbt_enpal_assessment/target/semantic_manifest.json
[0m09:18:24.679007 [debug] [MainThread]: Sending event: {'category': 'dbt', 'action': 'resource_counts', 'label': '89b1064e-c44a-4cab-88ea-b5a274e0eaf0', 'context': [<snowplow_tracker.self_describing_json.SelfDescribingJson object at 0x10e69d8b0>]}
[0m09:18:24.679316 [info ] [MainThread]: Found 9 models, 6 sources, 447 macros
[0m09:18:24.679510 [debug] [MainThread]: Sending event: {'category': 'dbt', 'action': 'runnable_timing', 'label': '89b1064e-c44a-4cab-88ea-b5a274e0eaf0', 'context': [<snowplow_tracker.self_describing_json.SelfDescribingJson object at 0x10e7bb190>]}
[0m09:18:24.680368 [info ] [MainThread]: 
[0m09:18:24.680560 [info ] [MainThread]: Concurrency: 1 threads (target='dev')
[0m09:18:24.680717 [info ] [MainThread]: 
[0m09:18:24.680995 [debug] [MainThread]: Acquiring new postgres connection 'master'
[0m09:18:24.681440 [debug] [ThreadPool]: Acquiring new postgres connection 'list_postgres'
[0m09:18:24.747335 [debug] [ThreadPool]: Using postgres connection "list_postgres"
[0m09:18:24.747594 [debug] [ThreadPool]: On list_postgres: /* {"app": "dbt", "dbt_version": "1.10.19", "profile_name": "enpal_assessment_project", "target_name": "dev", "connection_name": "list_postgres"} */

    select distinct nspname from pg_namespace
  
[0m09:18:24.747759 [debug] [ThreadPool]: Opening a new connection, currently in state init
[0m09:18:24.789092 [debug] [ThreadPool]: SQL status: SELECT 5 in 0.041 seconds
[0m09:18:24.790024 [debug] [ThreadPool]: On list_postgres: Close
[0m09:18:24.793873 [debug] [ThreadPool]: Re-using an available connection from the pool (formerly list_postgres, now list_postgres_public_pipedrive_analytics)
[0m09:18:24.798533 [debug] [ThreadPool]: Using postgres connection "list_postgres_public_pipedrive_analytics"
[0m09:18:24.798754 [debug] [ThreadPool]: On list_postgres_public_pipedrive_analytics: BEGIN
[0m09:18:24.798925 [debug] [ThreadPool]: Opening a new connection, currently in state closed
[0m09:18:24.808662 [debug] [ThreadPool]: SQL status: BEGIN in 0.010 seconds
[0m09:18:24.808898 [debug] [ThreadPool]: Using postgres connection "list_postgres_public_pipedrive_analytics"
[0m09:18:24.809107 [debug] [ThreadPool]: On list_postgres_public_pipedrive_analytics: /* {"app": "dbt", "dbt_version": "1.10.19", "profile_name": "enpal_assessment_project", "target_name": "dev", "connection_name": "list_postgres_public_pipedrive_analytics"} */
select
      'postgres' as database,
      tablename as name,
      schemaname as schema,
      'table' as type
    from pg_tables
    where schemaname ilike 'public_pipedrive_analytics'
    union all
    select
      'postgres' as database,
      viewname as name,
      schemaname as schema,
      'view' as type
    from pg_views
    where schemaname ilike 'public_pipedrive_analytics'
    union all
    select
      'postgres' as database,
      matviewname as name,
      schemaname as schema,
      'materialized_view' as type
    from pg_matviews
    where schemaname ilike 'public_pipedrive_analytics'
  
[0m09:18:24.811633 [debug] [ThreadPool]: SQL status: SELECT 9 in 0.002 seconds
[0m09:18:24.812624 [debug] [ThreadPool]: On list_postgres_public_pipedrive_analytics: ROLLBACK
[0m09:18:24.813110 [debug] [ThreadPool]: On list_postgres_public_pipedrive_analytics: Close
[0m09:18:24.817914 [debug] [MainThread]: Using postgres connection "master"
[0m09:18:24.818151 [debug] [MainThread]: On master: BEGIN
[0m09:18:24.818323 [debug] [MainThread]: Opening a new connection, currently in state init
[0m09:18:24.825740 [debug] [MainThread]: SQL status: BEGIN in 0.007 seconds
[0m09:18:24.825978 [debug] [MainThread]: Using postgres connection "master"
[0m09:18:24.826216 [debug] [MainThread]: On master: /* {"app": "dbt", "dbt_version": "1.10.19", "profile_name": "enpal_assessment_project", "target_name": "dev", "connection_name": "master"} */
select distinct
        dependent_namespace.nspname as dependent_schema,
        dependent_class.relname as dependent_name,
        referenced_namespace.nspname as referenced_schema,
        referenced_class.relname as referenced_name

    -- Query for views: views are entries in pg_class with an entry in pg_rewrite, but we avoid
    -- a seq scan on pg_rewrite by leveraging the fact there is an "internal" row in pg_depend for
    -- the view...
    from pg_class as dependent_class
    join pg_namespace as dependent_namespace on dependent_namespace.oid = dependent_class.relnamespace
    join pg_depend as dependent_depend on dependent_depend.refobjid = dependent_class.oid
        and dependent_depend.classid = 'pg_rewrite'::regclass
        and dependent_depend.refclassid = 'pg_class'::regclass
        and dependent_depend.deptype = 'i'

    -- ... and via pg_depend (that has a row per column, hence the need for "distinct" above, and
    -- making sure to exclude the internal row to avoid a view appearing to depend on itself)...
    join pg_depend as joining_depend on joining_depend.objid = dependent_depend.objid
        and joining_depend.classid = 'pg_rewrite'::regclass
        and joining_depend.refclassid = 'pg_class'::regclass
        and joining_depend.refobjid != dependent_depend.refobjid

    -- ... we can find the tables they query from in pg_class, but excluding system tables. Note we
    -- don't need need to exclude _dependent_ system tables, because they only query from other
    -- system tables, and so are automatically excluded by excluding _referenced_ system tables
    join pg_class as referenced_class on referenced_class.oid = joining_depend.refobjid
    join pg_namespace as referenced_namespace on referenced_namespace.oid = referenced_class.relnamespace
        and referenced_namespace.nspname != 'information_schema'
        and referenced_namespace.nspname not like 'pg\_%'

    order by
        dependent_schema, dependent_name, referenced_schema, referenced_name;
[0m09:18:24.828600 [debug] [MainThread]: SQL status: SELECT 0 in 0.002 seconds
[0m09:18:24.829384 [debug] [MainThread]: Sending event: {'category': 'dbt', 'action': 'runnable_timing', 'label': '89b1064e-c44a-4cab-88ea-b5a274e0eaf0', 'context': [<snowplow_tracker.self_describing_json.SelfDescribingJson object at 0x10e6e0580>]}
[0m09:18:24.829704 [debug] [MainThread]: On master: ROLLBACK
[0m09:18:24.830153 [debug] [MainThread]: Using postgres connection "master"
[0m09:18:24.830356 [debug] [MainThread]: On master: BEGIN
[0m09:18:24.830976 [debug] [MainThread]: SQL status: BEGIN in 0.000 seconds
[0m09:18:24.831201 [debug] [MainThread]: On master: COMMIT
[0m09:18:24.831392 [debug] [MainThread]: Using postgres connection "master"
[0m09:18:24.831572 [debug] [MainThread]: On master: COMMIT
[0m09:18:24.832401 [debug] [MainThread]: SQL status: COMMIT in 0.001 seconds
[0m09:18:24.832593 [debug] [MainThread]: On master: Close
[0m09:18:24.835752 [debug] [Thread-1  ]: Began running node model.enpal_assessment_project.stg_deal_changes_detail
[0m09:18:24.836108 [info ] [Thread-1  ]: 1 of 1 START sql table model public_pipedrive_analytics.stg_deal_changes_detail  [RUN]
[0m09:18:24.836406 [debug] [Thread-1  ]: Re-using an available connection from the pool (formerly list_postgres_public_pipedrive_analytics, now model.enpal_assessment_project.stg_deal_changes_detail)
[0m09:18:24.836637 [debug] [Thread-1  ]: Began compiling node model.enpal_assessment_project.stg_deal_changes_detail
[0m09:18:24.843637 [debug] [Thread-1  ]: Writing injected SQL for node "model.enpal_assessment_project.stg_deal_changes_detail"
[0m09:18:24.844362 [debug] [Thread-1  ]: Began executing node model.enpal_assessment_project.stg_deal_changes_detail
[0m09:18:24.870012 [debug] [Thread-1  ]: Writing runtime sql for node "model.enpal_assessment_project.stg_deal_changes_detail"
[0m09:18:24.870437 [debug] [Thread-1  ]: Using postgres connection "model.enpal_assessment_project.stg_deal_changes_detail"
[0m09:18:24.870634 [debug] [Thread-1  ]: On model.enpal_assessment_project.stg_deal_changes_detail: BEGIN
[0m09:18:24.870825 [debug] [Thread-1  ]: Opening a new connection, currently in state closed
[0m09:18:24.881545 [debug] [Thread-1  ]: SQL status: BEGIN in 0.011 seconds
[0m09:18:24.881797 [debug] [Thread-1  ]: Using postgres connection "model.enpal_assessment_project.stg_deal_changes_detail"
[0m09:18:24.882115 [debug] [Thread-1  ]: On model.enpal_assessment_project.stg_deal_changes_detail: /* {"app": "dbt", "dbt_version": "1.10.19", "profile_name": "enpal_assessment_project", "target_name": "dev", "node_id": "model.enpal_assessment_project.stg_deal_changes_detail"} */

  
    

  create  table "postgres"."public_pipedrive_analytics"."stg_deal_changes_detail__dbt_tmp"
  
  
    as
  
  (
    WITH DEAL_CHANGES_BASE AS (
SELECT 
    DC.deal_id, 
    DC.change_time, 
    DC.changed_field_key, 
    DC.new_value, 
    --- Group the add_time field changes
    COUNT(CASE WHEN DC.changed_field_key = 'add_time' THEN 1 END) OVER(PARTITION BY DC.deal_id ORDER BY DC.change_time) AS add_time_group, 
    --- Group the user_id field changes 
    COUNT(CASE WHEN DC.changed_field_key = 'user_id' THEN 1 END) OVER (PARTITION BY DC.deal_id ORDER BY DC.change_time) AS user_group, 
    --- Group for combined status (stage_id OR lost_reason)
    COUNT(CASE WHEN DC.changed_field_key IN ('stage_id', 'lost_reason') THEN 1 END) OVER (PARTITION BY DC.deal_id ORDER BY DC.change_time) as status_group 
FROM "postgres"."public_pipedrive_analytics"."deal_changes" DC 
), 
DEAL_CHANGES_BASE_TRANSFORM AS (
SELECT 
    DCB.deal_id,
    DCB.change_time,
    DCB.changed_field_key,
    DCB.new_value,
    -- Carry forward add_time, user_id, stage_id, lost_reason to form a record with the same value until it's next change occurs
    CAST(FIRST_VALUE(CASE WHEN DCB.changed_field_key = 'add_time' THEN DCB.new_value END) OVER (PARTITION BY DCB.deal_id, DCB.add_time_group ORDER BY DCB.change_time) AS TIMESTAMP) AS add_time, 
    COALESCE(CAST(FIRST_VALUE(CASE WHEN DCB.changed_field_key = 'user_id' THEN DCB.new_value END) OVER (PARTITION BY DCB.deal_id, DCB.user_group ORDER BY DCB.change_time) AS BIGINT), -1) AS user_id, 
    FIRST_VALUE(CASE WHEN DCB.changed_field_key IN ('stage_id', 'lost_reason') THEN DCB.changed_field_key END) OVER (PARTITION BY DCB.deal_id, DCB.status_group ORDER BY DCB.change_time) AS deal_status_type, 
    CAST(FIRST_VALUE(CASE WHEN DCB.changed_field_key IN ('stage_id', 'lost_reason') THEN DCB.new_value END) OVER (PARTITION BY DCB.deal_id, DCB.status_group ORDER BY DCB.change_time) AS INT) AS deal_status_value 
FROM DEAL_CHANGES_BASE DCB
ORDER BY 
    DCB.deal_id, 
    DCB.change_time
)
SELECT 
    BT.deal_id, 
    BT.change_time, 
    BT.changed_field_key, 
    BT.new_value, 
    BT.add_time, 
    BT.user_id, 
    BT.deal_status_type, 
    BT.deal_status_value, 
    U.name AS user_name, 
    U.email AS user_email, 
    S.stage_name, 
    CAST(DATE_PART('YEAR', BT.change_time) AS INT) AS change_year, 
    CAST(DATE_PART('MONTH', BT.change_time) AS INT) AS change_month 
FROM DEAL_CHANGES_BASE_TRANSFORM BT
LEFT JOIN "postgres"."public_pipedrive_analytics"."users" U 
    ON U.id = BT.user_id 
LEFT JOIN (SELECT 'stage_id' AS status_type, stage_id, stage_name FROM "postgres"."public_pipedrive_analytics"."stages"
           
           UNION 
           
           SELECT 'lost_reason' AS status_type, reason_id, reason_label FROM "postgres"."public_pipedrive_analytics"."stg_lost_reasons" 
          ) S 
    ON S.status_type = COALESCE(BT.deal_status_type, 'XXXX') 
    AND S.stage_id = COALESCE(BT.deal_status_value, 0) 
ORDER BY 
    BT.deal_id, 
    BT.change_time
  );
  
[0m09:18:24.981360 [debug] [Thread-1  ]: SQL status: SELECT 15406 in 0.099 seconds
[0m09:18:24.989341 [debug] [Thread-1  ]: Using postgres connection "model.enpal_assessment_project.stg_deal_changes_detail"
[0m09:18:24.989624 [debug] [Thread-1  ]: On model.enpal_assessment_project.stg_deal_changes_detail: /* {"app": "dbt", "dbt_version": "1.10.19", "profile_name": "enpal_assessment_project", "target_name": "dev", "node_id": "model.enpal_assessment_project.stg_deal_changes_detail"} */
alter table "postgres"."public_pipedrive_analytics"."stg_deal_changes_detail__dbt_tmp" rename to "stg_deal_changes_detail"
[0m09:18:24.990463 [debug] [Thread-1  ]: SQL status: ALTER TABLE in 0.001 seconds
[0m09:18:25.003116 [debug] [Thread-1  ]: On model.enpal_assessment_project.stg_deal_changes_detail: COMMIT
[0m09:18:25.003508 [debug] [Thread-1  ]: Using postgres connection "model.enpal_assessment_project.stg_deal_changes_detail"
[0m09:18:25.003851 [debug] [Thread-1  ]: On model.enpal_assessment_project.stg_deal_changes_detail: COMMIT
[0m09:18:25.007374 [debug] [Thread-1  ]: SQL status: COMMIT in 0.003 seconds
[0m09:18:25.012859 [debug] [Thread-1  ]: Applying DROP to: "postgres"."public_pipedrive_analytics"."stg_deal_changes_detail__dbt_backup"
[0m09:18:25.016512 [debug] [Thread-1  ]: Using postgres connection "model.enpal_assessment_project.stg_deal_changes_detail"
[0m09:18:25.016795 [debug] [Thread-1  ]: On model.enpal_assessment_project.stg_deal_changes_detail: /* {"app": "dbt", "dbt_version": "1.10.19", "profile_name": "enpal_assessment_project", "target_name": "dev", "node_id": "model.enpal_assessment_project.stg_deal_changes_detail"} */
drop table if exists "postgres"."public_pipedrive_analytics"."stg_deal_changes_detail__dbt_backup" cascade
[0m09:18:25.017491 [debug] [Thread-1  ]: SQL status: DROP TABLE in 0.000 seconds
[0m09:18:25.019396 [debug] [Thread-1  ]: On model.enpal_assessment_project.stg_deal_changes_detail: Close
[0m09:18:25.021022 [debug] [Thread-1  ]: Sending event: {'category': 'dbt', 'action': 'run_model', 'label': '89b1064e-c44a-4cab-88ea-b5a274e0eaf0', 'context': [<snowplow_tracker.self_describing_json.SelfDescribingJson object at 0x10eb75e80>]}
[0m09:18:25.021533 [info ] [Thread-1  ]: 1 of 1 OK created sql table model public_pipedrive_analytics.stg_deal_changes_detail  [[32mSELECT 15406[0m in 0.18s]
[0m09:18:25.021949 [debug] [Thread-1  ]: Finished running node model.enpal_assessment_project.stg_deal_changes_detail
[0m09:18:25.022664 [debug] [MainThread]: Using postgres connection "master"
[0m09:18:25.022888 [debug] [MainThread]: On master: BEGIN
[0m09:18:25.023080 [debug] [MainThread]: Opening a new connection, currently in state closed
[0m09:18:25.031313 [debug] [MainThread]: SQL status: BEGIN in 0.008 seconds
[0m09:18:25.031606 [debug] [MainThread]: On master: COMMIT
[0m09:18:25.031834 [debug] [MainThread]: Using postgres connection "master"
[0m09:18:25.032041 [debug] [MainThread]: On master: COMMIT
[0m09:18:25.032511 [debug] [MainThread]: SQL status: COMMIT in 0.000 seconds
[0m09:18:25.032775 [debug] [MainThread]: On master: Close
[0m09:18:25.033123 [debug] [MainThread]: Connection 'master' was properly closed.
[0m09:18:25.033361 [debug] [MainThread]: Connection 'model.enpal_assessment_project.stg_deal_changes_detail' was properly closed.
[0m09:18:25.033595 [info ] [MainThread]: 
[0m09:18:25.033867 [info ] [MainThread]: Finished running 1 table model in 0 hours 0 minutes and 0.35 seconds (0.35s).
[0m09:18:25.034414 [debug] [MainThread]: Command end result
[0m09:18:25.055030 [debug] [MainThread]: Wrote artifact WritableManifest to /Users/rajukaju/Projects/dbt_enpal_assessment/target/manifest.json
[0m09:18:25.056185 [debug] [MainThread]: Wrote artifact SemanticManifest to /Users/rajukaju/Projects/dbt_enpal_assessment/target/semantic_manifest.json
[0m09:18:25.061317 [debug] [MainThread]: Wrote artifact RunExecutionResult to /Users/rajukaju/Projects/dbt_enpal_assessment/target/run_results.json
[0m09:18:25.061535 [info ] [MainThread]: 
[0m09:18:25.061774 [info ] [MainThread]: [32mCompleted successfully[0m
[0m09:18:25.061950 [info ] [MainThread]: 
[0m09:18:25.062145 [info ] [MainThread]: Done. PASS=1 WARN=0 ERROR=0 SKIP=0 NO-OP=0 TOTAL=1
[0m09:18:25.064517 [debug] [MainThread]: Resource report: {"command_name": "run", "command_success": true, "command_wall_clock_time": 0.85254806, "process_in_blocks": "0", "process_kernel_time": 0.228067, "process_mem_max_rss": "126730240", "process_out_blocks": "0", "process_user_time": 1.306647}
[0m09:18:25.064768 [debug] [MainThread]: Command `dbt run` succeeded at 09:18:25.064716 after 0.85 seconds
[0m09:18:25.064994 [debug] [MainThread]: Sending event: {'category': 'dbt', 'action': 'invocation', 'label': 'end', 'context': [<snowplow_tracker.self_describing_json.SelfDescribingJson object at 0x10c6811f0>, <snowplow_tracker.self_describing_json.SelfDescribingJson object at 0x10e7bb790>, <snowplow_tracker.self_describing_json.SelfDescribingJson object at 0x10e69dd00>]}
[0m09:18:25.065219 [debug] [MainThread]: Flushing usage events
[0m09:18:26.288166 [debug] [MainThread]: An error was encountered while trying to flush usage events
